MANDT,KUNNR,LAND1,NAME1,ORT01,PSTLZ,REGIO,STRAS,TELF1
311,1,US,"Rodriguez, Figueroa and Sanchez",Lake Curtis,97581,MH,600 Jeffery Parkways,+1-808-738-6379x402
311,2,US,Moore-Bernard,Curtisfurt,13177,MI,407 Teresa Lane Apt. 849,(993)710-3413x164
311,3,US,Wood and Sons,Jacquelineland,80341,SC,327 Nelson Route,001-783-550-3056x413
311,4,US,"Porter, Wilkerson and Day",West Donald,98148,OH,969 Cox Dam Suite 101,(626)291-6697
311,5,US,"Le, Maldonado and Herrera",Kaylamouth,15122,LA,70482 Monica Hills Apt. 252,+1-680-595-7015
311,6,US,Allen PLC,North Jessicaland,70323,WI,78248 Brandt Plains,001-534-565-7871x33150
311,7,US,Jones Ltd,East Carloston,43810,CA,7382 Sanchez Mountains,(331)516-5667x01065
311,8,US,Lee Group,South Isaiah,61138,IA,8108 Tanya Terrace,826.277.3602
311,9,US,Baker-Bowers,Mitchellside,87253,VT,34309 Julie Centers Apt. 978,220.381.2191x36193
311,10,US,Sandoval-Cunningham,Sarahborough,88283,VT,46247 Hickman Cliffs Apt. 799,518-738-4251
311,11,US,Moore-Bass,Cherylhaven,01526,TN,124 Pamela Summit Apt. 449,853.648.7401
311,12,US,Smith and Sons,Evanmouth,72810,VT,011 Amy Village Suite 982,(420)545-0533x15869
311,13,US,Cherry and Sons,Johnsonmouth,54465,AS,2160 Walker Viaduct,754.833.0365x414
311,14,US,"Zavala, Herrera and Crosby",West Gregoryview,05515,CT,5698 Paul Ports Apt. 406,7883356159
311,15,US,"Mccullough, Hunter and Estrada",Richardport,73168,DC,6299 Sullivan Village,9449369957
311,16,US,"Lewis, Kennedy and Santana",Lake Christopher,68062,TN,34332 Brandon Mountains Apt. 769,567.463.2016
311,17,US,"Holmes, Williams and Wright",South Dennismouth,88001,NC,9868 Merritt Summit Suite 743,+1-348-473-4714x3455
311,18,US,Hall Ltd,Lake Jason,54878,MT,760 Marissa Loaf Apt. 967,9545668893
311,19,US,Graham-Johnson,Elizabethfurt,95420,GA,98069 Christopher Meadow Apt. 720,965-237-5564x641
311,20,US,"Ryan, Cooke and Bell",Port Susanton,99359,AK,09232 Caldwell Port,674.352.9912
311,21,US,"Johnson, Collins and Byrd",Sandersborough,10462,OR,49190 Patel Shore,(818)450-6716x572
311,22,US,"Boyd, Santos and Gilbert",Marshallshire,35680,MD,47379 Rogers Park,327-535-4549x48083
311,23,US,"Russell, Peters and Allen",Brewerfort,59244,WY,43634 Kennedy Pines,(768)355-7444x313
311,24,US,"Herrera, Gill and Lopez",Lake Todd,95473,OR,34352 Smith Place Apt. 400,+1-942-971-0947
311,25,US,Lopez-Williams,Wilsonland,53022,NM,022 Miller Gateway,986-999-9386
311,26,US,Dalton-Branch,Ashleyton,80406,WA,34123 Andrea Estate,6679974034
311,27,US,Mcdaniel LLC,South Danny,29967,SD,2102 Larson Views,001-947-917-4648
311,28,US,George Group,Cassandratown,12471,IN,490 Thomas Run,342.496.7175x655
311,29,US,Jenkins-Simpson,Cervantesside,05310,NH,4516 Diane Plains,460.638.5977x034
311,30,US,Gilmore-Washington,Lake Chelseabury,93533,GA,086 Jeffrey Ville Apt. 712,448.346.7737x8263
311,31,US,Barton-Dickerson,Sarahhaven,35519,GU,4997 Sean Orchard,(858)286-7533x963
311,32,US,Garner-Thornton,Hughesberg,65424,AZ,951 Garcia Motorway,8263217459
311,33,US,Phelps-Villarreal,Finleyfort,71413,AZ,43161 Scott Square,400-450-4556x2386
311,34,US,Miller Group,South Roberta,19259,IN,474 Rachel Mountain Suite 821,559.846.4743x671
311,35,US,"Howard, Phillips and Lyons",Port Dominiqueview,01562,OK,743 Robinson Field,+1-642-710-4709x521
311,36,US,"Perry, Gonzalez and Buchanan",Alyssaview,22068,KS,5171 Karen Fork Suite 851,(904)281-7549x6513
311,37,US,"Henson, Hoffman and Herman",Lake Bryan,61353,PW,612 Sophia Hollow Suite 113,+1-826-375-8692
311,38,US,Gilbert-Crosby,Antoniostad,28978,NV,51585 Raymond Field Apt. 713,+1-590-505-3293x1839
311,39,US,Schroeder-Kramer,West Micheleberg,17539,ND,10205 Brianna Brook Apt. 402,001-568-211-7758x9178
311,40,US,"Logan, Camacho and Boyd",Schneidertown,08473,NJ,1771 Marc Drive Apt. 249,+1-398-556-9847x8961
311,41,US,Hayes-Perez,Mariafurt,55025,VA,6545 Gloria Mountains,211-716-1528
311,42,US,"Martinez, Gomez and Ortega",Parrishton,38201,PA,1983 Diane Fork Apt. 585,249-636-8998
311,43,US,White Ltd,Sandrastad,01301,HI,612 Christopher Pines,366.275.2545
311,44,US,Moore PLC,Lake Christophermouth,87262,NE,764 Kari Crescent Suite 614,+1-497-684-0369x00343
311,45,US,Murphy-Smith,Thompsonfurt,70307,VT,851 Hensley Canyon,(707)415-9696x64160
311,46,US,"Stevens, Norris and Cox",Richardbury,57605,OR,164 Walker Tunnel Apt. 181,383.455.2312x43292
311,47,US,"Snyder, Webster and Wolf",Maldonadoshire,84779,SC,527 Taylor Roads Suite 490,(881)947-7005x411
311,48,US,"Spencer, Conner and Huang",Stoutshire,85938,ID,782 Shannon Valleys Suite 182,7376788925
311,49,US,Ortiz-Morgan,Port Crystalmouth,09140,MA,644 Mathew Prairie,+1-325-846-2914x86528
311,50,US,"Cox, Cox and White",West Stacey,64237,ID,21418 Ebony Wells,001-592-996-2229x27065
311,51,US,"Mitchell, Goodman and Cole",West Tammy,61975,MH,9774 Shaw Manor,(339)324-0758
311,52,US,Miller-Martin,Whiteheadberg,57841,CO,5060 Shaw Freeway,(415)930-5152x2047
311,53,US,Gilbert-Bullock,West Jasonberg,72433,VA,43410 Robert Underpass Suite 117,+1-580-889-3246x095
311,54,US,Beck Inc,Carloshaven,71814,NY,7065 Burgess Knolls,753-419-5205
311,55,US,"Marshall, Dominguez and Welch",North Jennifer,60489,AZ,03054 Hays Plains Suite 403,950-954-1566x7652
311,56,US,Glass-Stone,Lake Rogerchester,79465,GU,451 Mark Hill,279-362-7570x5964
311,57,US,"Walsh, Cox and Owen",North Douglas,80136,TX,21355 Herring Bypass Apt. 755,419.928.5654x310
311,58,US,"Hughes, Hoffman and Green",Janeborough,80700,LA,12172 Osborn Valleys Suite 518,+1-544-422-5831
311,59,US,Tyler Inc,Angelastad,61764,AS,114 Key Stravenue,486.469.1251x7785
311,60,US,Reynolds Inc,New Ericburgh,21730,MD,8414 Cynthia Plaza,724-298-1829x922
311,61,US,Miller Ltd,Debrashire,55103,RI,8447 Linda Spur,(447)710-2767x7359
311,62,US,"Flores, Travis and Reed",Andersonstad,68000,OH,3714 Wright Court,7465963259
311,63,US,Jimenez PLC,Jimenezport,65692,AK,8733 Williams Haven,297.848.0162x4565
311,64,US,Hudson and Sons,Angelaland,51140,NY,499 David Court Suite 558,(923)998-6800x025
311,65,US,Obrien PLC,West Sarah,42251,GA,495 Erickson Hills Suite 055,+1-916-494-0974x99309
311,66,US,"Fuller, Harvey and Randall",Port Erin,04639,OK,07562 Vaughn Loop,997.702.8385x78652
311,67,US,"Gomez, Ingram and Le",Chelseaborough,32812,KY,44375 Bailey Underpass Suite 419,+1-586-565-2404x15747
311,68,US,"Nelson, Hoffman and Nelson",New Joycebury,32280,AR,301 Rivera Mountains,620-782-6773
311,69,US,Brewer-Velez,Lake Audreyside,97322,VA,62067 Sharon Well,400-949-9154x7887
311,70,US,Lee-Rodriguez,Lake Stephen,34221,VT,54932 Wilcox Passage,616-712-2753x04637
311,71,US,Aguilar-Berry,Desireebury,08643,TN,4268 Vaughn Route,959-533-2727x9568
311,72,US,Becker PLC,New Seanstad,10738,PW,88398 Franklin Walk,971.239.7187x07286
311,73,US,"Ford, Roman and Cummings",Scotttown,98255,IL,65180 Valerie Mountains,8468226567
311,74,US,Vega Ltd,Lake Michelle,16050,HI,230 Tiffany Mountain Suite 863,275.524.3106
311,75,US,Jones PLC,South Carlaton,32578,WA,7383 Donald Highway,595.899.5342
311,76,US,Hill-Hawkins,Lake Erika,73357,NM,6856 Hernandez Lane,(887)833-4270
311,77,US,"Moreno, Price and Scott",Deborahmouth,49138,CO,46990 Jacob Trace,001-583-373-5403
311,78,US,"Key, Mendoza and Sanchez",South Rose,72863,MD,7854 Ward Parks Suite 175,655.860.9320
311,79,US,Hernandez-Rivera,Hudsonbury,65945,OH,7772 Jackson Stravenue Suite 280,701.200.6231x20387
311,80,US,"Little, Peck and Durham",Smithside,72806,MT,84840 Drake Fall,718-623-3984
311,81,US,Miller-Chung,Cunninghambury,39819,TX,016 Bennett Mountains,2025176591
311,82,US,Valenzuela Ltd,Nelsonland,90210,KY,50392 Hickman Hills,(393)796-8562
311,83,US,Davis and Sons,West Cassiefurt,43279,AK,7358 Reynolds Springs Suite 194,711.342.6265
311,84,US,Smith LLC,Wardview,13900,DC,67888 Garcia Corners,(581)499-5604x661
311,85,US,"James, Taylor and Turner",Thomasburgh,57474,KY,7154 Jennifer Park Apt. 712,706-559-6575x6924
311,86,US,Edwards-Oconnell,Kellyfort,75982,WY,6465 Sarah Flats,001-382-880-7374
311,87,US,"Porter, Schultz and Allen",Lake Rodney,49913,CA,796 Stephens Turnpike Suite 891,835-329-0965
311,88,US,Garcia and Sons,South Neil,61195,WI,0714 Knapp Corner,725-945-7387
311,89,US,Kim Ltd,Floresport,06357,AS,51238 Andrea Isle,+1-267-536-2266
311,90,US,Vargas-Price,East Joshua,92744,AS,182 Nguyen Mount,347-785-9696
311,91,US,Bruce-Williamson,Samanthashire,11609,TX,1341 Nathaniel Divide,966.692.9662x78282
311,92,US,Lopez Group,Port Michaeltown,64019,DC,8876 Perry Ville,672.419.0340x438
311,93,US,Cunningham-Barton,Dunnville,75567,DE,580 Payne Manors Apt. 340,445.417.1339x596
311,94,US,Li Inc,Amandaside,22570,MD,9481 Sydney Turnpike Suite 042,001-823-925-3672x946
311,95,US,Schultz Inc,Robertsonview,91557,FM,7590 Jessica Mount Suite 186,463.974.5458
311,96,US,Shannon-Farmer,North Conniemouth,02635,DE,7063 Nicole Hollow,(841)654-1520
311,97,US,"Lyons, Young and Rios",North Jasonland,17894,OR,700 Montoya Wall,(427)413-6111x55426
311,98,US,Moreno Inc,South Michael,28426,SC,9731 Donald Crossing,001-565-665-2341
311,99,US,"Johnson, Boone and Liu",New Catherine,25227,WA,0376 John Route Apt. 805,626-596-5827x10910
311,100,US,Livingston Group,Courtneyhaven,54952,NE,88924 Kyle Pass Apt. 285,(291)646-3031x6179
311,101,US,"Harmon, Yang and Wilson",Lake Alexander,65566,MI,52410 Roman Groves Apt. 491,378.550.7925x2419
311,102,US,"Hicks, Williams and Roy",North Thomas,50698,PW,08635 Robert Stravenue,941-695-1802x38061
311,103,US,Murphy-Tran,West Jamesshire,40335,WA,5973 Edward Lodge,3385505064
311,104,US,"Bird, Barnes and Woodward",Lake Joshua,06255,PW,657 Beverly Parkways,(661)699-0623
311,105,US,Howe-Long,Louisview,31120,CA,91212 Owens Lodge,385-437-4741
311,106,US,"Torres, Bush and Morrison",Port Melissa,19942,CO,6804 Wilkins Extensions,4673883171
311,107,US,Brown and Sons,East Madison,49291,TX,941 Wendy Flat,+1-972-215-1070x2966
311,108,US,Vega-Thompson,East Joshua,58960,FM,99934 Jenkins Plaza,701.946.2638x3806
311,109,US,"Harrington, Cooper and Cunningham",Paulburgh,03917,MD,40785 Terri Courts,434.480.3965
311,110,US,Watkins Ltd,Robintown,92703,UT,929 Mary Valleys Suite 842,501.403.9308x7059
311,111,US,Love-Sellers,Brianberg,77389,VT,85156 Matthew Islands,(526)475-2895
311,112,US,Parker-Barker,East Jessica,92514,OK,029 Mccall Ridge Apt. 917,(951)235-5215
311,113,US,Clark-Steele,Jonathanville,94927,AL,7626 Macias Keys,+1-261-679-3271
311,114,US,Flores Inc,West Georgefurt,21591,VA,159 Bush Meadows,+1-629-662-0153x3688
311,115,US,Young-Williams,Hernandezstad,01001,NE,9731 Jamie Route,717-814-6774x1862
311,116,US,Lopez-Williams,Marshallbury,35701,OK,11586 Angela Ville,(486)387-9374x1608
311,117,US,Thompson-Joyce,Port James,06094,NE,632 Flores Stream,916-286-8548
311,118,US,"Dean, Mills and Barnes",Hernandezshire,77562,OR,91485 Baker Shoal,899.770.2462x9960
311,119,US,"Young, Reese and Mccall",Andrewport,41257,KY,132 Mccann Mills Suite 469,+1-613-873-6785x0821
311,120,US,Deleon PLC,East Jamesborough,08054,IA,0534 Colon Parkways,(710)435-7972x7985
311,121,US,Curry-Barker,Anthonyton,21853,PR,33468 Michelle Trafficway,+1-707-922-9034x94466
311,122,US,Robinson-Turner,Silvatown,67546,TN,994 Cohen Orchard Apt. 545,244-932-8309x652
311,123,US,Green-Barnes,Doyleshire,93309,OK,3875 Bruce Ville,+1-582-641-7248x25135
311,124,US,French-Rivera,Brendamouth,15938,NJ,999 Thomas Fields,416.784.6022x35697
311,125,US,"White, Miller and Cook",West Cynthia,01118,NV,29271 Christina Roads Suite 667,(500)783-5058x3003
311,126,US,Anderson-Reyes,Garyton,39586,LA,898 Hamilton Spur Apt. 575,001-732-260-3323x09821
311,127,US,Mcdowell-Scott,New Virginiaville,86165,MP,16761 Wells Drives,404.861.8499
311,128,US,Hunt PLC,West Danielville,65740,ID,8356 Martin Plaza,337.353.0011x9721
311,129,US,Newman-Bryant,Josephton,13583,GU,45561 Melissa Cape,7227557941
311,130,US,Wilson Group,Nelsonfurt,90927,PR,2120 Dale Ramp Suite 972,+1-365-690-2771x670
311,131,US,"Edwards, Bush and Gregory",Lake Morgan,68540,NC,3756 Mary Point,+1-700-628-7721x753
311,132,US,Hunter PLC,Powellbury,10833,NH,717 Stewart Parks Apt. 166,5889019948
311,133,US,Cox-Brown,Port Shawn,73921,WI,571 Katherine Forges Apt. 554,+1-385-610-2726
311,134,US,"Gonzalez, Martinez and Phelps",South Makayla,25480,VT,60917 Barrett Parkways Apt. 708,001-708-869-7829x2216
311,135,US,Petty-Moon,West Raymond,45440,LA,26984 Joseph Plaza Apt. 339,001-845-622-8851x587
311,136,US,Stokes-Mills,South Dustinton,26702,KY,4204 Karen Bypass,(871)898-3863x840
311,137,US,Frye-Daugherty,Tammyton,02200,WA,97359 Kimberly Fields Suite 721,(628)416-0648
311,138,US,Silva LLC,West Stevenberg,05736,FL,094 Tyler Plaza Suite 158,828.318.2688
311,139,US,Walker-Lewis,Markport,29133,WV,015 Allen Row Apt. 056,964-984-0858
311,140,US,Phillips Ltd,West Willie,13078,GA,133 Houston Ford,+1-361-220-7501
311,141,US,Bauer PLC,New Lorraineview,53930,MS,665 Perry Crest Apt. 919,6159814491
311,142,US,Foster-Guerrero,Moorebury,18376,WA,424 Bernard Branch Apt. 100,001-596-888-1435
311,143,US,"York, Thomas and White",Jamesburgh,88447,AS,781 Powers Glen,639-375-5231
311,144,US,Stewart Group,Christinaport,91393,OR,955 Jackson Island,936.745.2577
311,145,US,Tucker-Rodriguez,Port Juanberg,71098,ID,110 Lisa Prairie Suite 930,+1-648-487-2563
311,146,US,Mason-Davis,Waynebury,80983,TX,272 Ashley Port,+1-727-850-3731x45303
311,147,US,Hardin-Keith,Lake Mariohaven,83543,MP,498 Nicholas Lane Suite 918,463-986-5577x908
311,148,US,Hall PLC,Jasonburgh,21126,MN,365 Timothy Neck,239.426.0302x9922
311,149,US,Jackson and Sons,Greeneshire,84075,AK,37977 Jeffrey Loop Apt. 929,+1-284-525-7991x36621
311,150,US,"Heath, Gordon and Barnes",New Cole,62874,MH,811 Hopkins Rapids,+1-506-986-5086
311,151,US,Bell-Ballard,South Dennisfort,30976,PW,9864 Adam Summit,8987180635
311,152,US,Moore Ltd,Joseside,56018,OK,463 Arnold Point Suite 258,+1-574-949-5621
311,153,US,"Avery, Garcia and Romero",Laurenton,21569,MS,27961 Jose Land,290-466-9849
311,154,US,"Snyder, Smith and Jefferson",Jameshaven,68109,UT,205 Diana Estate,246-356-6938
311,155,US,Dunn Ltd,Michaelview,30162,PA,6904 Richard Coves,+1-618-945-1848
311,156,US,Hart-Carrillo,Susanmouth,89838,NH,1416 Erica Forks,465-988-0434x16518
311,157,US,Gomez-Shannon,Ianborough,65905,WA,34333 Mary Knolls,(911)717-9080
311,158,US,"Stewart, Villanueva and Ibarra",Travishaven,37236,MO,208 Mendoza Plains,7852627187
311,159,US,Craig Group,West Michaelview,25031,OH,47955 Victor Fords Suite 556,872-592-9314x386
311,160,US,Marsh Ltd,South Linda,23649,MT,88574 Hart Port Apt. 612,7346717545
311,161,US,Smith-Martinez,New Barbara,85583,ND,5587 Preston Light,+1-447-722-5699x611
311,162,US,Edwards Ltd,Jenniferfurt,36054,FM,9876 Ivan Brooks Apt. 341,226.811.1780
311,163,US,"Hubbard, Miller and Baker",North Diana,51598,ME,47228 Anthony Shore,(957)878-4872x829
311,164,US,"Bowman, Ferguson and Stout",Fernandezland,58416,ME,4240 Alexandra Trace Apt. 547,+1-507-274-0649
311,165,US,"Brooks, Jenkins and Castro",Wrightfurt,50093,IN,63894 Wong Place Suite 631,(924)517-9749
311,166,US,Smith-Williams,East Teresaport,35784,DC,031 Alexis Forge Suite 647,(470)551-2046x187
311,167,US,Roth-Clayton,Port Jenniferfurt,58560,IA,71837 Maldonado Inlet,520-888-1474x35031
311,168,US,Smith-Bauer,South Kristinatown,06005,OR,925 John Parks Apt. 950,7529812735
311,169,US,"Lee, Norris and Howard",West Rachel,64110,VT,487 Ashley Plains Suite 574,+1-282-818-2744x857
311,170,US,"Lopez, Smith and Vincent",West Jennifer,86784,ND,87829 Morris Row Suite 118,+1-910-622-0317x31096
311,171,US,Diaz PLC,North Sarahborough,86451,NM,0586 Bauer Centers,+1-848-501-4138x113
311,172,US,Fox and Sons,New Kara,54920,WA,957 Andrade Expressway,(786)785-2897
311,173,US,"Frey, Nguyen and Watson",Mckenziemouth,80246,IA,8457 Moyer Alley,001-204-690-8240x4335
311,174,US,"Dixon, Duncan and Duncan",North Stevenberg,18642,KS,334 Davis Locks Apt. 157,(379)219-4096
311,175,US,Bailey-Montoya,Conradville,30217,WA,604 Luis Port,(358)532-0679
311,176,US,Roberts-Foster,West Christopher,75400,WA,641 Shaw Trail,001-522-578-3769x389
311,177,US,Adams Group,Gailshire,12244,DE,5535 Wheeler Burg Suite 259,592.470.3352x110
311,178,US,Smith-Benson,West Shannontown,44000,IL,88487 Heather Skyway,5696804204
311,179,US,Marshall Inc,South Donnastad,14642,AK,636 Rebecca Oval Apt. 238,780.703.8457x620
311,180,US,Garrett-Young,Lisaview,51248,FM,432 Prince Shoals,(416)889-3639
311,181,US,Browning-Murphy,East Denise,76657,ND,48262 Lonnie Point,+1-612-952-0566
311,182,US,"Peck, Shannon and Mahoney",Edwinborough,14495,DC,99499 Caitlyn Fort,+1-405-417-2897x52677
311,183,US,Perez Group,West Stephaniebury,97804,TN,12797 Delacruz Gateway,(360)996-5699x98808
311,184,US,Wilcox-Williams,New Amanda,96861,AZ,034 Sanders Hollow Suite 726,490-882-7718x1298
311,185,US,Morris-Johnson,Garzaborough,60097,CO,2111 Walters Corner Suite 892,(686)602-5922x2206
311,186,US,"Mack, Griffin and Sims",East Susantown,82101,WV,77780 Young Radial Suite 767,599-203-8498
311,187,US,Hernandez Ltd,Benjaminton,87925,OK,1016 Evan Haven Apt. 795,3146556168
311,188,US,Taylor-Neal,Markchester,69267,IL,019 Timothy Spurs,+1-946-995-4899x529
311,189,US,Morton-Stephenson,Lake Kelly,25870,AL,71396 Williams Keys,+1-730-234-4144
311,190,US,Jennings LLC,Ramseytown,23521,ID,7702 Moore Mount Suite 760,249.758.8039x55124
311,191,US,Sims-Kirby,Lopezville,99006,ME,046 Tyler Freeway Suite 743,542.715.0317x80782
311,192,US,Oconnor-Mills,Douglasville,68153,TX,07681 Larry Cape,+1-591-557-0184x09435
311,193,US,Hill-Flores,Lambertview,20072,GA,09881 Amy Plaza Suite 424,001-232-414-9587
311,194,US,Ruiz Ltd,North Patrickland,56398,MO,997 Edwards Viaduct,981.679.2171
311,195,US,"Newman, Miranda and Ruiz",East Michelle,81364,KS,2557 Johnson Mountains Apt. 577,(345)799-2816
311,196,US,"Banks, Sparks and Patel",Garzabury,81880,IA,6153 Mueller Mews,001-958-732-1971
311,197,US,"Davis, Wallace and Parker",Jonesville,90351,GU,7013 Paige Throughway Apt. 227,+1-646-699-7335
311,198,US,Robbins-Herman,New Alanhaven,53479,PR,0580 Jacqueline View,(814)503-6965x666
311,199,US,"Thompson, Taylor and Peters",Maryberg,38311,VI,01027 Proctor Dale,826-979-6927
311,200,US,Kelly-Lopez,New Tyronebury,93841,NY,8950 Ashley Squares Suite 197,001-912-384-7818x913
311,201,US,"Schultz, Yates and Edwards",West Amandatown,61956,NH,565 Roberts Camp Suite 940,+1-379-629-0490x4712
311,202,US,Anderson-Campbell,Alexisville,79645,HI,752 Patton Freeway,928.405.1292x7663
311,203,US,Lane LLC,Lake Josephville,07385,GA,7478 Noah Squares Suite 742,660.747.6580x18569
311,204,US,Adams-Garcia,Murraybury,96748,TX,525 Emily Village,606-618-1753
311,205,US,Johnson PLC,North Sheenaborough,79063,SC,119 Nicholas Track,+1-692-412-4471x7465
311,206,US,Ramirez Inc,Priceton,34348,GU,71739 White Overpass Apt. 286,691.974.1011
311,207,US,Mosley and Sons,North Elizabethview,20372,UT,9087 Graham Vista Apt. 830,(771)398-5546x0158
311,208,US,Hodges-Roberts,East Angela,50854,TN,6157 Nicole Mill,001-932-903-0937x6184
311,209,US,Johnson Inc,Kristinton,53651,DE,878 Joyce Fort,402-270-7903
311,210,US,Chen LLC,South Cherylshire,08884,GU,79931 Ronald Valleys,001-365-319-8253x0925
311,211,US,Thomas-Perry,Angelamouth,32435,OR,19620 Miller Avenue,(619)946-7232
311,212,US,Allen-Thompson,New Hectorfort,80723,CO,6083 David Pines Apt. 958,237.734.0312x77220
311,213,US,Clark-King,Williamston,70933,HI,78113 Watkins Islands,(935)931-5313x63631
311,214,US,Zamora and Sons,New Spencer,51269,MN,3543 Martinez Square,001-704-521-7762
311,215,US,Munoz-Clarke,New Tara,30608,CO,739 Hood Harbors Apt. 633,869-839-2906x00780
311,216,US,Pacheco-Horton,South Tylerland,73703,WV,632 Phillips Rue,907-942-7990
311,217,US,Sawyer Group,Port Monica,82658,NH,165 Kenneth Terrace,398-893-1950x850
311,218,US,Marshall-Williams,Gregoryside,92890,CA,53817 Karen Trace,755.748.6401
311,219,US,Tucker-Rose,South Jenniferside,38808,NV,137 Christopher Fall Suite 112,912-772-3804x682
311,220,US,Wallace-Newman,Jaimetown,30952,MP,9557 Ellis Port Apt. 424,475.440.2547
311,221,US,"Nichols, White and Thompson",East John,05894,MD,4523 Elizabeth Key,(857)982-8410
311,222,US,Gould LLC,North Tara,72085,NY,474 Lauren Stream Suite 517,9287140693
311,223,US,Nguyen PLC,New Alicia,36929,ID,87186 Tracy Rapids,+1-780-756-2656x504
311,224,US,Madden-Sawyer,East Jessicamouth,97694,MT,2662 Douglas Hollow Suite 851,001-961-406-4628
311,225,US,Lopez Group,Angelaton,40083,MP,8730 Eric Hills Suite 146,(773)901-4719
311,226,US,"Graham, Scott and Jennings",West Williamshire,02800,PR,90257 Michael Center Suite 565,4447818321
311,227,US,Serrano-Cohen,Josephstad,13062,ND,02845 Jenkins Estates Apt. 328,938.398.8816
311,228,US,Fuentes Inc,Baileystad,18721,GU,852 Johnson Via Apt. 322,001-834-223-2161x107
311,229,US,Rodriguez Ltd,South Davidview,06173,CA,011 Briana Flats Apt. 501,(349)355-2893
311,230,US,"Hines, Rice and Baldwin",Georgeside,01068,VA,87592 Nunez Coves,(756)363-8361
311,231,US,Rodriguez-Taylor,Janetside,95152,AZ,7164 Burke Inlet,+1-373-886-4631x75207
311,232,US,Mills-Rhodes,East Ralphshire,13833,WA,53539 Martinez Villages,(474)999-4657x96784
311,233,US,Martinez Group,Hallberg,04396,CT,70269 Hernandez Road,+1-711-287-7347x784
311,234,US,Ewing Inc,Colefurt,58507,NH,28427 Taylor Stravenue,(271)897-8897x7828
311,235,US,Simpson-Arellano,Katieport,42507,AR,025 Pacheco Prairie,2565165565
311,236,US,Young LLC,Lake Cameronport,15504,MA,85076 Adams Square,790.956.9659x1713
311,237,US,"Cain, Contreras and Jackson",Michaelchester,26945,NM,344 Kenneth Ports,(839)519-1954x1987
311,238,US,Flynn-Pearson,Williamport,57243,TN,66498 Powers Plaza Apt. 082,001-273-574-8969
311,239,US,Ford-Allen,Meganchester,42267,VI,364 Lucas Glens,+1-893-863-1230x34778
311,240,US,"Bullock, Harris and Nelson",West Kristineview,86834,OH,070 Michele Corner,694-916-5162x31981
311,241,US,Young Inc,Markshire,97132,MS,3212 Tara Mill,(449)707-8515x86734
311,242,US,Baldwin-Underwood,Lake Tammyton,97422,TN,348 Parker Squares,(618)537-6064x413
311,243,US,Moon Ltd,Natashachester,04941,KY,7656 Madison Square,981-456-9857x002
311,244,US,Morales Ltd,Leeland,15027,GA,296 Hayes Well,001-824-529-5431x6526
311,245,US,Vaughan PLC,North Terri,26488,KS,69694 Christopher Land,(591)508-6771
311,246,US,Shah LLC,Juliefurt,17566,NE,343 White Turnpike,(904)343-9735
311,247,US,Harrison LLC,Mcdanielfurt,93359,NE,18005 Thomas Knoll Apt. 048,+1-964-765-2809x242
311,248,US,Anderson-Stewart,Thomasville,41561,AZ,4564 Austin Trace,485-262-5728x703
311,249,US,White Group,Frankmouth,57704,DE,75877 Rodriguez Stravenue Apt. 151,242.428.4993
311,250,US,Knapp-Sanchez,Rhodesmouth,03903,LA,5915 Anthony Mount,001-477-549-0509x759
311,251,US,Solis LLC,Laurenland,72217,PA,64236 Andrew Fords Apt. 664,+1-521-947-6492x5158
311,252,US,Mcclure-Alvarez,Davischester,48766,RI,6108 Mcpherson Springs,327.988.1476
311,253,US,Hernandez-Anderson,Mckenziehaven,56564,LA,108 William Loop,279-345-4918
311,254,US,"Stanley, White and White",Williamschester,92825,ME,779 Peterson Well Apt. 321,001-994-816-8006x1027
311,255,US,"Church, Guzman and Tucker",Hannahfurt,40170,CO,03103 Jason Run,(936)883-1472
311,256,US,Wilson and Sons,Maynardfort,03073,VI,334 Williams Branch Apt. 667,001-599-284-0767x8997
311,257,US,"Smith, Ray and Tran",Patriciachester,62542,DE,576 Evan Stream Apt. 757,883.895.9724
311,258,US,"Delgado, Ward and Kennedy",New Jared,91032,WA,722 Eric Overpass,767-643-3800
311,259,US,Rhodes-Thompson,Port Brycechester,15439,RI,83745 Hammond Trail,+1-342-389-1077
311,260,US,"Lynch, Garrison and Garcia",New Danielville,27421,PW,47871 Deborah Isle Apt. 137,(403)875-4821x45653
311,261,US,Taylor Group,Hardinmouth,68154,WY,72081 Matthew Locks Apt. 606,001-602-490-8466x84550
311,262,US,"Powell, Schneider and Clay",Terryfurt,26360,FM,08562 Lewis Pass Suite 852,3082943468
311,263,US,Green-Romero,North Katherineville,59317,ME,5399 Michael Haven,+1-492-868-3158x93571
311,264,US,Miller-Brown,South Jason,10734,MN,886 Silva Roads Suite 776,(328)527-7288
311,265,US,Kennedy-Francis,Sandraville,79353,PR,15940 David Inlet Suite 447,4229960443
311,266,US,Martinez LLC,Port Bradleyfort,75613,ME,6792 William Mount Suite 725,299-966-3658
311,267,US,"Ramirez, Davis and Martin",New Crystalport,74038,SD,813 Susan Pike,578.501.8204
311,268,US,"Combs, Riley and Miller",Richardton,64919,VI,6260 Reyes Course,418-624-2241
311,269,US,Gregory-Brown,Howardton,39563,MS,2654 David Crest,8333993788
311,270,US,Brown-Marshall,Jonestown,53912,SC,48913 Kevin Lodge,918.232.5823x868
311,271,US,Hess PLC,Deniseburgh,00572,AR,9465 Brenda Pass Suite 028,001-814-516-1284
311,272,US,"Wagner, Pham and Henson",Cynthiamouth,36285,IA,3795 Robin Dale Apt. 970,2269876811
311,273,US,"Martinez, Stanton and Bennett",Paultown,16854,NH,70304 Lee Via Suite 337,(904)479-3036x149
311,274,US,"Lee, Rodgers and Chambers",North Brianna,98277,CA,9384 Melanie Brooks,001-689-348-7060x566
311,275,US,"Holmes, Simpson and Holmes",Lake Jeffreyview,55559,ND,0635 Nicole Valley Apt. 361,832.254.1107
311,276,US,"Robles, Mcconnell and Pittman",North Thomas,45170,MP,8319 Duran Road,291.610.0651x207
311,277,US,"Sims, Jones and Byrd",West Melissafurt,13061,RI,99076 Pope River Apt. 507,659.731.1091x93928
311,278,US,Olson-Oliver,East Devin,06277,AR,9685 Silva Plains,001-522-274-9545x08920
311,279,US,Cooper-Bray,Port Casey,25320,TN,795 Jensen Manor Suite 217,5739033793
311,280,US,"Tate, Briggs and Aguirre",Harrisburgh,01382,MN,50812 Alexander Roads,001-650-403-3423
311,281,US,Abbott-Sanchez,North Gregory,34814,PW,26153 Bryant Land,(828)796-1122x338
311,282,US,Greene-Rowland,North Kathryn,77482,ID,53042 Clark Common Suite 912,668.857.8725x58777
311,283,US,"Morse, Silva and Johnson",East Shannon,31222,MO,6692 Scott Corner,(914)778-5390
311,284,US,Hayes-Reynolds,Lindamouth,36286,MS,73415 Kelly Parkway,781.643.1115x08353
311,285,US,Mcgee-Mack,Jamesberg,99117,VT,44566 Thomas Passage Apt. 633,001-837-838-9877x5153
311,286,US,Gonzales PLC,West Donberg,40552,WA,5536 Jennings Lodge,001-884-859-0902x25999
311,287,US,Fry Inc,Lopezville,43602,OK,412 Emily Fall Apt. 970,(331)964-3348
311,288,US,Wood Inc,West Michele,54353,MO,28671 Friedman Way,623.546.7299
311,289,US,"Moran, Stevens and Harris",South Caleb,52829,PA,597 Ford Canyon,001-814-975-4692x6329
311,290,US,Bartlett-White,South Hollyton,31918,FM,8413 Jenkins Track,+1-415-611-8567
311,291,US,Hunter Group,North Daniellemouth,50459,MA,60041 Mark Summit Suite 771,283-372-7422
311,292,US,Phillips PLC,Jacksontown,89286,KY,5230 Scott Causeway,+1-781-564-7090x0633
311,293,US,Davis Group,North Matthewborough,89624,TN,12206 Lisa Islands,+1-539-338-6613
311,294,US,Morris-Smith,Alexanderborough,60633,IN,495 Carlos Forge,(749)471-8924x19562
311,295,US,"Gill, Watts and Spence",Jonestown,80262,PW,8389 Jesse Ridges Apt. 436,001-539-910-2574x32630
311,296,US,"Wiley, Taylor and Stewart",New Latoyachester,85441,GU,35533 Rebecca Shores Apt. 396,452.570.1713x02321
311,297,US,Romero Group,Collinsborough,32603,NE,344 Faulkner Flats,871-456-6277x689
311,298,US,Smith-James,Port Rebeccaport,78512,ND,246 Torres Haven,(789)971-5273x2300
311,299,US,Frost-Bentley,Patrickport,84524,OR,0169 James Mews,758-275-0663x370
311,300,US,"Wade, Hernandez and Jacobs",West John,76305,TN,11669 April Field,(726)444-8869x46119
311,301,US,Goodman-Conrad,Haletown,22573,GU,11686 Quinn Extension Apt. 522,572.281.7932
311,302,US,"White, Malone and Green",Alexanderville,83919,GA,1614 Matthew Prairie,277.310.0409
311,303,US,Boyd Inc,Morrisonview,64192,NJ,655 Key Viaduct Apt. 566,+1-605-551-0762x091
311,304,US,Hayes-Parks,Robertsonborough,00911,SC,50573 Ross Ridge Apt. 567,+1-616-949-3289x80271
311,305,US,Mosley Inc,Batesbury,32398,IL,116 Ethan Islands,(343)747-1287x1539
311,306,US,Kent-Paul,Valdezside,57774,AS,41411 Matthew Ramp,619.252.5690
311,307,US,"Nichols, Boone and Whitney",Kelseyberg,68625,TN,60875 Lisa Hill,777.629.4209
311,308,US,"Mooney, Martinez and Shea",Welchborough,65384,LA,52330 Melissa Stream Suite 420,+1-665-667-5661
311,309,US,"Leblanc, Haynes and Kelley",East Marcusshire,07595,PR,2927 Carter Drive Apt. 330,(291)326-6201x572
311,310,US,"Santos, Watkins and Booker",Sanchezville,32070,MO,9261 Hancock Run Suite 475,9116117830
311,311,US,"Mcgee, Bauer and White",Cookechester,39608,OK,51826 Phillip Viaduct,+1-387-418-9813
311,312,US,"Neal, Smith and West",Davidberg,75878,IL,84011 Cox Plains,(960)434-0848
311,313,US,"Henry, Edwards and Bartlett",Catherinehaven,28005,UT,030 Donald Walks,829.383.9542
311,314,US,"Scott, James and Mckee",Bryantview,89174,NE,314 Jennifer Port,+1-389-326-2566x09314
311,315,US,"Kelley, Jones and Bowman",Reginaview,19680,VI,0163 Lynn Tunnel,628-649-7185
311,316,US,"Garcia, Williams and Stewart",Whiteside,72809,PA,9240 Diane Divide Suite 940,001-853-596-7275x7844
311,317,US,Reid-Miller,Richardmouth,12315,SC,31290 Julia Plaza,506.282.7788x1609
311,318,US,"Coleman, Ferguson and Reed",New Shaneburgh,88911,FM,15285 Roberto Light,(951)653-8144
311,319,US,Lewis-Rojas,Robinsonport,84776,NY,9705 Christina Isle,351-405-2650x1673
311,320,US,Martinez-Freeman,Port Diane,30135,NJ,4562 Rodriguez Mill Suite 225,001-260-453-1340x2665
311,321,US,"Gonzalez, Mendoza and Ortega",Davidfort,72606,NM,6862 Susan Turnpike,8222580305
311,322,US,Castillo-Campbell,Port Royberg,96085,NY,41436 Thomas Tunnel,489-823-9231
311,323,US,Hill and Sons,South Andres,26668,CO,6843 Matthew Neck,7868041454
311,324,US,Flores Inc,North Aaron,87064,WA,47491 Lopez Overpass Suite 541,708-525-5598
311,325,US,"Hill, Silva and Miller",East Crystalville,05880,OR,71189 Turner Mountains,001-338-820-2368x48557
311,326,US,Webb PLC,East Carolberg,38466,AZ,367 Gabriel Terrace,268.966.9432x02939
311,327,US,"Zimmerman, Warren and Turner",West Jeanette,72872,DE,08340 Sheri Harbors,(740)733-8105
311,328,US,Potts PLC,Jenniferchester,80649,LA,05342 Bonilla Plain Apt. 649,+1-437-935-4396
311,329,US,Blair Group,Eddiefort,12781,NM,2239 Harding Falls,+1-540-942-2693x1216
311,330,US,"Waller, Garcia and Rose",New Coryfurt,03216,DE,023 Joseph Road,+1-400-618-5132x797
311,331,US,Mendoza-Sanchez,Courtneyville,03280,GU,84186 Aaron Fork,3369625436
311,332,US,Ewing and Sons,West Michaelmouth,16013,MN,92268 Greene Springs,(424)794-5147x54102
311,333,US,Myers Ltd,Briggsville,76240,NE,15226 Flores Manors Suite 695,(536)868-7887
311,334,US,Carpenter Group,Lake Christopher,47910,AL,58721 Rhonda Lake,001-824-272-8633x30212
311,335,US,"Hanna, Watson and Miles",South Maryburgh,04457,FL,13109 Hernandez Falls Suite 284,465.270.4120x0928
311,336,US,Wall-Frazier,Spencerview,75482,NY,362 Dudley Pike Suite 236,+1-803-462-8917x756
311,337,US,Pratt Ltd,Leeville,14184,CA,503 Martin Coves Apt. 390,001-243-283-0341x99097
311,338,US,Davis-Parker,Karenfurt,66065,ID,5215 Mosley Parkway Apt. 820,001-367-390-4227
311,339,US,"Hall, Lewis and Maldonado",Port Jennifer,66249,NC,2545 Williams Station Suite 339,+1-312-997-1024x817
311,340,US,Jackson-Phillips,West Barbarastad,12196,CA,747 Hines Mills,+1-721-797-0546x6927
311,341,US,Miller-Gutierrez,Bakerton,81846,SD,380 Melissa Highway,(929)361-3671x5778
311,342,US,White Inc,Tateborough,53129,MA,5973 Wilson Motorway,8822723590
311,343,US,Clarke-Irwin,North Jason,03508,WV,4212 Joshua Common Suite 768,542.701.6542
311,344,US,Olson-Nichols,Lake Samuel,91320,OK,89319 Mario View Suite 027,(475)916-4807
311,345,US,"Montes, Davis and Robinson",South Heather,22272,PA,53390 Cervantes Brook Suite 481,001-477-966-5586x851
311,346,US,Brooks-Tran,New Ryan,37860,PR,491 Linda Cove Apt. 096,679-881-7890
311,347,US,Walker Group,Wilsonfort,16811,MI,6053 Adams Shoals Suite 463,7607002589
311,348,US,Haley Group,New Teresa,25753,RI,96262 Strong Path Apt. 631,001-328-219-6482x531
311,349,US,Smith-Carrillo,North Christine,71761,PW,602 Walters Tunnel,(323)434-3836x404
311,350,US,"Johnson, Mercer and Camacho",South Saraville,14535,FL,2117 Durham Fords Suite 170,(217)313-6657x22402
311,351,US,Chaney-Webb,East Aimeeview,16438,ID,088 Javier Lakes,630-952-3124
311,352,US,Ashley LLC,Stuartfort,57656,NY,42346 Brandy Trafficway Suite 237,(776)394-5919x66395
311,353,US,Jackson-Johnson,Brendaport,79653,GU,0125 Gibbs Knolls Apt. 135,(525)310-5053x795
311,354,US,Campbell-Lewis,North Ann,94383,PA,665 Gonzalez Causeway,570.246.1172x9596
311,355,US,Smith-Logan,South Justinfurt,05351,MH,0171 Cummings Harbor,756-318-5790x64771
311,356,US,Walker Inc,North Victoria,90625,VA,21358 Sarah Ways Apt. 401,4419459642
311,357,US,Martinez and Sons,Walshville,68889,NC,774 Barton Orchard,314.341.5833
311,358,US,Brown-Smith,South Lori,25131,NM,3988 Hodges Inlet,001-572-881-2356x798
311,359,US,Jones Group,Lake Kurt,76161,SD,71130 Lopez Burgs,887.754.1815x6326
311,360,US,Alexander LLC,North Deborahchester,25920,LA,2948 Stone Coves,+1-603-513-1009x43181
311,361,US,"Lyons, Sullivan and Long",Lake Madison,91161,KY,23549 Gross Court Apt. 897,001-843-725-1225x7207
311,362,US,Thompson LLC,East Erintown,78358,MI,073 Rodriguez Viaduct Apt. 943,682.721.1457x75847
311,363,US,Smith-Gomez,Patriciafort,15280,KY,63257 John Streets,001-465-631-3614x878
311,364,US,"Bailey, Rivera and Lawrence",Kyleton,76459,NC,167 Roberts Branch Suite 272,649.382.4741x40703
311,365,US,Freeman Inc,Belltown,07041,KS,4882 Jennifer Divide,001-836-391-4307x5366
311,366,US,Mora-Harper,New Ryan,42769,AS,342 Spencer Hollow,714-797-8266x1287
311,367,US,Gomez-Owens,Murrayside,03964,WI,29439 Martinez Plains Suite 062,(607)987-0104x1591
311,368,US,"Rivera, Brown and Yang",Lake Jamieberg,74169,WA,32440 Hanson Flats Apt. 102,+1-218-313-3170x876
311,369,US,Sullivan-Mcgrath,Port Melanie,34615,GU,916 Daisy Ferry Apt. 328,001-883-377-4419x7546
311,370,US,Butler-Coleman,West Stephenshire,51544,AL,97052 Khan Mount Suite 025,483.658.6812x25957
311,371,US,"Turner, Long and Hendricks",Bennettfort,79909,TN,884 Heidi Radial,001-559-396-1002
311,372,US,"Rodriguez, Villa and Alvarez",Port Lindsey,96530,WY,26610 Wilson Vista,001-517-559-0251x7629
311,373,US,Henry-Shelton,East Judy,57394,GU,90130 Patricia Lake,001-769-781-5287x33978
311,374,US,"Yoder, Castaneda and Solis",Pattersonfurt,09789,OK,84117 Brett Plains,603-844-6512x41893
311,375,US,"Brown, Terry and Rodriguez",Gilesview,86121,AK,6435 Donald Plaza,001-350-937-1990x5169
311,376,US,Nelson Inc,North Tylerbury,85741,MI,4300 Kim Valleys Apt. 896,+1-308-770-6626x68217
311,377,US,Lee-Kim,East Jesseshire,01818,IN,890 Morgan Gateway Apt. 102,924.305.5934x296
311,378,US,"Jones, Wright and Stephens",Thorntonstad,29374,NV,8438 Flores Plains Apt. 056,001-397-741-3283x483
311,379,US,"Velasquez, Thomas and Spence",Santosmouth,15474,AK,44964 Brian Walk Suite 706,(770)233-6268x0408
311,380,US,"Webster, Rogers and Clayton",Lisashire,28883,WV,9660 Angela Stravenue,+1-248-676-9984x26732
311,381,US,"Tapia, Miller and Wright",Matthewfurt,05561,RI,4490 Kurt Shore Suite 427,307.607.0578x360
311,382,US,"Arnold, Ashley and Alexander",Katieview,34519,VI,32290 Danny Camp Apt. 879,308-330-4405x80935
311,383,US,"Wallace, Dixon and Young",Ashleychester,09858,SD,2059 Rogers Lodge Suite 749,5257042901
311,384,US,"Baldwin, Harmon and Logan",Shelbyfurt,76874,AZ,1139 Ryan Crossing,509.778.8754x39435
311,385,US,Bryant Ltd,Lake Johnchester,47933,CO,815 Jacobs Mission Suite 392,+1-736-392-9445
311,386,US,Ortiz PLC,New Troy,26466,MH,0216 Cannon Station,712.406.0212x8866
311,387,US,Terry-Allen,Davidmouth,78027,PA,015 Lozano Roads,764.972.2981x209
311,388,US,Flores-Thompson,Shirleyville,30944,ME,0988 Mitchell Lights Suite 220,001-636-684-9951x5421
311,389,US,Gonzales-Mcclure,Sheilaview,79952,WV,42138 Anthony Canyon,+1-883-907-0534
311,390,US,"Martinez, Chavez and Hardin",South Pamelafort,34980,CO,1513 Mark Parkways,247-581-5061x85380
311,391,US,Willis and Sons,West Theodore,64006,GU,742 Cynthia Corners,830.561.7893x20649
311,392,US,"Bailey, Moreno and Best",Maryport,88053,NM,695 Phillips Forges Apt. 467,836-512-7515x62779
311,393,US,Carter PLC,Port Kirsten,08470,OH,5667 Ross Center Suite 735,+1-704-476-3928x3199
311,394,US,"Fernandez, Clements and Smith",Davismouth,46730,WI,083 Nichols Estate,+1-563-242-5563
311,395,US,Bruce PLC,New Raymondfort,06043,GA,0330 Brady Via Suite 624,411-386-0089
311,396,US,"Chapman, Myers and Decker",Kristenchester,67656,WA,4731 Costa Ports,564.861.3684x7488
311,397,US,Kaiser Ltd,Beanside,94162,CT,90637 Woods Coves Suite 521,882-937-9312
311,398,US,"Sharp, Knight and Hall",Kingport,97561,MA,59960 Vaughn Throughway,+1-378-375-3577
311,399,US,Lyons-Bennett,East Aprilville,22284,ID,06728 Taylor Well Suite 604,464-448-5959
311,400,US,Mills-Harris,Aprilview,62381,NH,2287 Louis Fall,(971)704-3318
311,401,US,Brown Group,North Michael,73790,FM,0344 Silva Inlet,(696)448-8319x213
311,402,US,Elliott-Martinez,Riverashire,79770,KY,20331 Douglas Mountains Apt. 510,(587)867-5481
311,403,US,Schroeder-Mccarthy,Larryhaven,42047,NC,324 Mary Points,874.518.6520x575
311,404,US,"Castro, Cuevas and Ayers",Brookstown,26169,NV,309 Murphy Land Suite 809,904-976-0440x907
311,405,US,Wells Ltd,North Mikeberg,92990,WA,16107 Leon Walks,+1-743-290-5529
311,406,US,"Powell, Monroe and Caldwell",East Mandyhaven,19835,VA,27049 Haley Lodge Apt. 044,+1-351-357-9197
311,407,US,White Inc,West Brittany,03136,WI,35713 Hood Row,724.806.4242
311,408,US,Conley LLC,East Tiffany,34495,UT,1759 Bailey Row Suite 209,(328)593-6543x5884
311,409,US,Robinson-Green,New Dominiqueburgh,62787,DC,559 Barrett Bypass Suite 150,(467)955-1254
311,410,US,"Lopez, Johnson and Lamb",Watkinschester,96308,MO,45957 Evans Wells Apt. 816,(449)469-0282x49839
311,411,US,"Cook, Choi and Waller",Lauraberg,45865,NH,70232 Parker Ferry Apt. 361,001-532-985-0725x1786
311,412,US,"Bennett, Ford and Sanchez",South Davidberg,52914,WI,6968 Michael Skyway Apt. 392,001-535-255-8099x61327
311,413,US,Turner Inc,Patrickburgh,56299,FL,6704 White Locks Apt. 715,+1-816-202-5298x67076
311,414,US,Coleman-Harmon,New Lindsaymouth,66307,MN,585 Kristen Manors Suite 120,994-738-9760x74017
311,415,US,Small Ltd,Johnnymouth,88974,LA,424 Butler Mission,440-491-5086x32181
311,416,US,"Snyder, Orozco and Reed",Barkerbury,96535,GU,15502 Patrick Stream Apt. 546,(502)241-6139x4498
311,417,US,Berry-Lewis,Hillburgh,36788,NY,624 Smith Fords,5625447951
311,418,US,Fletcher and Sons,New Keithmouth,77560,MT,678 Matthew Island Suite 727,001-773-382-6460x9178
311,419,US,Adkins PLC,Kevinmouth,59679,TX,29929 Cunningham Mall Apt. 487,568.526.9116
311,420,US,Duncan and Sons,Port Kimberly,96768,MO,3694 Townsend Roads Apt. 588,+1-463-867-7472
311,421,US,Smith-Gallegos,Douglasville,50747,OR,6309 Dillon River Apt. 996,2598329715
311,422,US,"Dixon, Lee and Gentry",Woodbury,23466,NJ,2410 Becky Mount,797.432.7819
311,423,US,Ford Inc,Lake Antoniochester,68627,NJ,64819 Samuel Views Apt. 460,(768)876-1124x912
311,424,US,"Morgan, Durham and Pope",West Colton,84653,UT,7345 Norris Isle,749.749.0228x403
311,425,US,"Carter, Duffy and Moore",Thomasmouth,88748,LA,229 Villarreal Glens,+1-830-939-4290x4588
311,426,US,"Yoder, Compton and Schneider",Alexandrafurt,64103,SD,727 Smith Circles,234-533-2491x35779
311,427,US,"Harris, Beck and Ross",West Williamview,73021,ND,79833 Robles Falls,001-333-472-0948x413
311,428,US,"Turner, Clark and Sanchez",Marshallside,07196,MD,71717 Cory Radial,997.549.0961
311,429,US,"Shaffer, Mendez and Bryant",West Karenview,65067,SC,8784 Baker Place,954.288.4712
311,430,US,Barry-Hicks,Martinland,57126,TX,75823 Kathryn Forest Suite 845,001-487-414-9392x52362
311,431,US,Frye-Zavala,Chanview,30480,KS,5245 Calderon Island Suite 469,(660)660-6527x4033
311,432,US,Johnson-Simmons,Nguyenside,97365,ID,874 Charles Estates,279-770-6734x99601
311,433,US,Medina-Kim,Danielberg,98782,CA,622 Andrews Points Apt. 735,001-784-788-4021
311,434,US,Burgess-Lewis,Taylormouth,47975,MA,449 Donald Row,(766)970-8085x09608
311,435,US,Andrews-Walters,New Christopherside,15224,ND,197 Karen Trafficway,+1-264-877-2512x95786
311,436,US,"Carter, Hanson and Price",East Marcusberg,34429,PR,587 Kayla Ports,(292)432-3421x089
311,437,US,"Bailey, Jones and Harrell",Lake Jason,40206,GA,3350 Natalie Mill Apt. 607,001-436-307-7633x6911
311,438,US,Sherman Inc,Yangstad,98763,MD,31857 Hicks Motorway Apt. 066,(615)754-1643x1670
311,439,US,Taylor and Sons,New Albert,68477,FL,700 Michelle Shore,459-262-6228x2251
311,440,US,Harris-Powell,Reginaview,82016,MD,50702 Williams Lane,001-998-822-1053x16117
311,441,US,"Alexander, Vincent and Pacheco",West Thomasview,17304,MD,177 David Passage Apt. 231,001-616-449-1334x2457
311,442,US,Henderson-Stanley,Lake Rebeccafurt,83322,AR,02032 Morris Ports,375.639.6737x9487
311,443,US,"Mack, Bradshaw and Rogers",West Matthew,64379,WI,158 Brown Lakes Suite 082,637-911-8425
311,444,US,Tran-Ayers,South Lori,67466,ID,303 Fox Tunnel,(498)780-8583
311,445,US,Garcia and Sons,Port Sarah,94359,FL,40646 English Mountain Suite 240,848-443-9910
311,446,US,Castillo and Sons,South Kristie,85184,MT,335 Jeremy Harbor Apt. 619,+1-923-572-4501x84819
311,447,US,"Gonzales, Short and Weaver",Hernandezmouth,36166,AZ,1769 Nancy Square Suite 438,219-395-3766
311,448,US,Kirby-Oconnor,Daniellemouth,55504,TN,1017 Brenda Forges Suite 417,+1-399-369-8609
311,449,US,"Davis, Levy and Allen",Ochoaton,46022,SD,9806 Caldwell Burg Apt. 920,+1-951-246-0745x5534
311,450,US,Ellis-Ritter,Kaylaburgh,27944,OH,652 Gates Isle Suite 983,741-916-5972x63475
311,451,US,Fischer-Chung,Allenborough,76764,ME,826 James Course Suite 425,+1-356-726-1499
311,452,US,Ramos Inc,New Eric,36386,AK,33373 Alexander Gardens Apt. 977,(688)893-6289x69645
311,453,US,Diaz-Schaefer,West Amber,10598,UT,3892 Tina Tunnel,978.951.9358x37490
311,454,US,Garza-Brown,North Ann,73769,SD,7215 Stephanie Harbor,001-940-697-6263
311,455,US,"Terry, Torres and Hall",Thomasside,89803,OR,90591 Christina Pines Suite 233,+1-822-807-1511x696
311,456,US,"Wells, Boone and White",Michaelchester,33532,NM,46335 Matthew Terrace,384-409-0805
311,457,US,Stuart PLC,North Markport,04125,AS,23972 Theresa Court Apt. 959,(372)682-7090
311,458,US,Rodriguez-Vega,North Tyler,79603,FL,8671 Matthew Lakes Apt. 373,(805)507-9181x5899
311,459,US,Flores-West,West Sheryl,56379,MO,1707 Marc Orchard Suite 474,001-208-203-1499x82508
311,460,US,Cruz-Bell,Port Marciachester,97302,NY,503 Stephen Ferry,251.837.3990
311,461,US,Mccullough Inc,Adambury,86955,GU,63560 Donald Gateway Suite 694,946.606.6643
311,462,US,"Smith, Schwartz and Williams",Andersonbury,09744,SC,27128 Jackson Streets,364-984-4941x163
311,463,US,Martinez Inc,Mendozaville,30469,AZ,11369 Kim Divide Suite 908,001-233-850-9025x42573
311,464,US,Hernandez-Carter,East Jackborough,44526,TN,71398 Hawkins Divide Suite 011,(288)209-2550x21306
311,465,US,Mack-Wilson,Port Courtney,74378,ND,79649 Cole Summit,779.545.7727
311,466,US,Mitchell Ltd,South Yvette,21514,MN,4207 Page Plains,962.953.6667
311,467,US,Ford-Morgan,Andersonhaven,27490,IA,393 Mccullough Plaza,001-265-543-6271x87496
311,468,US,Morgan and Sons,Gileschester,24135,NV,369 Joshua Summit,+1-292-369-3265x73275
311,469,US,Miller Inc,West Melissamouth,47253,ID,41595 Alvarez Squares,(344)818-2226
311,470,US,Hoffman Ltd,Gravesview,90935,PR,27102 Kennedy Neck,(209)957-9927
311,471,US,"Knight, Blackwell and Huerta",Caseyberg,82294,ME,13541 Morrison Union Suite 099,(625)643-8480x75203
311,472,US,Ferrell-Morgan,Karenmouth,86931,CO,029 Jessica Brook Suite 637,(660)546-5586x6525
311,473,US,Campbell-Miller,Sellersland,87824,PW,102 John Fall Suite 129,911.700.5912
311,474,US,"Rodriguez, Martinez and Padilla",Lake Sara,24824,CO,63301 Flores Pines,273.979.2749
311,475,US,Romero Inc,East Jose,71541,OK,113 Melinda Throughway,526.894.9684
311,476,US,Summers-Moss,Lake Pamelaview,37391,WV,01750 Miller Track,001-970-715-9591x945
311,477,US,"Shepherd, Wood and Evans",Edwardsborough,30400,OR,56775 Ford Mountain,222.866.0256x265
311,478,US,"Whitehead, Hernandez and Shah",North Allen,62404,FL,3076 Kevin Walk Suite 337,+1-676-462-7051x157
311,479,US,Stone Group,South Tracy,40872,SC,4969 Carol Pines,555-725-9710x7563
311,480,US,"Hall, Wiggins and Edwards",Buchananside,45164,OK,325 Jean Ridge Apt. 379,605.381.6295x1877
311,481,US,Price-Lee,Jenniferstad,08237,NJ,05597 Kristen Island,659.583.3991x4038
311,482,US,Henderson-Cardenas,West Joseberg,39311,AK,615 Parsons Drive,968.629.7514x743
311,483,US,Willis LLC,North Brianmouth,72928,NJ,56806 Foster Islands Apt. 459,001-590-380-2711x22182
311,484,US,Compton-Morgan,Cooperland,65048,MO,662 Lisa Mission,(514)933-0800
311,485,US,Williams and Sons,Port Devin,42373,MD,608 Vasquez Skyway Suite 810,390.733.9705
311,486,US,"Roach, Martin and Lewis",Lake Julieport,35319,OH,623 Cook Islands Suite 614,507.598.6321x061
311,487,US,"Fitzgerald, Evans and Norris",New Lisa,47809,NH,394 William Inlet,8324537657
311,488,US,Castillo-Carlson,North Christina,00536,PR,004 Kevin Light,001-292-610-5336x5146
311,489,US,Roach LLC,West Stephen,27326,DE,2011 Spencer Prairie,001-884-240-9712x316
311,490,US,Jimenez Group,Thompsontown,76098,MH,144 Harris Grove,9435370096
311,491,US,"Allison, Williams and Cox",Stephenfort,71881,GA,588 Malik Route Suite 629,(657)454-2786x5619
311,492,US,Middleton-Brewer,Molinaburgh,06105,MA,582 Tiffany Turnpike,361.261.8808
311,493,US,Michael-Ortega,Lake Jeremy,93529,WY,1558 Mills Viaduct Suite 395,001-661-537-2308x1721
311,494,US,Turner-Clark,Port Jamestown,04577,LA,21147 Robert Knolls,+1-260-994-5653x46997
311,495,US,Porter LLC,West Jackiefurt,99187,ND,9957 Norman Oval,001-917-248-1131x76539
311,496,US,Collins-Waters,Robinsonchester,12946,AL,087 Wayne Mountain,696-480-4918x727
311,497,US,Roberts LLC,Rodriguezberg,10570,ID,3062 Williams Falls Apt. 597,271.912.2299
311,498,US,Richardson-Hale,Lake Aliciastad,83709,ND,7046 Jones Corners,457-568-3210x219
311,499,US,Keller-Gardner,Timothyburgh,76800,MT,033 Kevin Summit,001-260-650-8018x498
311,500,US,Flores and Sons,Solisborough,87537,NJ,3126 Dustin Crossroad Apt. 178,292-836-5346
311,501,US,Harrell Group,East Emilystad,51720,NV,279 Lucas Throughway,+1-323-498-4716x9061
311,502,US,"Williams, Ramirez and Campbell",Kevinside,79838,MD,8769 Taylor Course Suite 588,+1-514-744-4983x553
311,503,US,Lee-Rogers,Ramirezchester,88277,TN,243 Marquez Plaza,737-598-2143x39527
311,504,US,Washington-Nelson,Medinaberg,33888,PA,1686 Carl Valleys,877-989-4896x340
311,505,US,"Rodriguez, Kim and Edwards",East David,07644,AZ,1884 Kristen Summit,+1-563-509-0015x94463
311,506,US,"Munoz, Walton and Reilly",Maryberg,03509,OH,26389 Stephanie Course Suite 711,663.337.9223
311,507,US,Allen LLC,Rileyfurt,58980,IL,16772 Jefferson Terrace,(808)943-7685x5078
311,508,US,"Harris, Thomas and Jones",Jacksonfurt,27650,IL,6434 Nicolas Wells Suite 093,+1-817-306-9556x0767
311,509,US,Scott-Perez,Rhondaview,63222,GA,98983 Tiffany Lakes,3316219804
311,510,US,Hernandez-Thomas,Ramirezburgh,30528,MT,81319 Ashley Tunnel Apt. 487,(723)403-9111x42817
311,511,US,Ferguson and Sons,Port Alan,23018,WI,088 Phillip Expressway Apt. 722,395.594.7372
311,512,US,Bowman Inc,South Derekport,60895,NC,688 Oneal Mountain Suite 996,001-348-862-8720x31954
311,513,US,Bennett-Brooks,Tonytown,28756,NE,9246 Douglas Forks,547.467.7537x260
311,514,US,"Livingston, Phillips and Brown",Blankenshipchester,10740,PA,8870 Jones Isle Apt. 482,7122840083
311,515,US,Powell-Lindsey,Reedmouth,37846,MN,917 Hamilton Passage,6894812657
311,516,US,Gill and Sons,New Patrickfurt,29367,AZ,0236 Robert Views,(268)694-3012
311,517,US,"Webb, Jones and Mcdonald",Lake Trevor,10982,TN,9574 Welch Islands Apt. 984,+1-233-606-7458x476
311,518,US,Rodriguez-Hernandez,Port Kristen,33103,NH,88566 Knight Hills,832-897-1506
311,519,US,Perry Inc,Sharonville,40872,IA,6936 Atkinson Heights Apt. 925,(295)496-1111
311,520,US,"Patterson, Mosley and Michael",North Aaron,23775,AZ,5591 Frederick Inlet,610-391-0903x26714
311,521,US,"Mitchell, Brown and Obrien",Erichaven,13099,NM,406 Ortega Square,975.484.4663x4533
311,522,US,"Moore, Miller and Matthews",East Danielmouth,17030,FL,5593 Graham Crossing,+1-289-243-7052x6351
311,523,US,Price-Hess,Barrettfurt,93449,VI,2565 Adrian Tunnel Apt. 461,252.202.3897x4326
311,524,US,"Ward, Cooper and Mendez",Aaronfort,66178,ID,58486 Ryan Street,7792848704
311,525,US,Lawrence-Hanna,South Mariachester,61258,PW,9374 Snow Walk,2395464083
311,526,US,Allen-Smith,North Leahview,70658,GU,84907 Amanda Plaza Suite 136,+1-552-983-0615
311,527,US,Garcia Ltd,Garyport,88556,KS,63251 Collins Plains Apt. 121,9313421751
311,528,US,Contreras-Ramirez,West Kristinastad,23621,MS,409 Victoria Estates,(752)888-3750
311,529,US,Garcia-Hunt,Lewisborough,81906,SC,137 Hughes Row Suite 300,330.495.0556x057
311,530,US,Wheeler PLC,New Derekfort,73060,OH,90534 Carter Walks Apt. 042,001-646-624-5618x517
311,531,US,Johnson-Zavala,Jackland,18513,NC,1145 Beasley Falls,001-339-613-0448
311,532,US,"Barrett, Garcia and Powell",West Samanthachester,12686,TN,0211 Daniel Neck Apt. 756,+1-414-429-8315
311,533,US,"Hull, Haynes and Garcia",South Jefferyberg,22700,WA,0849 Travis Freeway,4638963845
311,534,US,"Jenkins, Lane and Adams",Lake Robertfort,00691,DE,342 Lisa Prairie Apt. 320,230.516.2341
311,535,US,"Rodriguez, Horton and Gutierrez",Jamieberg,19766,VA,5668 Ramos Flats,+1-223-865-3377x4604
311,536,US,Moore-Harrington,Lake Stephenport,27218,MT,2442 Hammond Mountains,001-481-997-5437x34764
311,537,US,Kim and Sons,Port Jimmyfort,50908,IN,45841 Atkins Path,460-919-1344x3899
311,538,US,"Smith, Benjamin and Murphy",Bradleytown,63549,ID,46449 Courtney Skyway,+1-799-751-6793x350
311,539,US,Blake-Patel,Perezside,02654,UT,92360 Stuart Place,001-211-887-2333x5104
311,540,US,Esparza Ltd,Orozcoland,45172,IA,49830 Barker Plains,(507)636-5118
311,541,US,Simmons LLC,Karenside,91719,GA,190 Lee View,(930)223-3324
311,542,US,"Cole, Montgomery and Johnson",West Courtney,39769,MP,12760 Nicholas Place Apt. 611,001-723-912-6163x24888
311,543,US,Poole PLC,South Roger,80579,MP,5493 James Hill Suite 871,001-812-403-8187
311,544,US,Holmes PLC,Port David,07153,NY,88158 Jordan Isle,+1-322-406-7323
311,545,US,"Ramos, Henderson and Schultz",Lake Kathleenmouth,22079,TX,0000 Michelle Stream Apt. 152,001-791-713-7178x50902
311,546,US,Chambers-Norton,Karenview,21377,CO,987 Henry Trafficway,922-248-9056
311,547,US,"Hamilton, Johnson and Greene",Lake Josebury,50032,MI,58482 Gray Crossing Apt. 624,235.850.5429x60807
311,548,US,Allen PLC,Montgomerytown,82342,WI,10401 King Pines,988-504-4287
311,549,US,"Lee, Robbins and Lopez",South Josephberg,88712,CA,694 Aimee Rue,+1-646-642-0362x58631
311,550,US,Murray Inc,Carterfurt,21036,MI,0263 Morgan Springs Apt. 430,+1-317-764-6448x98803
311,551,US,Hawkins PLC,Port Toni,43958,VA,9050 Mcdaniel Centers,533-433-5384x9516
311,552,US,Davis Ltd,Foxville,71853,AR,91373 Richard Islands,706.801.1987
311,553,US,Murray PLC,Maxwellhaven,01599,AL,00915 Rodriguez Crossroad,+1-880-236-5774x491
311,554,US,"Frazier, Myers and Lynch",Denniston,10495,ME,89418 Perez Locks,475.309.2632x23998
311,555,US,Hayes LLC,Robertland,33943,AZ,88605 Kimberly Junction Apt. 766,(808)811-2600x30835
311,556,US,"Davis, Pitts and Johnson",Lake Stanley,42493,WA,23455 Lisa Pass,+1-426-591-7768
311,557,US,"Guerra, Roberts and Mccarty",East Kevinside,01150,WY,54378 Rick Forest Apt. 591,3156709085
311,558,US,Andrews-Donovan,Braunshire,22206,MO,964 Davis Pike Suite 285,001-269-632-5914
311,559,US,"Montgomery, Proctor and Lee",East Daniel,29733,LA,6980 Dean Brooks,+1-472-561-7607
311,560,US,Hoffman-Vang,New Catherine,43201,TN,382 Mary Haven Apt. 561,(799)465-0826
311,561,US,Guerrero-Davis,Berrystad,53837,SC,08761 Katie Valley,659.251.4346x82394
311,562,US,Wall and Sons,Goodwintown,01354,TN,661 Darryl Track Suite 831,239-650-0168
311,563,US,Carter PLC,Port Joanton,59894,MT,839 May Road,(905)634-4077
311,564,US,Martin-Klein,Mcclurefurt,54456,TN,250 Julie Overpass,001-676-302-9914x0688
311,565,US,Gonzalez Group,North Sharon,41683,MI,56178 Steven Ford,(811)592-0613
311,566,US,"Petty, Stewart and Mcdonald",Nicholasborough,29107,NV,844 Watkins Stream,(395)802-6480
311,567,US,Mitchell-Brown,Harrisview,13819,MO,127 Contreras Extension Apt. 102,+1-717-998-2134x8629
311,568,US,"Mcdaniel, Kim and Chang",Port Lynn,32355,FM,285 Johnson Forks,001-970-979-8661
311,569,US,"Brown, Valencia and Crawford",Holmesberg,02527,MN,8212 Jeffrey Keys,321-465-0587x14692
311,570,US,Holden and Sons,Ashleymouth,99455,PA,984 Russell Rest,+1-548-802-2050
311,571,US,"George, Holt and Romero",Deborahport,79877,MA,145 Garrett Parkways,507.415.2386x767
311,572,US,Peck Group,Omarland,80982,CA,9876 Melody Ports Suite 872,(258)893-7085
311,573,US,"Lopez, Garrett and Young",Lake Josephtown,87476,MH,6957 Anthony Crossing Apt. 482,001-655-444-2867x96325
311,574,US,"Wright, Lynn and Sutton",Kristinebury,26003,ND,6241 Lopez Trace,772-356-2926x93358
311,575,US,Dalton PLC,New Jenniferstad,48447,AK,468 Smith Islands Suite 443,9349918911
311,576,US,Williams PLC,Brandiview,05441,CO,64154 Rodriguez Views Suite 313,001-225-293-6781x3675
311,577,US,"Baker, Bradford and Terry",West Stephanieland,05113,WI,76981 Hoffman Rapids Apt. 704,(823)888-8562x258
311,578,US,Sosa PLC,Sparksmouth,71137,NV,2275 Bird Skyway Suite 859,(255)494-2824x91165
311,579,US,Khan Inc,Port Kurt,84277,IN,32155 Jared Islands,870-883-6821x44488
311,580,US,"Harvey, Moran and Thomas",South Shane,84036,WY,462 David Vista Apt. 543,483-528-1231
311,581,US,"Thomas, Randall and Smith",Claireton,49935,WA,83647 James Plaza,750.982.7681x722
311,582,US,Flores-Francis,Annaview,63918,DC,90529 William Trail Suite 683,001-516-908-2717x2173
311,583,US,"Chandler, Frost and Rios",Port Sara,43207,HI,99936 Stephanie Street,(559)714-3882x32553
311,584,US,"Case, Adams and Martinez",Mclaughlinfort,29188,GA,3095 Grimes Ports Suite 912,799.570.2927x120
311,585,US,"Santana, Mcdonald and Rose",Higginsborough,64769,VT,98832 Anthony Spring Apt. 256,001-908-732-0048x7978
311,586,US,"Clark, Singh and Bush",Elizabethstad,24704,IA,03044 Sandra Rue Apt. 995,471-452-3910
311,587,US,"Mcmahon, Curry and Beck",West Jamesview,86189,VI,93096 Miller Spur,001-471-391-2602
311,588,US,Moore Ltd,Ortizberg,07513,DE,16612 Bobby River,001-507-825-8733x9304
311,589,US,Rogers-Herrera,South Debra,87682,AS,124 Craig Haven Apt. 868,(850)495-2294
311,590,US,Larsen PLC,Lake Melanie,46372,VA,03995 Kimberly Prairie Suite 013,612.443.6585x856
311,591,US,Mathis LLC,Lake Kimberlytown,18961,NJ,1592 Hall Park,802-599-0716x690
311,592,US,Martinez LLC,West Luisburgh,90213,SC,40301 Christina Lodge,697.856.4915x7955
311,593,US,Bautista LLC,Skinnerberg,33413,NH,10801 Benjamin Burg Suite 831,364.717.2680x808
311,594,US,Rodriguez-Watkins,West Janetmouth,11568,ID,7130 Marquez Isle,804-458-4743
311,595,US,Padilla Inc,New Ryanstad,70190,VI,6694 Johnson Crest Apt. 533,+1-362-574-6662x159
311,596,US,Lyons Group,North Brianview,53320,MT,45901 Brent Radial Suite 714,6042938819
311,597,US,Wright-Bright,West Kristenton,33992,RI,497 Logan Pines,331.837.9716x6984
311,598,US,Moses-Hernandez,Mitchellton,64073,NJ,32562 Jillian Passage Suite 991,+1-970-414-2620x370
311,599,US,Davis Inc,Lake Elizabeth,04096,SC,81359 Lester Creek Apt. 708,994.780.1864x48221
311,600,US,"Palmer, Ho and Duncan",Comptonstad,57866,AL,04806 Flores Shores,323-369-1496
311,601,US,Dixon Group,Laceychester,73860,MH,6970 Williams Knoll,214.919.6156
311,602,US,"May, Thompson and Mitchell",West Jennifer,46906,CT,624 Nicole Manor Suite 966,+1-634-496-0478
311,603,US,Wallace and Sons,Curtisberg,21447,MI,648 Aaron Ports,001-934-486-8839x06246
311,604,US,"Wallace, Johnston and Coleman",North Kevinborough,15305,OR,9236 Jesse Mountains,001-760-252-3045x8816
311,605,US,Ward LLC,Tylerview,16828,RI,5034 Johnson Port,(261)877-1824x98980
311,606,US,Whitaker-Thomas,Christopherview,54725,NC,59266 Gardner Ridges,+1-389-739-6987x48694
311,607,US,Chapman-Werner,North Davidberg,95184,PA,75360 Wilson Mountains,860-739-8863
311,608,US,Jenkins Ltd,North Xavier,34567,MD,067 Brandon Ranch Suite 248,001-842-804-6648
311,609,US,Jenkins-Murphy,Bakertown,41230,MD,7758 Ashley Tunnel Suite 533,690.262.3546x62265
311,610,US,Sanders LLC,Jeremyton,01701,UT,21224 Sylvia Union Suite 677,362-759-1601x1241
311,611,US,"Ochoa, King and Robles",Holdertown,70867,AL,9867 Frey Crossroad,912.499.5704
311,612,US,"Ortiz, Baker and Martin",Jonesville,22078,AR,437 Perez Key,001-496-680-7852x548
311,613,US,Martinez PLC,New Mark,33690,MN,06445 Pearson Junction Apt. 311,(332)974-8979
311,614,US,Santana-Sanders,East Elizabeth,85050,SD,2038 Cohen Viaduct,575-208-0196
311,615,US,Murphy-Reid,South Chelseabury,43099,VA,9353 Smith Walks,001-718-416-7784x816
311,616,US,King-Rangel,Josechester,07511,GU,517 Shannon Tunnel,+1-910-653-9128
311,617,US,"Moss, Lara and Bradley",Mcneilhaven,67936,WI,904 Olson Squares,(271)347-2463
311,618,US,"Downs, Fernandez and Stuart",Gregoryberg,27204,MP,728 John Turnpike,521-487-0629
311,619,US,"Camacho, Glass and Joseph",East Dustin,06370,GU,23200 Heather Lights,266.310.0898x761
311,620,US,Lopez-Reyes,West Bryanbury,72988,LA,319 Kristi Harbor Suite 823,746-695-1003x07620
311,621,US,Cisneros-Chapman,Flowersmouth,03062,MH,6664 Charles Rue,(654)911-3407x8516
311,622,US,Mills Inc,Kendraborough,56848,MT,8268 Moore Rest,908.338.6888x917
311,623,US,Johnson-Pratt,Whitemouth,10663,OK,0932 Sherry Curve Suite 578,001-782-460-4180
311,624,US,Bowers LLC,Williamville,60868,NM,1274 Guzman Tunnel Apt. 188,(441)499-6264
311,625,US,Morrison Group,Williamland,59388,AR,542 Madeline Key Suite 570,368-820-9225x70900
311,626,US,Schaefer LLC,Hillton,60709,GA,47282 Clay Turnpike,300-417-8822x473
311,627,US,Jones-David,Adamland,08223,WY,011 Villegas Ridge Apt. 711,926-310-5370x92300
311,628,US,Wheeler-Becker,South Jonathanland,66584,OK,543 Lauren Pike Suite 698,001-336-852-9447
311,629,US,"Davis, Weber and Le",South James,41245,AS,10450 Michael Points,+1-796-432-1743x57483
311,630,US,Moreno-Sullivan,Tiffanychester,05602,WA,3983 Macdonald Plains Apt. 842,236-846-2805x50774
311,631,US,Cole-Rogers,West Susanburgh,27500,OK,090 Barrera Islands,307-340-9131
311,632,US,Maxwell-Pugh,New Valerietown,19155,MA,760 Gary Burg Suite 953,441-820-1227x59500
311,633,US,"Ellison, Miller and Rodriguez",Port Jennifer,24499,PW,947 Johnson Haven Apt. 717,001-332-279-8059x503
311,634,US,Haas LLC,West Kendra,02100,IL,45203 Williams Ridge,001-441-718-4913x599
311,635,US,Wolf-Sanchez,Ginamouth,19704,AZ,1006 Hudson Ports Apt. 069,(480)518-6774x03784
311,636,US,"Lee, Charles and Parker",Michelletown,00865,MO,6255 Jeffery Roads Suite 017,965.642.6241
311,637,US,Perkins Ltd,Lake Stacey,92573,WI,34511 Jo Bypass,001-806-605-3088
311,638,US,Smith Inc,South Philipbury,18337,RI,5759 Morris Port,(212)599-6426
311,639,US,Barnes and Sons,Lake Donaldstad,46864,NC,47709 Aaron Mills,815-423-8023
311,640,US,Holland PLC,North Michael,69239,WY,970 Cunningham Mews,318-763-8558
311,641,US,"Brady, Vaughn and Ruiz",South Angelaton,93408,AR,78931 Franklin Drives Suite 284,640-418-2272x00283
311,642,US,"House, Krause and Taylor",North Johnathan,36863,KY,3281 Robert Lake Apt. 020,(903)904-2322
311,643,US,Jefferson-Martinez,East Nathanborough,05931,MH,165 Richard Locks,700.859.3777
311,644,US,"Davis, Medina and Anderson",Lake Andrewburgh,78910,CO,174 Grimes Canyon Apt. 983,804-438-4196
311,645,US,Bradley and Sons,South Tommyhaven,07824,MN,566 Finley Wells Apt. 636,(619)686-5504
311,646,US,Douglas-Alexander,Myersborough,90266,ME,396 Smith Rue,+1-662-473-2262x611
311,647,US,Robinson-Jenkins,Port Joanne,86293,OH,2188 Amanda Park Apt. 962,+1-434-619-9643x3853
311,648,US,Dickson-Lopez,Elizabethstad,70182,IA,43031 Jasmine Lakes,+1-987-860-5457x69475
311,649,US,"Joseph, Le and Mooney",Staceystad,31948,NE,746 Velazquez Ranch Suite 163,621-325-4508x095
311,650,US,Lopez-Ross,West Kristin,49156,OK,4721 Alexander Ways Suite 235,001-491-842-6140x48933
311,651,US,Turner LLC,Jasonton,59851,OK,73100 Tyler Pines Suite 221,558-771-8452
311,652,US,"Ramirez, Kemp and Hamilton",Greenfort,06872,DE,20865 Jeffrey Mills Suite 729,(965)363-3701x40052
311,653,US,Pennington LLC,Debraton,05267,AK,2214 Luis Shore,516.809.4391
311,654,US,"Drake, Benson and Snyder",North James,26468,MS,2862 Carolyn Ferry Suite 352,001-459-253-3222x7393
311,655,US,Cox-Wells,Port Michael,17435,IN,1850 Sanders Causeway Suite 082,(497)818-2360x1071
311,656,US,Gomez PLC,New Erica,83354,HI,6484 Mendoza Islands,642.623.3222x801
311,657,US,Reed Ltd,Lake Lisa,90328,SC,56062 Clark Shoal,6638731180
311,658,US,"Mcguire, Hill and Carey",South Elizabethbury,73755,ME,852 Pamela Cliffs,962.760.8463
311,659,US,Brown-Cross,Williamsmouth,33456,OK,15164 Chris Trafficway,+1-955-964-0919x69395
311,660,US,Ballard-Brown,Port Derrickview,22616,NE,019 Davis Stream,+1-912-841-3936x96789
311,661,US,Knight PLC,Lewisburgh,56385,NM,19227 Leonard Burgs Suite 598,+1-697-586-5339
311,662,US,Morrison Ltd,Murphyborough,04548,NY,31202 Brenda Knoll Apt. 576,949-874-7000x268
311,663,US,Parker-Ortega,Crawfordport,75526,NV,1636 Simmons Bypass Suite 500,(435)953-7309x64969
311,664,US,Miller-Andrade,Derrickfurt,29695,MD,59702 Bailey Estates,727.863.6431x59489
311,665,US,Livingston-Gutierrez,Wrightmouth,99292,KS,344 Latoya Inlet Apt. 699,001-539-634-4974
311,666,US,Baker-Fox,East Jeffrey,78268,MA,97398 Garcia Estate Apt. 097,(702)517-0754
311,667,US,Mccoy-Mueller,Matthewshire,17790,PR,30044 Charles Light,329-439-0025
311,668,US,Harris Group,Michelestad,69807,VT,59570 Arellano Common Apt. 145,+1-343-545-6631
311,669,US,"Pierce, Williams and Harris",East Maria,21154,TN,33474 Joseph Fords,+1-710-443-7968x6800
311,670,US,"Dalton, James and Aguilar",East Olivialand,85256,TN,4174 Victoria Hollow Apt. 502,885.802.2894
311,671,US,White-Walton,East James,68699,FL,20256 Jason Wells,3303334677
311,672,US,"Santana, Logan and Diaz",South Melissaberg,63204,RI,3024 Clark Common Apt. 398,001-347-223-0342x02847
311,673,US,Gibson and Sons,Lake Laura,38862,AR,76487 Marie Mountains Suite 546,599-924-0658
311,674,US,Kramer Group,West William,08901,HI,9095 Long Place,448-323-7337x9121
311,675,US,Krause Inc,Churchton,31395,UT,869 Elizabeth Cliffs Suite 074,001-403-792-5199x945
311,676,US,"Blackwell, Duran and Snyder",East Douglas,65018,MS,38722 Michael Highway Apt. 216,(565)549-6330
311,677,US,Phillips-Ramos,West Waynehaven,65918,NY,47020 Austin Lane Suite 195,477.749.2663
311,678,US,Hall-Lopez,Wellsburgh,21474,PW,206 Norma Keys Apt. 292,7598229411
311,679,US,Williams PLC,Leslieshire,53221,IN,72629 Beck Falls Apt. 661,249-680-8513x31380
311,680,US,"Ferguson, Rosales and Bush",North Lori,11472,HI,21548 Jennifer Plain,(368)368-7640
311,681,US,"Murphy, Hawkins and Brown",Vanessaberg,88806,AL,2987 Little Neck,358.856.6464
311,682,US,"Anderson, Phillips and White",Lake Sarah,19484,HI,20410 Martin Glen,+1-931-947-8911
311,683,US,Bryan Group,Barbarahaven,13154,SD,318 Brian Wells,(866)502-0005x32853
311,684,US,Smith Ltd,West Lisaview,32518,FM,058 Sara Ville,+1-829-590-0768x627
311,685,US,Thompson PLC,Port Walter,51011,TX,76185 Nicole Plains,001-462-467-1368x41013
311,686,US,Mccullough Ltd,North Emily,67098,VA,2791 Nguyen Track,001-306-677-6106x5920
311,687,US,Townsend PLC,South Catherine,54207,DE,159 Riley Place Apt. 845,+1-372-402-6656x86295
311,688,US,West-Parker,West Mark,79451,KY,074 Beth Rest Apt. 747,(896)969-4179
311,689,US,Hart PLC,Parkerfort,33912,OH,994 Hill Pass Apt. 984,867-334-7853
311,690,US,Carter-Silva,West Kellytown,79790,GA,52102 Taylor Mount Apt. 664,+1-790-308-2484
311,691,US,Smith PLC,Port Elizabeth,05894,MA,8839 Green Walk Apt. 856,202.775.0003
311,692,US,"Myers, Shelton and Garcia",Deannatown,47350,MS,84937 Reynolds Port Apt. 870,+1-218-572-6001x3651
311,693,US,Ellison-Turner,Davidton,52064,NJ,568 Cardenas Landing Apt. 406,(421)755-9967
311,694,US,Tate-Lopez,North Chelsea,43988,IA,470 Porter Neck,(548)545-5939x6521
311,695,US,Smith-Rivas,West Mason,46074,IL,90036 Dominique Course,573-727-7264
311,696,US,"Morris, Leonard and Spencer",East Breanna,40513,GA,51618 Burns Ridges Apt. 710,508-705-4914x77447
311,697,US,"Lewis, Barton and Evans",Danielmouth,16109,MI,973 Roberts Rapids Apt. 053,588.403.3183x6113
311,698,US,Mayer-Palmer,Port Robin,09455,MI,8730 Wilcox Mews,(751)552-1746
311,699,US,Daniel-Webb,North Williamville,47194,NE,44671 Ramos Lane Apt. 969,643-836-2999
311,700,US,"Leon, Green and Escobar",New Brianashire,04301,UT,08985 Perez Brook,+1-635-621-1896
311,701,US,Santos Group,Jillhaven,68226,ME,572 Colon Overpass Suite 958,(981)390-2217
311,702,US,Evans PLC,Lake Charlene,59726,MH,0598 Moon Greens,214-536-7286x81123
311,703,US,"Shaw, Walton and Sweeney",Port Christopherbury,80422,NM,5900 Martha Mills,790.355.2866x933
311,704,US,"Calderon, Edwards and Wagner",Port Jennifertown,88179,MD,60119 Kristin Common,7383297425
311,705,US,Cummings Inc,Lake Amandaside,13747,PR,45024 Jennifer Ford,(815)587-3662x7135
311,706,US,Gomez PLC,Lake Adrianmouth,71876,MD,54731 Valencia View Suite 397,001-825-251-1643
311,707,US,"Anderson, Romero and Allen",Whitetown,21263,ND,660 Sloan Hill Apt. 816,641-861-0197x535
311,708,US,Williams-Brooks,North Jacobside,72179,AL,3042 Barnes Manors,(581)744-4718
311,709,US,House PLC,Andrewston,55340,NM,9092 William Track Suite 987,001-545-251-3587x27174
311,710,US,"Faulkner, Shaffer and Moyer",Port Danielfurt,36020,WI,43988 William Ford,+1-677-958-3336
311,711,US,Smith-King,Lake Alan,02133,RI,3860 Amy Locks,(354)220-4123
311,712,US,"Pearson, Cole and Anderson",Katherineland,03080,AR,941 Erik Landing Apt. 810,+1-979-441-2248x709
311,713,US,"Price, Scott and Mahoney",Harrisburgh,49416,CO,2240 Collier Square Apt. 261,889-300-3468
311,714,US,"James, Williams and Smith",Westburgh,07852,FL,95366 Chad Lake,768.290.0577
311,715,US,Davis and Sons,West Stephanie,74305,AL,3971 Karen Bypass,+1-372-821-1386x9087
311,716,US,Thomas-Wilson,Leslieview,97950,MT,1928 Thomas Avenue,744.436.0234x422
311,717,US,Wong Inc,West Herbert,77533,KY,09447 Ware Lane,+1-303-926-5513x276
311,718,US,"Cardenas, Cortez and Johnson",West Stacy,91208,MI,60211 Luis Plain Apt. 268,(949)886-4786x8623
311,719,US,Velez PLC,Larryview,03598,NY,8191 Travis River,001-521-864-0069
311,720,US,"Hayden, Garrett and Bass",Tinaview,71323,KY,7082 Jeffrey Pines Suite 546,(220)721-2372
311,721,US,Smith-Clark,North Bruce,02883,OH,46739 Cheryl Alley Apt. 141,(900)291-6923x2737
311,722,US,Smith-Pope,Kevinland,72277,NE,6300 Sandra Via Suite 336,313-771-1815
311,723,US,"Green, Mason and Malone",Edwardtown,25288,SC,015 Mario Garden Suite 660,956.499.9449x466
311,724,US,"Brown, Brown and Taylor",Port Donaldside,12507,UT,38794 Edward Lock,(408)958-1745
311,725,US,Clarke LLC,South Larry,29634,MI,04129 Victoria Points Apt. 851,+1-616-812-5590
311,726,US,Ware Inc,Guzmanbury,07759,KS,0012 Alexandra Mount Apt. 012,629.761.5120
311,727,US,Jimenez Group,Waltonbury,96250,PW,6042 Tiffany Manor Apt. 460,691-953-0573
311,728,US,Green LLC,Millerchester,70592,GA,1272 Chavez Alley,966.665.6224x19768
311,729,US,"Carter, Mcdonald and Miller",New Brian,27723,MN,61848 Holder Drive,(835)443-4046
311,730,US,Hernandez LLC,Bridgesstad,21947,MI,206 Owen Row Apt. 119,538.781.8273x0634
311,731,US,"Willis, Roberts and Baxter",Lake Calvin,68241,KY,066 Cline Brook Suite 110,(512)254-3412
311,732,US,Erickson Inc,Cherylhaven,56060,AL,2186 Vanessa Flats,(203)319-7899
311,733,US,Aguirre Inc,East Kennethfort,15807,IA,719 Gill Point,(701)762-5908x41947
311,734,US,Fuller Inc,South Matthew,44763,NC,107 Angela Springs,380.872.7903x716
311,735,US,Tran PLC,Port Christinaberg,17511,MH,996 Castillo Trail,383-275-3076
311,736,US,Yates PLC,Lake Jenniferside,48517,WY,8002 Caldwell Hill Apt. 236,(721)969-0696
311,737,US,Ross-Kennedy,Owenstad,09190,NE,95215 Jill Villages,(442)661-0703x35084
311,738,US,Warner Ltd,New Amandabury,76245,DC,481 Andrew Hollow Apt. 691,9537021516
311,739,US,"Pierce, Price and Carter",East Elizabeth,81040,VI,48110 Smith Crest Suite 764,001-427-389-6157x38551
311,740,US,Velez-Rivera,East Jimstad,74266,NM,5426 Kathryn Valleys,+1-872-936-0244x654
311,741,US,Thomas-Howard,Garciamouth,27183,AR,56478 Timothy Stream Apt. 317,843-280-2741x48572
311,742,US,Hart LLC,Kayleefurt,90318,NC,72884 Shane Meadow Suite 207,+1-463-727-1353x8676
311,743,US,"Martinez, Barry and Reynolds",Lawsonchester,88558,UT,8869 Gregory Square,353-740-5089x27396
311,744,US,"Nash, Patterson and Scott",West Jamesmouth,54436,NV,789 Porter Junction,(942)561-9038x422
311,745,US,Brady-Anderson,East Brian,23578,HI,1117 Curtis Overpass,(691)671-6204x29851
311,746,US,"Powell, Tran and Johnson",North Mary,76337,AL,220 Julie Port,+1-201-842-6471
311,747,US,"Johnson, Jones and Marshall",East Lindaland,52937,ID,50049 Jason Loop Suite 244,(593)217-2947x6380
311,748,US,"Sanders, Spears and Green",West Christina,80815,GU,93932 Haynes Trace Suite 281,(891)263-5049
311,749,US,Rivas Ltd,Chavezmouth,22998,NH,453 Baker Summit,+1-795-807-0886x4067
311,750,US,Jackson PLC,Lake Jenniferville,74562,MP,022 Rebecca Trail,739-504-4890x9322
311,751,US,Clark Inc,East Michael,05840,FL,550 Christine Stream Apt. 545,001-503-569-8884x393
311,752,US,Phillips and Sons,Ellisonshire,56436,DC,059 David Village,441-229-0759x659
311,753,US,Thomas Group,Gonzalezfort,60766,ME,2106 Caitlin Way Suite 193,959.719.2267x131
311,754,US,Sharp and Sons,Wyattview,62557,MD,864 Garcia Divide,001-609-761-7300x992
311,755,US,Nelson and Sons,Lake Daniel,46878,UT,5051 Clark Trail,(919)914-3087
311,756,US,"Taylor, Owens and Dickson",Heatherview,17709,FL,834 Graves Plains,892-904-8770
311,757,US,"Reyes, Andrews and Nixon",Port George,77776,OH,1590 Matthew Stravenue Suite 640,458.258.8382x56726
311,758,US,"Romero, Sanders and Martinez",West Kevin,28905,VI,519 Jackson Estate Apt. 250,001-618-425-6247x28639
311,759,US,"Smith, Rosales and Jackson",East Sandra,11929,LA,009 Foster Village,001-870-526-6045x095
311,760,US,Jones LLC,North Jenniferland,07041,WA,335 Amber Fall,(224)271-1936
311,761,US,Hanna-Huynh,South Todd,05386,MD,6160 Cantrell Ways Apt. 643,001-885-300-9537x234
311,762,US,Mckenzie-Hopkins,Lake Daniel,26483,WY,09441 Evans Flats Apt. 654,813-572-7768x5760
311,763,US,Munoz-White,Port Joshuachester,09605,NJ,1887 Whitney Village Suite 999,924.620.2483
311,764,US,Ingram-Miller,Jacksonview,45766,NE,86947 Gabriel Well Suite 853,(326)289-0472x3864
311,765,US,Larson and Sons,Conniemouth,63639,WA,16435 Mary Bypass Apt. 781,660-647-6143x788
311,766,US,Bryant Group,Millermouth,85937,PR,4672 Fischer Lodge Apt. 541,658.799.0027x72910
311,767,US,Terry Ltd,Smithbury,48124,MT,50337 Melendez Ramp Apt. 306,973.606.7182x2266
311,768,US,Mendez PLC,Romerohaven,56980,MA,590 Ruiz Ford,001-863-242-8987
311,769,US,"Anthony, Lindsey and Little",Port Emilyport,75343,DC,70486 Amy Locks,+1-570-466-3201x62907
311,770,US,"Combs, Miller and Carney",South David,20675,MT,37170 Short Inlet Suite 269,320-639-8313x5490
311,771,US,Hampton-Bishop,Colefurt,78988,HI,587 Aaron Green,+1-982-343-8843x021
311,772,US,Ruiz-Dalton,South Cynthiaview,87444,IN,8901 Santos Glen,001-492-881-5037x01709
311,773,US,"Evans, Griffin and Williams",New Crystalton,68341,SC,2628 Caroline Mall,+1-424-748-5007
311,774,US,"White, Lucas and Welch",North Roberttown,55942,OR,961 Lauren Lodge,(420)880-8203x9170
311,775,US,Chambers LLC,Josephmouth,78470,MS,458 Yoder Common,(204)324-2536
311,776,US,Frye Group,Johnburgh,72763,PW,760 Chelsea Run Suite 024,865.624.0553
311,777,US,"Molina, Graves and Ochoa",Kimberlyview,89586,AK,4882 Michael Stravenue,001-477-538-5466
311,778,US,Hall Inc,Powellmouth,79710,WI,9125 Bradley Oval Apt. 204,(498)262-2699
311,779,US,Butler-Jones,Fryshire,76969,MT,56999 Brianna Street,+1-983-435-8768x877
311,780,US,Hendricks-Hamilton,Davidview,69338,HI,493 Mark Rapids,939.812.2600x01440
311,781,US,Larsen Ltd,Port Kevinbury,04925,VI,913 Wilson Ford Suite 528,220.799.8656x4224
311,782,US,"Montes, Banks and Brown",East Matthew,30926,AK,6919 Hansen River Suite 298,5562820175
311,783,US,Gilbert-Ortiz,Armstrongfort,20546,WV,43474 Jennifer Island Apt. 137,+1-795-261-0077x73217
311,784,US,Barnes PLC,North Dwayne,44216,MP,387 Jason Canyon,242.644.4748
311,785,US,Reynolds-Wallace,Clinebury,41816,CA,765 Kimberly Rest,770-385-1732
311,786,US,Bell-Lee,Benjaminland,73684,WY,055 Jessica Valley Apt. 574,296-653-9160x770
311,787,US,Matthews Inc,Luisport,15866,ND,39822 Linda Burg Apt. 966,001-220-438-5886x40788
311,788,US,Morris-Franklin,Christopherfurt,37526,UT,933 Matthew Mall Apt. 303,+1-974-240-8806x708
311,789,US,"Jackson, Werner and Baldwin",New Maryport,29645,CO,26611 Medina Plaza,980-452-6321x19604
311,790,US,Smith and Sons,Gregoryfort,63075,KY,447 Michelle Springs Apt. 317,001-814-461-9953x94676
311,791,US,White-Murphy,Livingstonstad,30921,AL,618 Smith Landing,287.803.6860x5063
311,792,US,Allen-Calderon,Bradleyhaven,84527,CO,0989 Alex Forge Apt. 912,7304252094
311,793,US,"Gonzalez, Bender and Sherman",Hortonstad,30813,PR,260 Cindy Place,(602)675-7454x49205
311,794,US,"Mitchell, Murphy and Palmer",New Allenside,16331,VT,5834 Gill Locks Suite 229,+1-352-817-9705x66036
311,795,US,Collins Group,South Alexmouth,84432,FL,0235 Michael Lakes Apt. 153,+1-901-273-1671x56058
311,796,US,Anderson-Scott,East Johnmouth,40817,NV,64531 Benson Mountain Apt. 571,001-518-898-6646
311,797,US,Price-Martinez,East Nicole,94018,PA,8768 Nicholas Mountain Apt. 237,818.943.0192x2095
311,798,US,Robinson and Sons,Lewisberg,28069,OK,4028 Marco Track Apt. 676,+1-792-442-7739x238
311,799,US,Taylor Ltd,North Barbara,33447,UT,69332 Carter Forest,771-699-8290x7551
311,800,US,"Peterson, Mosley and Brown",Morrisshire,90904,PA,83100 Kramer Gardens,922.562.2777
311,801,US,Crosby Group,South Richardport,96198,NJ,0385 John Union,6593529842
311,802,US,"Holloway, Bowman and Moody",Jessicaberg,65520,KY,675 Ronnie Manor,(859)506-2003
311,803,US,"Bates, Kelly and Bradford",Wareview,54453,VA,9745 Brewer Fords,383-699-7984
311,804,US,"Sloan, Hunter and Johnson",Lisatown,37475,PA,66432 Julie Ramp,661-721-2898x115
311,805,US,King Inc,East Ginachester,97666,UT,39847 Thompson Route,(456)478-7188
311,806,US,Cole Ltd,Brownside,38528,CA,061 Heidi Glens Suite 647,001-899-584-6058x6794
311,807,US,"Weaver, Maddox and Chase",Moorefurt,16141,AR,261 Morales Avenue,765-955-7864
311,808,US,"Mcintosh, Arroyo and Morris",Pamelastad,13591,HI,6400 Paul Mission Suite 868,(740)351-6654
311,809,US,Thompson LLC,Jordanhaven,77666,RI,0233 Barr Meadow Apt. 835,501.870.3630x9442
311,810,US,Thompson Ltd,Jessicaside,80646,WA,94134 Brandy Meadows,+1-619-379-7972x4528
311,811,US,Cox PLC,Alishaport,42152,PW,3567 Travis Bridge,001-257-439-4059
311,812,US,"Haas, Smith and Love",Josephton,31075,CO,925 Bishop Ways Apt. 734,(803)919-7774
311,813,US,Lynch-Sosa,Lake Kylehaven,56253,WA,823 Vincent Throughway Apt. 958,(884)619-6233x2605
311,814,US,Stevens Group,Sarahborough,13432,PR,06629 Diane Row Apt. 518,001-217-888-2426x55946
311,815,US,Young Group,East Desiree,16104,NV,23790 Jeanette Underpass,001-365-948-7084x77954
311,816,US,Crawford-Edwards,Port Natalieside,71383,RI,3781 Aguilar Islands,590.689.4589x6268
311,817,US,"Hunt, Jenkins and Warren",North Gina,52745,CO,96121 Crystal Isle,001-218-981-2988x6182
311,818,US,Sexton Group,Port Davidmouth,77327,DC,2982 Tran Fort,748.264.9703
311,819,US,Henry-Stevens,Atkinsbury,25536,MA,707 Young Courts Apt. 315,650-657-0521x87993
311,820,US,Williams-Richardson,North Teresa,41312,CA,0123 Rosales Flat Suite 871,568-691-0977x97802
311,821,US,"Adams, Simmons and Carter",Cherryshire,38963,AK,6401 Robinson Dale,+1-957-437-8315x975
311,822,US,"Kent, Caldwell and Bates",North William,73843,WI,029 Mark Land,001-742-633-2416x518
311,823,US,"Wright, Reynolds and Price",Lozanoport,38726,WY,4621 Paul Ports Suite 841,+1-374-391-6170x5022
311,824,US,Cunningham-Jones,Patriciaville,30375,WY,7609 Roth Ford Suite 740,001-229-828-6433x0265
311,825,US,"Fuentes, Wilson and Macdonald",Bennettmouth,16637,PA,6610 Wendy Summit Suite 342,2223234998
311,826,US,Hardy Group,South Tracy,81398,WA,77915 Cynthia Harbor,(814)740-9233x5174
311,827,US,Keith-Taylor,Liville,72536,MS,2631 Moss Row,(295)259-2277x6414
311,828,US,Ho PLC,Aaronburgh,97881,AS,1344 Golden Locks Suite 228,+1-639-704-7331
311,829,US,Gray-Stevenson,West Gloriaport,76556,MP,51149 Fox Mountain,001-753-612-0409
311,830,US,Alexander Ltd,Colemanhaven,25970,AR,001 Hanna Corner Suite 391,311-943-6786x21078
311,831,US,Williams Ltd,Mccoymouth,55976,ME,7068 Douglas Meadow,001-833-215-4230
311,832,US,Lopez Inc,New Ryan,44441,SD,052 Keith Court Apt. 420,(367)801-5145x9920
311,833,US,Orozco-Harris,East Derek,18409,KY,53922 Brandon Lane,(601)590-1134
311,834,US,Johnston and Sons,Lake Grant,24295,NC,32394 Collier Loop Suite 523,828-864-4976x0249
311,835,US,Adams Ltd,Lake Lisastad,32943,NE,734 Thompson Mountains Apt. 561,226-865-5914x76253
311,836,US,Evans-Adams,Jeffreyfurt,76733,UT,47466 Estrada Junction Apt. 896,(998)453-2436
311,837,US,Garcia-Wells,Lake Stephen,85024,UT,83543 Jenkins Isle Suite 390,(816)382-4979x39981
311,838,US,Dalton-Nunez,North Philliphaven,86455,ID,03073 Anderson Circle Suite 201,589-367-8082x649
311,839,US,Krause LLC,Bowersshire,39540,WY,2542 Paul Squares Suite 563,591.872.9940
311,840,US,"Baker, Mathis and Miller",East Dawnfurt,94690,LA,96706 Jeffery Forges Apt. 016,625-290-1639
311,841,US,Lee and Sons,Teresaborough,62922,PW,3481 Williams Port Suite 101,(379)230-1481x16049
311,842,US,Allison Ltd,North Edward,74140,MP,1680 Nancy Rapids Apt. 342,234-585-4842
311,843,US,Gonzalez-Coleman,Cunninghamville,64157,MP,86015 Garcia Squares,471-632-1940
311,844,US,Caldwell-Smith,West Christopherberg,70443,NH,2719 Tara Mountains Suite 764,(639)413-8107x49161
311,845,US,May Inc,Justinton,10480,VT,53506 Church Ferry,(216)484-5525x2741
311,846,US,"Cox, Tucker and Stokes",Silvaview,68736,NC,6948 Tina Burgs Suite 195,(475)863-5584x22717
311,847,US,Anderson-Valdez,Richardsonview,50672,VI,0014 Rodriguez Forges,3682624087
311,848,US,Schmitt Group,Weaverton,88622,KY,2820 Russell Fields,611.252.2328x22282
311,849,US,"Ramirez, Murphy and Moore",West Zoe,77971,PA,04108 Chavez Unions Apt. 351,001-413-250-5357x228
311,850,US,Roberts-Bowman,Sueside,05866,PA,302 Melissa Burg Suite 194,001-953-841-9528x144
311,851,US,Roberts-Stephenson,New Benjamin,11642,SD,63578 Emily Forks,289.712.1397x436
311,852,US,Tran-Rosario,Muellershire,75495,ME,429 Mary Rapids,(890)745-2898x60610
311,853,US,Stevens-Hall,Nathanton,11379,MO,76136 Kent Plaza Apt. 253,+1-608-643-7699x2964
311,854,US,Ayala-Porter,West Leah,01700,ND,232 Thompson Hollow Apt. 041,724.715.5369x158
311,855,US,Campbell-Frye,South Grantfort,74307,AS,24257 John Track Apt. 329,694-252-3158x28630
311,856,US,Jacobs Group,Lake Christina,12382,NV,74292 Anthony Corners,(278)821-5392x66937
311,857,US,Andersen LLC,East Davidbury,77357,GA,8502 Brandon Court,+1-390-219-3335x93797
311,858,US,Brown Inc,Lake Bonnie,45274,NE,2256 Graves Circles,555.494.0799x23045
311,859,US,"Young, Rivers and Curtis",Owensside,10392,LA,4743 Smith Streets Apt. 945,791.217.7666
311,860,US,Thompson-Ruiz,Jonestown,75932,GA,578 Richard Cliffs,001-890-922-3116x7870
311,861,US,"Patterson, Rogers and Taylor",Lake Tom,71168,MI,26848 Gutierrez Parks,214-529-4300
311,862,US,Greer-Mejia,New Karen,74504,PW,13246 Greene Road,866.793.2784x17837
311,863,US,"Jones, Duke and Woodard",North Clinton,36518,TN,5266 White Mills,551.527.2455
311,864,US,Clements-Diaz,Edwardsfurt,80926,NJ,8784 Moore Harbors Suite 510,762-350-6929x6568
311,865,US,Cardenas Inc,Cannonmouth,55274,VT,93509 Silva Forge Suite 421,(591)646-5022
311,866,US,Murray-Riggs,West Reneefort,95271,OK,51840 Johnson Forks Apt. 147,+1-723-337-2094
311,867,US,"Nielsen, Freeman and Cannon",Smithborough,53846,SC,286 Adam Cliff,(820)608-4842
311,868,US,"Harris, Haney and Lewis",Lowefurt,03507,WY,896 Cummings Route,436-205-4946
311,869,US,"Galloway, Stark and Ramirez",North Michelleberg,34783,RI,93500 Daniel Isle Suite 617,(380)280-3889x044
311,870,US,Brown-Allen,Richardhaven,45056,CA,3814 Thomas Mount,958-303-0901x68564
311,871,US,Randall-Hayes,Barryton,20786,FM,169 Timothy Cove Suite 115,566.586.1199x76759
311,872,US,Gutierrez Group,Lake Manueltown,44126,ND,3458 Brianna Manors,472-885-3533x99824
311,873,US,Hopkins-Davis,Rogerston,09221,TX,466 Jacobs Fords Apt. 302,353.727.2766x98345
311,874,US,"Mckinney, Martin and Martinez",Sherrychester,14459,IA,730 Martinez Stravenue,3733827777
311,875,US,"Carter, Flores and Steele",Delgadofurt,26508,AL,71210 Jennifer Harbors,(934)947-3057
311,876,US,Todd Ltd,Michaelshire,76858,SC,65965 Powell Motorway Suite 409,+1-468-633-4400x952
311,877,US,Downs Group,Jamesmouth,82308,ID,19143 Stephen Lake,001-747-236-0157x911
311,878,US,"Park, Williams and Sanders",South Alan,66550,AZ,5893 Kirk Junction,+1-378-433-5488x357
311,879,US,Campbell Group,Hudsonview,50885,IA,643 Andrew Fords Apt. 726,(652)282-4685x49272
311,880,US,Cochran Ltd,North Amy,87542,AR,6051 Anita Junction,532-871-6303x356
311,881,US,"Marquez, Wall and Gonzalez",North Rebeccaton,95185,AZ,993 Angela Pike,604-380-2835
311,882,US,Stephens-Harding,New Felicia,81980,WA,43766 John Mall,(628)908-1226x8159
311,883,US,"Jarvis, Hammond and Bradford",Rhondabury,10154,MP,58330 Crawford Flats,+1-879-584-2189x142
311,884,US,Lutz-Quinn,Deborahville,53655,AS,7187 Sanders Crossroad Apt. 636,+1-485-401-6276
311,885,US,Coleman Group,Robertsonhaven,01968,OK,6165 Jacob Row,+1-389-407-4993x598
311,886,US,Peterson-Woods,Hernandezmouth,79571,MP,4083 Moyer Place Apt. 501,001-341-471-6578x939
311,887,US,"Bernard, Roy and Dillon",Laurieside,70346,NV,148 Williams Well,+1-950-709-2449x2878
311,888,US,"Ford, Williams and Hall",Port Donaldborough,02862,DE,250 Dawn Lock,+1-507-542-9069x5222
311,889,US,Jacobs-Nicholson,South Garyton,02288,WY,302 Floyd Lights Suite 249,753.874.0571x446
311,890,US,"Waters, Crawford and Williams",Danielsfort,27800,MN,5345 Juan Shoal Suite 886,(483)848-3483x586
311,891,US,Lewis-Irwin,Zacharybury,20719,AK,5870 Sanchez Trail Suite 983,+1-744-236-9580x50450
311,892,US,"Thompson, Adams and Ford",North Stephenview,23073,PW,077 Robin Overpass,(395)845-0380
311,893,US,Rogers LLC,West Benjaminberg,90826,UT,5028 Larry Junctions,712.579.4337
311,894,US,Salinas Ltd,North Douglasstad,76012,AK,65274 Andrea Ville Suite 251,001-708-357-3838x554
311,895,US,Welch-Reynolds,Port Cassandraland,77125,IN,17455 Campos Forges Suite 062,328.716.7337x4612
311,896,US,Brooks-Henderson,Port Ronald,13805,HI,84818 Myers Bridge Apt. 693,396-830-3995
311,897,US,"Snyder, Brown and Rogers",Jennifershire,71260,FL,673 Stacey Trace,743.388.8048
311,898,US,"Carter, Hernandez and Thomas",South Kenneth,06556,PR,231 Jonathan Mountains,(257)667-2991x154
311,899,US,"Green, Woodard and Boyd",Lake Kevin,57632,FM,10297 Wilson Row Apt. 506,(991)579-2651
311,900,US,Hicks Group,Lake Christina,97971,AR,92219 Randy Club Suite 737,(371)705-2987x70745
311,901,US,Brown LLC,Brentburgh,01271,DC,838 Peters Bypass Apt. 450,(295)686-7603
311,902,US,Jacobs Ltd,West Ricky,90911,NH,1823 Weaver Court Apt. 138,+1-627-421-0513x34601
311,903,US,Smith and Sons,West Laura,23282,AZ,168 Jennifer Route,(636)903-8917x36907
311,904,US,Olson-Williams,West Davidview,92087,VT,70716 Joseph Lakes,7893512370
311,905,US,Khan PLC,New Josephport,47923,KS,9729 Cooper Loaf Apt. 927,(771)837-7188x62639
311,906,US,Taylor Group,Mcleanmouth,71791,IN,5737 James Vista,474.902.2346x14466
311,907,US,Harris-Robinson,Stephanieville,09888,AS,1421 Lopez Pass Apt. 196,+1-763-864-7046
311,908,US,"Davila, Hughes and Dixon",Mcintoshborough,49968,OH,04837 Richard Forks,001-715-592-2912x706
311,909,US,Brown-Velez,South Juliaberg,76392,CT,722 Juan Crossing,630.918.1796x07578
311,910,US,Perkins-Cole,West Evanberg,14454,NM,48656 Black Court,+1-798-810-6173
311,911,US,Davis Group,Port Clinton,78669,NH,7261 Carlson Rest Suite 378,311.593.8999x06820
311,912,US,"Morrow, Porter and Simmons",Baileyburgh,15563,MS,361 Chase Ridges,654.790.0490x37295
311,913,US,"Frank, Gordon and Peterson",Mckeebury,89640,PA,74392 Renee Trail,317-441-9258x14762
311,914,US,"Lopez, Shepherd and Martinez",Hallview,47425,KS,84531 Price Trail,2938079685
311,915,US,"Stanley, Cox and Kramer",Taylorview,96102,AZ,177 Mark Trace,966-581-1339
311,916,US,Chavez-Mendoza,North Timothy,30170,VT,24222 Davis Ridges Apt. 063,(636)654-0181
311,917,US,Jackson-Hodges,Erictown,21124,UT,50947 Bell Course Apt. 861,364-509-9414x75398
311,918,US,Williams-Collins,West Mary,12735,TX,261 Anthony Flats,865-894-2992x02376
311,919,US,"Beck, Duarte and Greene",New Michael,30872,ND,94118 Chelsea Brook Apt. 424,+1-624-506-6283x4633
311,920,US,Scott Group,Curtishaven,50472,NE,086 Cain Extensions Suite 382,(792)485-5074x3509
311,921,US,"Schultz, Boyle and Roman",Chelseafort,83280,VI,96964 Clark Rapid,576-250-4718
311,922,US,Gill PLC,Joshuaside,67171,NH,4966 Jordan Radial,+1-299-847-0617
311,923,US,"Williams, Mathis and Howell",North Anthonyborough,69130,KS,56756 Luna Alley Suite 188,(801)767-4492x34359
311,924,US,Andrade LLC,Katherinetown,85135,MA,9375 Williams Views Suite 286,278-492-5714
311,925,US,Brown-Atkins,New Mario,93001,NM,264 Crystal Trace Apt. 849,568.206.3585
311,926,US,"Larsen, Johnson and Miller",South Andrea,49963,PA,93048 Hernandez Ways Suite 758,(670)636-5620x3634
311,927,US,Fuller LLC,Romerofurt,98439,WA,18123 Nathan Springs,(417)807-3174x45776
311,928,US,Hughes Group,Medinaton,67274,RI,4759 Sutton Run Apt. 485,(995)837-7403
311,929,US,Barnes-Alvarez,West Monicatown,63417,MT,1497 Gonzalez Corners Apt. 573,+1-830-799-0009x4065
311,930,US,"Hunter, Allen and Roberts",Matthewhaven,44217,SD,3523 Shelly Meadows Apt. 004,309.811.0349x561
311,931,US,Chaney-Miller,Lake Oliviahaven,28686,WA,6614 Ruiz Manors Apt. 868,404.779.6668x2905
311,932,US,Cooper-Burke,Alvinland,36706,VT,330 Audrey Ferry,364.605.4739x8622
311,933,US,Gomez and Sons,New Paulton,40914,NM,3389 Jon Street Suite 247,942-503-5944x1023
311,934,US,Gay-Medina,Gutierrezfort,63293,ME,13518 Alan Knoll,453.346.5815x39885
311,935,US,Pierce-Murphy,Port Barbaraport,93022,FM,86558 Nicholas Key,001-292-238-3193x48918
311,936,US,Horne Inc,Michelleborough,34463,DC,2195 Garner Garden,001-609-812-1852x73411
311,937,US,Gonzalez Inc,Nicolestad,48007,ID,53030 Phillips Mission,781.910.9659x845
311,938,US,Figueroa-Zimmerman,Lake Lauren,43169,FM,82991 Richard Ridges Suite 520,(441)491-0616x69100
311,939,US,"Wright, Marsh and Martinez",South Madison,17008,FL,756 Debra Light,+1-296-720-8347x910
311,940,US,"Hall, Bates and Walters",Travisberg,72756,SC,32200 Durham Grove Suite 972,238-771-2951x452
311,941,US,"Forbes, Wilkerson and Pratt",Lake Sarahhaven,52855,AK,48022 Smith Tunnel Suite 474,769.850.9041x898
311,942,US,Mccarty-Green,North Rachelmouth,82683,MP,2388 Schmidt Pass Suite 656,001-299-331-3606x229
311,943,US,Lloyd and Sons,Smithview,63676,MP,719 Jason Brook Apt. 514,295.738.2944x19147
311,944,US,Parker and Sons,New Michael,12687,WA,3095 David Stream Suite 708,488-468-6562x925
311,945,US,"Escobar, Love and Santana",New Jefferybury,49458,IL,8856 Maldonado Village,(676)778-0964x58374
311,946,US,"Wells, Thomas and Hall",North Sharon,42755,MH,592 Hill Station Suite 411,001-948-862-6751x199
311,947,US,Cook-Adams,Kellymouth,09930,WI,641 Alexander Rapid Suite 300,001-235-382-0163
311,948,US,"Murphy, Alvarez and Fowler",West Duane,69225,KY,9276 Tran Port,+1-284-360-1804x0334
311,949,US,Harrell-Gonzales,West Laura,69573,MO,715 Green Mall Apt. 539,(960)496-7462
311,950,US,Soto Ltd,South Sara,39680,RI,92856 Rodgers Springs,(585)202-1553
311,951,US,"Crawford, Peterson and Flores",North Robin,51131,HI,3956 Davidson Grove Suite 607,+1-390-975-1991
311,952,US,Brooks-Jones,Kerryport,79670,WI,3164 Abigail Spring,001-238-959-7477x65659
311,953,US,Ward LLC,Deborahborough,84209,MP,68771 Heath Union Apt. 209,990-976-3415x359
311,954,US,Mcknight Ltd,North Davidmouth,84839,KS,3494 Elizabeth Viaduct Suite 872,(555)778-5641
311,955,US,Wong-Simon,Parkerfurt,70489,MA,3952 Michelle Plain Suite 558,3958794758
311,956,US,Williams-Cobb,Courtneyville,25852,MT,34704 Steven Glen,(797)714-7973x4185
311,957,US,Holmes and Sons,Mcmillanstad,94071,WI,17039 Garcia Club Suite 590,+1-401-770-6794x90786
311,958,US,Frazier-Sanders,North Kara,48363,OR,896 Morales Gateway,(236)973-5589x607
311,959,US,Anderson PLC,West Kimberly,28502,IN,39014 Brandon Mountain Suite 274,+1-236-563-5796x714
311,960,US,"Saunders, Mcpherson and Contreras",South Emilybury,48238,WI,8260 Terri Junctions Apt. 637,001-341-328-8669
311,961,US,Chambers and Sons,North Joseph,86703,GA,61197 Megan Valleys Suite 657,346-753-2554x411
311,962,US,Lewis Group,New Tammy,90567,MA,38819 Sean Stravenue,(684)518-4714x62201
311,963,US,Sanchez LLC,North Danielmouth,22650,ND,0308 Johns Locks,877-409-0676x1837
311,964,US,"Munoz, Smith and Fisher",Barkerland,83929,MT,72048 Hoffman Shoals,618-869-3032x6456
311,965,US,Evans-Chapman,South Benjaminbury,80353,TX,4909 Brewer Forks,325-519-7018x1589
311,966,US,Holder-Thomas,Marshalltown,61104,KY,53193 Chandler Tunnel,626-202-2169x08875
311,967,US,Hancock PLC,East Kendra,48742,ND,439 Adam Lake,335.217.4546x935
311,968,US,Navarro LLC,Port Kathyberg,71683,IA,95589 Knight Bridge,259.571.7717
311,969,US,Reed PLC,Solomonshire,40276,CA,6051 King Valleys,689.353.3768
311,970,US,"Chavez, Wall and Ellis",Mathewstown,51327,KY,5973 Danielle Mountains,001-330-233-2496x75745
311,971,US,Daniels-Prince,New Kevinmouth,95575,AS,81560 Bruce Estates,207.999.5947x6111
311,972,US,"Kennedy, Parker and Cole",Emilystad,55332,MA,89722 Vega Fords Suite 854,+1-803-490-9846x85606
311,973,US,"Robbins, Russell and Robinson",South Kimberly,62938,AZ,7795 Williams Shoal Apt. 996,(363)277-9271
311,974,US,Malone-Mcneil,East Angelachester,23096,HI,8243 Jesse Spur,001-830-623-9934x46060
311,975,US,"Perez, Stark and Ross",Destinyborough,45199,NV,2941 William Gardens Suite 006,248-685-4875x311
311,976,US,Cox LLC,New Leah,42966,IA,4255 Timothy Wall Suite 887,+1-360-520-3922
311,977,US,Stark Inc,New Tanyamouth,73925,MO,99287 Moore Path Suite 314,(849)656-2917
311,978,US,Wilson-Smith,Port Ian,73469,NY,0051 Harold Oval,651-320-2201x7545
311,979,US,Hill-Jimenez,Lake Michelle,09433,AR,6275 Kimberly Knolls Apt. 697,542-503-6078x548
311,980,US,Berry LLC,Thomasbury,90782,OH,8060 Michelle Isle,392.932.6714x858
311,981,US,Davis Inc,New Ryanfort,88228,DC,251 Brandon Vista,+1-928-252-3329
311,982,US,Johnston-Rosales,Richardshaven,21672,OR,8551 Ruben Forest,+1-671-449-2075x741
311,983,US,Hoffman-Mcdonald,New Robert,51026,DC,188 Heather Fall Suite 977,567.772.4434
311,984,US,Dean-Ford,Martinfurt,47936,NJ,6438 Mary Ridges,001-903-848-0424
311,985,US,Sims Ltd,New Justinland,55413,UT,3762 Koch Lodge Suite 225,292-303-6930x914
311,986,US,"Rivera, Owens and Rodriguez",Port Steveburgh,52405,ME,7569 Natasha Roads,684-929-3359
311,987,US,Martin-Johnston,Port Laura,85354,WV,667 Robles Corner Suite 390,(226)224-7365
311,988,US,"Harris, Jacobs and Smith",Lake Teresaton,57166,ME,1442 Gordon Gateway Suite 540,001-942-731-6979x206
311,989,US,Shah-Walker,West Stephanie,90142,OK,045 Jodi Skyway Apt. 528,583.657.3381x3307
311,990,US,Wright-Villanueva,North Henry,30647,NE,22474 Cynthia Plain Suite 372,4335505160
311,991,US,Murphy Inc,Ericksonstad,47227,MD,94042 Paula Viaduct Suite 564,719-592-5512
311,992,US,"Owen, Johnson and Tucker",New Christopherbury,96545,FM,53494 Christina Well Suite 157,001-255-871-6632x82463
311,993,US,Mcgee and Sons,Lake Elizabethside,86632,MN,52007 Ayers Island Apt. 420,898-268-5697x71433
311,994,US,"Williams, Cannon and Johnson",North Sabrinachester,96541,CT,392 Guerra Pine,381.889.3046x16388
311,995,US,"Kennedy, Nichols and Gomez",Sarahton,46444,SC,965 Blake Plain,001-326-672-8007x27208
311,996,US,Moore-Lee,West Robert,02826,NH,083 Kayla Rapids,589.899.5145x498
311,997,US,Snow-Green,Bakerton,57488,MS,5185 Barry Corner Suite 456,2599563431
311,998,US,Chapman and Sons,Lake Antoniostad,69871,MP,5337 Olson Garden Apt. 316,287.319.2615x4872
311,999,US,Baker Inc,West Stephanie,38521,MA,05490 Elizabeth Radial Apt. 976,+1-573-688-7246x1630
311,1000,US,Fox Ltd,North Anthonyland,38649,IN,94930 Holt Station Suite 179,001-965-546-6289
311,1001,US,Garcia-Obrien,Mooremouth,20843,NV,600 David Camp Apt. 340,(667)371-2515x890
311,1002,US,"Rosales, Martin and Atkins",West Chadfurt,57039,AZ,39278 Wise Oval,+1-790-698-6361x5276
311,1003,US,Turner-Smith,Port Tiffany,91475,OH,8863 John Mountain,271.445.0311
311,1004,US,Shelton-Welch,West Kristinbury,88258,OK,61047 Morgan Port Apt. 199,(556)692-4768
311,1005,US,Novak and Sons,Christianland,26453,WV,118 Larry Junctions,632-951-7904
311,1006,US,Shaw Group,New Julieton,51146,NH,8783 Andrew Cove,656-245-7227x579
311,1007,US,Swanson-Johnson,Port Victoria,59448,KS,998 Smith Forks Apt. 913,(894)912-6410x6032
311,1008,US,Hall-Jones,West Tracyfurt,32146,CO,08965 Russell Court,(653)960-6400
311,1009,US,Sampson-Ross,Nancyfurt,83807,SC,481 Smith Run Apt. 610,7776017737
311,1010,US,"Gonzalez, Harris and Branch",South Allisonville,10185,NV,600 Jensen Extension,944-641-5596
311,1011,US,Hall Ltd,Elizabethchester,92425,MA,39170 Jessica Lake Apt. 004,+1-999-526-6536x197
311,1012,US,Vang and Sons,Kathrynberg,36289,NY,238 Singleton Lane Suite 392,868.971.4134x9317
311,1013,US,Jordan LLC,Anitaville,63112,VI,7921 Paul Junction,6698893546
311,1014,US,Weiss PLC,Smithport,87352,SC,7039 John Curve Suite 186,(292)255-2905x0926
311,1015,US,Estrada Inc,North Lisachester,10174,MT,738 French Trail,001-698-812-1300x8823
311,1016,US,"Weber, Duran and Parks",Woodsborough,88824,IL,44817 Fry Gardens,+1-465-256-1922x1882
311,1017,US,Lewis-Miller,Shortville,63506,MS,302 Robert Track,369-836-8359
311,1018,US,Hamilton-Smith,East Jeremiah,76182,TN,932 Taylor Place,(667)712-6937
311,1019,US,Mayer LLC,New Robert,34220,KS,843 Wang Stream Suite 811,243-730-6409
311,1020,US,"Porter, Miller and Cook",Brittneyton,84427,PW,278 Hickman Center Apt. 591,001-820-246-3721x626
311,1021,US,Thomas LLC,Charlestown,23466,RI,9997 Hammond Stravenue Suite 939,(379)355-1924x741
311,1022,US,Leonard-Huerta,Smithhaven,56297,FL,7611 Michael Point Suite 233,4084056308
311,1023,US,"King, Walsh and Taylor",Walkerburgh,15001,AZ,883 George Mill Apt. 654,+1-952-220-7201
311,1024,US,"Phillips, Gardner and King",South Evelynburgh,64733,RI,65129 Gomez Course Apt. 051,8814948422
311,1025,US,Vaughn Inc,South Alex,59718,DC,50283 Janice Field,+1-242-343-7539x16928
311,1026,US,Fletcher-Walker,Larsenchester,80745,MS,403 Michele Glens Suite 441,2616664970
311,1027,US,Mccormick-Rivera,North Markville,64700,MT,96280 Kenneth Crest Suite 050,+1-496-599-6131x5255
311,1028,US,"Martin, Guerrero and Petty",West Wesleyside,25811,NH,435 Singh Squares Suite 762,439-950-1115x25586
311,1029,US,Padilla-Arnold,South Billy,11308,NV,903 Jonathan Knolls Apt. 971,+1-761-642-2935
311,1030,US,"Simon, Carlson and White",Jillstad,74364,MT,7799 Daniel Field Suite 983,3453762745
311,1031,US,Smith-Hudson,Tammyshire,61417,PW,52213 Nicholas Pike,+1-560-208-3476x128
311,1032,US,"Mcneil, Simpson and Myers",Lake Darrylbury,96252,MP,927 Cynthia Isle Suite 033,678.585.2858x98681
311,1033,US,"Mcdonald, Horton and Williams",Lake Adambury,65570,OR,994 Edwards Spur Suite 441,6765926265
311,1034,US,Mack-Greer,Lake Peterview,33201,MA,859 Steven Rest,001-396-858-5783x756
311,1035,US,Fox-Ferrell,West Erica,64569,MP,71776 Nicole Spur,+1-535-500-7883x6922
311,1036,US,"Dawson, Morris and Smith",South Bonnie,79670,MA,502 Christopher Dam,+1-665-232-7355x14972
311,1037,US,Taylor and Sons,West Timothy,10309,LA,509 Jennifer Island Suite 570,(800)661-7413
311,1038,US,Giles-Mcguire,Laurenfurt,15070,WI,89391 Tim Street,001-706-850-7612x22830
311,1039,US,Campbell-Grant,Johntown,34143,MN,5950 Tara Forest Suite 607,278.694.3327x6399
311,1040,US,"Colon, Johnson and Stone",South Ariana,94987,TN,9022 Bryan Mills,(750)361-7906x701
311,1041,US,Johnson and Sons,West Kyle,04847,NH,721 White Cliffs Apt. 339,001-919-329-6921x0530
311,1042,US,Thompson Group,Port Brianside,17006,FM,377 White Tunnel,9544985788
311,1043,US,"Mahoney, Brown and Lee",Lake Donna,91425,WA,26980 Green Squares,(658)995-2476x09606
311,1044,US,Neal LLC,Gregorymouth,29011,NV,477 Smith Alley Suite 657,670.461.2988x972
311,1045,US,Boyd-Pope,New Laura,19719,MH,164 Samuel Alley Suite 371,+1-886-605-6688x0316
311,1046,US,Montes-Ray,Cynthiaberg,61608,OR,24285 Tonya Spring,+1-941-260-1991x98480
311,1047,US,"Wilson, Smith and Robertson",Tuckerville,48606,GA,7107 Brown Fork,468.695.7967
311,1048,US,Miller-Brown,North Austinshire,00567,AR,17850 Alexander Causeway Apt. 549,923.692.0102x9759
311,1049,US,"Murray, Schwartz and Alvarado",Daniellechester,42613,PA,442 Hernandez Shore Suite 204,764-315-3740
311,1050,US,Allen PLC,Port Sean,56042,WY,997 Ferguson Summit Suite 085,371-674-9058x49688
311,1051,US,Chapman-Johnson,East Stephaniemouth,66471,MO,0574 Rivera Port,+1-398-363-2453x527
311,1052,US,Davis Inc,Laurenland,70523,KS,689 Carlson Viaduct Apt. 135,001-261-283-0734
311,1053,US,Hernandez Group,Ericfort,87362,DC,5482 Morse Plaza,692-914-7498
311,1054,US,Hughes-Phillips,South Susan,63648,VA,721 Jordan Mount Apt. 758,9459292676
311,1055,US,Rivera-Ramirez,Nicoleport,09580,IA,19293 Vang Alley Suite 962,001-375-419-3463x890
311,1056,US,Skinner-Rice,Timothybury,55804,VA,1156 Taylor Curve Apt. 070,+1-965-694-8053x16022
311,1057,US,Wright and Sons,Horneburgh,85772,VT,86244 Brennan Knoll Suite 311,(913)280-7828
311,1058,US,Butler-Flores,Michaelhaven,43928,NY,3565 Miller Burgs Apt. 882,621-428-8669x05946
311,1059,US,"Mason, Moore and Schwartz",Shaneton,43536,FL,13298 Davis Street,001-823-420-3668x64277
311,1060,US,Duffy-Park,Jacobberg,69862,NH,32087 Hoffman Village Suite 710,(428)933-4557x35623
311,1061,US,Newman-Wang,West Markmouth,70066,MI,02732 Andrea Via Suite 042,902-955-5468x939
311,1062,US,"Johnson, Garcia and Perry",West Kristinachester,84076,WY,7386 James Branch Suite 484,001-767-733-2291x2489
311,1063,US,"Marshall, Norris and Johnson",Vancebury,89287,RI,9942 Hill Oval Suite 089,930-312-0339x80138
311,1064,US,Thomas-Walker,Rogerton,42505,MH,80153 Stephen Villages,956.370.2772
311,1065,US,Howe-Diaz,Kellerstad,61145,UT,7595 Cherry Burg Suite 536,(391)571-4854
311,1066,US,"Cooper, Martin and Edwards",Douglaston,59893,MH,65119 Christopher Village,(674)945-2030x276
311,1067,US,Johnson Ltd,West Stephanie,25214,GU,321 Joann Haven Suite 029,363.240.9412
311,1068,US,Higgins-Keller,Timothymouth,76915,OK,047 Davis Union,+1-632-554-6018x9113
311,1069,US,Owen-Mckinney,Jonesborough,79252,WI,276 Miller Park Apt. 421,001-612-202-9138x13014
311,1070,US,Montgomery PLC,New Amyhaven,93746,CA,645 Jacob Views Apt. 990,821.933.5683x17236
311,1071,US,Frey Ltd,South Christopherborough,91043,OH,187 Johnson Via,7138320344
311,1072,US,Rubio Inc,Patriciafort,51729,MI,775 Michael Wall,+1-372-331-6316x0378
311,1073,US,"Compton, Powers and Bray",West Kayleemouth,04561,ID,06670 Michael Rest Suite 696,(293)223-3700x7158
311,1074,US,"Simpson, Gentry and Hill",New Robertbury,24435,IL,06587 Mitchell Square Apt. 923,759.709.7228x582
311,1075,US,"Hill, Stewart and Berg",New Kayla,76012,MT,48236 Daniels Ford,+1-273-269-3238
311,1076,US,Neal-Jenkins,Diazport,54672,MT,674 Philip Overpass Apt. 206,817.255.2977
311,1077,US,Green PLC,Adamville,15037,WA,1572 Jasmine Station Apt. 611,(486)811-4603x61189
311,1078,US,"Goodman, Patton and Peterson",Nicholasstad,34344,HI,368 Buckley Tunnel Apt. 771,203-244-5459x566
311,1079,US,Riddle Inc,New Stephanieberg,20448,NM,86974 Hannah Run,001-573-668-3850x9570
311,1080,US,Norman PLC,South Feliciastad,04845,ND,36403 Velasquez Road,784-737-7006x279
311,1081,US,"Martinez, Shepherd and Wheeler",Jonathanfurt,56566,OK,2175 Anderson Junctions Apt. 800,661-773-4479
311,1082,US,"White, Edwards and Wilson",Dawsonside,30379,GU,4897 Gloria Springs,6017707812
311,1083,US,Sullivan-Jones,North Melissa,74724,ME,42355 Kristin Via Apt. 372,+1-887-656-7981x30265
311,1084,US,"Bryant, Dawson and Davis",West Zacharyberg,96021,VA,708 Jones Stravenue,8796116114
311,1085,US,Reyes-Banks,New Melissabury,08411,WV,4247 Susan Via Suite 237,001-774-587-7007x8812
311,1086,US,Cook Inc,North Karen,95800,WI,226 Armstrong Prairie,7965660286
311,1087,US,"Haney, Calderon and Lucas",Stephenchester,40797,MO,00370 Sergio Valleys,578.408.8669
311,1088,US,Jimenez Ltd,New Tamarahaven,31247,KY,267 Fernandez Way Suite 296,(807)744-5657x267
311,1089,US,"Hill, Ayala and Hicks",South Whitneyview,65828,NJ,03452 Bruce Mews Apt. 693,5325645257
311,1090,US,Carr Ltd,South Karenview,05641,VA,51685 Deborah Groves Suite 675,225-783-7990
311,1091,US,Ross Group,East Derek,57448,IN,2285 Moore Trail,537.923.7225x93103
311,1092,US,"Hale, Mcclure and Smith",Douglasborough,33397,MH,70433 Olivia Flat,+1-218-683-8456x12578
311,1093,US,Robinson-Garcia,Karenville,63090,MT,064 Richard Knolls Suite 421,(478)937-9264x053
311,1094,US,Holland PLC,Boydstad,81338,IL,288 Cynthia Ports Apt. 397,+1-797-883-3150x321
311,1095,US,Yates-Chan,East Martinfurt,57636,NE,067 Veronica Park Suite 714,001-398-263-2895
311,1096,US,Rose and Sons,Dwaynefort,50456,GA,55963 Phillips Ports,+1-763-799-4959x40389
311,1097,US,"Mitchell, Cox and Osborne",Jamesfort,08130,NY,00210 Jill Mountain Apt. 663,+1-525-367-3223x48749
311,1098,US,Contreras-Smith,New Davidtown,40132,OH,0732 Collins Throughway Suite 893,+1-578-959-5417x60909
311,1099,US,Sellers LLC,Danielleside,14583,AL,7346 Ali Village Suite 473,001-838-878-0528x905
311,1100,US,Hull-Miller,South Amy,40208,WA,1988 Tiffany Harbor Apt. 450,+1-468-559-3806x250
311,1101,US,Hunt PLC,Ramirezburgh,35263,IN,54869 Thompson Creek Apt. 156,5387710880
311,1102,US,Barnes-Roberts,Smithport,77493,AS,76474 Jordan Prairie,516-812-2150
311,1103,US,"Edwards, Bell and Kramer",Lake Annaton,06059,WY,58933 Nathan Vista Suite 601,985.550.0295
311,1104,US,"Smith, Frey and Wilkerson",East Melissastad,61540,CT,8061 Lawson Trail,001-313-565-0551
311,1105,US,"Jenkins, Kim and Shaw",Jonestown,70790,AL,293 Karen Vista Suite 071,+1-761-429-3321x349
311,1106,US,Williams LLC,Lake Brettborough,63153,VI,7588 Cruz Stravenue,548.206.6112x620
311,1107,US,Vargas-Greer,South Louisland,22523,DE,601 Rachel Shores,001-923-499-3302x5598
311,1108,US,Patterson and Sons,North Krystal,87368,MA,891 Nicole Squares Suite 196,+1-404-250-5211
311,1109,US,Sparks Inc,South Kristiville,90814,FM,4608 Heather Parks,640-683-4695
311,1110,US,"Hutchinson, Johnson and Powell",Mariahaven,05053,MT,745 Reynolds Point,698.359.0742
311,1111,US,Thomas-Montgomery,West Christinemouth,85768,NV,53847 Mullins Rapids Apt. 953,9166472861
311,1112,US,"Joseph, Wu and Flores",East Tammyfurt,17471,PA,1166 Kayla Plains Suite 603,798-824-6896x7016
311,1113,US,Combs Ltd,Underwoodport,06373,GA,7231 Marco Harbor,(735)625-6008
311,1114,US,"Myers, Brown and White",Stephanieton,44997,WI,53531 Jennifer Passage,456-305-9934x232
311,1115,US,Munoz and Sons,Sabrinabury,95598,CT,140 Hunt Greens Apt. 779,001-982-340-2116x82313
311,1116,US,"Rodriguez, Smith and Williams",Hernandezport,21816,MT,8963 Ward Mountains Suite 452,(434)788-8237x25442
311,1117,US,Murphy Inc,Cordovaside,99752,HI,0345 Hall Street,428.972.0476x76660
311,1118,US,Flores-Horton,Millerberg,07790,SC,3136 Munoz Cove Suite 262,307-241-4430
311,1119,US,Miller-Weeks,Douglasfurt,40594,MI,4331 Davis Crossing Suite 333,597-629-6970x100
311,1120,US,Phillips PLC,Diazside,92384,MI,188 Mary Mountains Suite 021,(499)927-9437x638
311,1121,US,Aguilar-Williams,East David,22439,HI,548 Sarah Mill,9476314836
311,1122,US,Ruiz-Garrison,Adamtown,29491,MO,5600 Gray Stravenue Apt. 282,428-921-9386
311,1123,US,"Tyler, Farmer and Anderson",Jeanetteborough,78973,IL,45969 Eileen Camp,(566)704-8531x2344
311,1124,US,"Shepherd, Hill and Johns",North Tammyport,57254,MI,42106 Taylor Springs,370-348-3648
311,1125,US,"Jenkins, Morgan and Bailey",Joannaside,82476,VT,421 Victor Throughway Apt. 136,865.997.2767
311,1126,US,Freeman-Bradley,Kristinachester,09925,IL,74919 Robinson Via Apt. 884,(967)823-3990
311,1127,US,Cox Inc,North Charlesbury,80427,CT,8044 Kara Loop Suite 792,001-214-699-0108x61647
311,1128,US,"Pollard, Hopkins and Duncan",West Tinafort,29883,NC,7996 Estrada Loaf,620.596.1023x726
311,1129,US,"Thompson, Cox and Lindsey",Pollardview,48089,RI,55793 Kayla Overpass Suite 011,+1-754-891-7732x60968
311,1130,US,"Arnold, Herrera and Davidson",Websterton,99616,NC,973 Mason Neck Suite 336,747-802-6327x676
311,1131,US,Moss-Holmes,Cruzview,76964,SC,1553 Nash Glen Suite 024,6538772908
311,1132,US,Johns-May,Marvintown,31568,NV,8078 Nicholas Place Apt. 385,(693)229-1369x6480
311,1133,US,Walker-Clark,Christophertown,95097,FM,24051 Leah Divide Suite 583,+1-679-863-3467
311,1134,US,Holt-Cuevas,Shieldston,32959,IL,3997 Rodriguez Ranch,(909)841-0102
311,1135,US,Webb PLC,Lake Morganmouth,15572,MO,497 Knight Mountains Apt. 833,6619443575
311,1136,US,"Lawrence, Wyatt and Johnson",Elizabethburgh,54226,AZ,0687 Reynolds Mountains,8713812923
311,1137,US,Hudson and Sons,South Steven,48200,PA,133 Jenkins Parkway Suite 058,001-207-991-0651x06407
311,1138,US,"Harris, Medina and Brewer",Schmidtview,67647,ID,48573 Spears Isle,+1-340-944-9272x80903
311,1139,US,"Booth, Hunter and Conner",Laraview,32705,WA,7859 Vaughan Grove,4882959303
311,1140,US,Sims-Watson,Port Jennifermouth,20753,NE,52302 James Forges,5922356540
311,1141,US,Harper-Watkins,Joshuaton,24094,TX,20129 Lewis Point Suite 004,(231)682-0682
311,1142,US,"Baxter, Casey and Johnson",North Regina,45929,ME,738 Ramos Views Suite 973,001-782-345-5381
311,1143,US,"Moore, Thomas and Gregory",South Sarah,17737,OR,85255 Jennings Trail Apt. 559,6306819695
311,1144,US,"Shaw, Hughes and Leonard",Alexisport,67675,OH,150 Destiny Heights Suite 403,307-269-5559x35588
311,1145,US,"Sherman, Anderson and Hernandez",Parsonsport,59093,WI,774 Andrews Falls Suite 412,987.224.9379
311,1146,US,Snyder Ltd,Morganstad,79123,LA,674 Samuel Curve Apt. 956,+1-671-225-5935x02767
311,1147,US,Turner-Casey,South Dylan,63766,MO,14513 Garcia Route Apt. 054,(358)834-5595x562
311,1148,US,"Huber, Alvarado and Harris",Lyonschester,54864,NY,950 Hinton Summit,001-910-386-0431
311,1149,US,Bartlett-Becker,Katieland,82518,VT,336 Eaton Tunnel Apt. 160,398.388.5010x55839
311,1150,US,Wood and Sons,North Evan,37861,AR,333 Sanchez Radial,3205388782
311,1151,US,"Phillips, Cisneros and Cole",Port Katelynmouth,57160,MO,420 Kerry Squares,424-826-6474
311,1152,US,Hill-Johnson,Wongborough,90183,WV,9663 Wheeler Run,981-387-7449x92468
311,1153,US,Randolph-Scott,Port Ashley,92662,MA,55664 James Harbors,8268908964
311,1154,US,Contreras-Morton,North Donnaside,24364,MP,232 Reyes Overpass,(620)237-3378
311,1155,US,Lowe-Brown,Vasquezport,93148,FM,8304 Murphy Lights Suite 765,886.680.0551x267
311,1156,US,"Scott, Guzman and Lewis",Sextonburgh,61697,AZ,1465 Nicole Union Suite 200,721-386-7471x5203
311,1157,US,"Andrews, Armstrong and Rose",Port Matthewstad,82728,CT,58508 Connie Field,(929)287-6632
311,1158,US,Anderson-Harris,North Richardhaven,81189,CA,05229 Allison Keys Suite 496,(899)305-2702x599
311,1159,US,Pham and Sons,Rebeccahaven,25894,AZ,77513 Ronnie Branch Apt. 216,+1-997-545-3714
311,1160,US,Williams and Sons,New Davidport,33126,AS,66656 Gregory Flats,(716)455-8062x4755
311,1161,US,Bryant-Taylor,Lake Johnfort,98462,AR,5100 Berger Vista,+1-368-870-6905x71121
311,1162,US,Kane-George,East Michael,25093,OK,305 Moreno Street,001-651-565-7079
311,1163,US,Valencia Ltd,North Dylan,23653,MO,8551 Douglas Bypass Suite 115,001-848-780-5109x334
311,1164,US,"Wright, Hooper and Harris",North Leslie,93387,WI,437 Aaron Viaduct Suite 164,977.202.1704
311,1165,US,Fuentes LLC,New Rachel,29857,VI,971 May Vista,+1-756-281-7697
311,1166,US,Munoz-Snyder,Lake Kim,31824,AK,55916 John Run,679-636-4708
311,1167,US,Cruz Ltd,Sarahstad,20062,WA,357 Elizabeth Walk Suite 509,462-807-8562x271
311,1168,US,Wolf Ltd,Frenchland,16397,OH,010 Ryan Alley Apt. 949,8814700327
311,1169,US,"Johnson, Hickman and Pham",Marshallfort,65481,WY,49726 Nicole Courts,995-969-6460
311,1170,US,Reid PLC,Petershire,90396,DE,05135 Allen Stream,001-974-789-2500
311,1171,US,Coleman Ltd,Natashahaven,55035,SC,58182 Tracy Parks Suite 874,779.835.9958x4383
311,1172,US,"Lane, Harrison and Martinez",Duaneton,11020,RI,64691 Patrick Overpass,791-596-9933
311,1173,US,"Johnson, Burton and Sanchez",Hawkinston,42566,SD,287 Hall Isle Suite 262,3293487478
311,1174,US,Hansen Group,West Julie,16520,NV,222 Christopher Rue,786.950.3947x505
311,1175,US,"Keller, Hardy and Norman",South Kevinland,16955,TN,45353 Casey Isle Suite 509,(872)709-4803
311,1176,US,Schneider-Braun,New Jonathan,26645,OK,8670 Nguyen Locks,001-243-694-4101
311,1177,US,Hodge Ltd,Greenborough,46219,KY,01818 Carr Road,+1-313-329-3575x3848
311,1178,US,Nguyen Group,Port Jacobmouth,48923,MO,164 Patrick Hollow,454-562-0213x54692
311,1179,US,"Mitchell, Henry and Dalton",Sanchezport,30526,KY,0954 Jennings Stravenue Apt. 603,001-581-707-9516
311,1180,US,Jones Ltd,Lake Gregoryburgh,22187,LA,5616 Rebecca Junction,(441)785-4133x36650
311,1181,US,"Mcbride, Jones and Conway",Andreamouth,85277,RI,578 Ariel Squares,624-392-2191x14299
311,1182,US,Rodriguez-Smith,East Lisastad,91382,VT,939 Justin Extension Suite 520,620-617-4020
311,1183,US,Montgomery-Gordon,Powellport,71772,CA,2913 Bryant Skyway,391-364-4915x32180
311,1184,US,Brown LLC,East Curtis,53276,MP,42840 Dylan Stream,001-646-426-7132x0253
311,1185,US,Herrera Group,Port Shanefurt,04385,ME,398 Bowman Meadow,001-767-440-8772x107
311,1186,US,Cameron-Williams,Port Jeffery,05192,FM,09724 Brock Dam Suite 426,(741)468-9392x763
311,1187,US,Peters Inc,Port Sarah,76071,ID,327 Black Neck Apt. 423,(873)418-9959x311
311,1188,US,"Miller, Lee and Wright",Cortezstad,01397,GU,077 Smith Point Suite 949,+1-596-235-7686x621
311,1189,US,Barr-Howard,Andreastad,36926,WA,59551 Lisa Views,805.591.5419
311,1190,US,"Barker, Rodriguez and Adkins",North Candicefort,40952,MA,363 Avila Street,+1-605-404-1737x223
311,1191,US,Cline-Tucker,Oneillton,93479,ID,81281 Brown Turnpike,899.535.4752x11275
311,1192,US,Vance-Robinson,West Catherineborough,31775,CT,862 Brian Meadows,001-659-740-0381x8036
311,1193,US,"Davis, Johnson and Williams",New Ericland,93093,KS,170 April Manors,668-978-7321
311,1194,US,Clark and Sons,West Jacobport,87571,NM,34421 Robert Circles Apt. 046,7107413135
311,1195,US,"Gibson, Turner and Williams",Wolfberg,90237,TX,395 Fischer Square,921.976.1898x987
311,1196,US,Alvarez-Kim,Michelleborough,66050,NJ,123 Amanda Ports Apt. 972,6487730451
311,1197,US,Stevenson-Ortiz,Lake Jillmouth,95422,IN,88079 Maxwell Stream Apt. 315,258.759.3918x5362
311,1198,US,Wilcox-Burke,New Ian,11137,TX,0638 Abbott Motorway Apt. 207,+1-515-737-8420x5555
311,1199,US,Campbell-Malone,South Katherinehaven,93327,OR,7888 Dawn Stream Apt. 100,820.340.9471x124
311,1200,US,"Wallace, Barnett and Medina",West Codytown,91472,ME,7186 Tapia Drive Suite 244,904.298.6711x0187
311,1201,US,Allen LLC,Frankport,86957,LA,73246 Barton Port,+1-974-490-3043x817
311,1202,US,Powell-Berry,Tannerport,69627,DE,301 Saunders Heights,323.414.5651
311,1203,US,Richardson-Miller,Brownbury,36051,IA,3256 Phillips Via Suite 362,212-831-1541x11902
311,1204,US,Burns and Sons,Banksborough,07416,WY,2214 Martin Way,(773)653-8425x61161
311,1205,US,Navarro-Gutierrez,New Joshuamouth,41734,IL,8268 Jennifer Road Suite 081,599-740-2323x585
311,1206,US,"Brown, Clark and Caldwell",Nancyburgh,67083,NC,0750 Moran Pass,497-635-4425
311,1207,US,"Haynes, Vasquez and Olson",Kimberlyview,74621,MS,304 Campbell Center Apt. 606,001-988-726-4862
311,1208,US,Lang-Crawford,Port Norma,74225,MI,609 Donald Brooks Suite 072,(545)439-6016x099
311,1209,US,"Paul, Harrison and Alexander",South Stephanie,47761,TN,743 Gina Trail,6326503943
311,1210,US,Stevens PLC,Ericbury,56518,CO,496 Rogers Union Suite 959,(378)512-7317x427
311,1211,US,Horn Ltd,Rachelburgh,28455,PA,2761 Ortiz Via,804-504-6551x128
311,1212,US,"Miller, Martinez and Smith",East Jasmineberg,70217,VT,74595 Laura Pine,001-627-567-7423x935
311,1213,US,Wilkins Group,Lake Kristin,94276,NV,692 Mallory Key,300-626-0772
311,1214,US,Shannon Ltd,Stephaniehaven,51011,FM,3715 Alvarez Creek Apt. 520,+1-798-231-8730
311,1215,US,Dean-Skinner,Colebury,14322,DC,41485 Patricia Trafficway Apt. 759,+1-208-926-8009x0722
311,1216,US,Savage Inc,Michaelbury,78647,SD,602 Jason Via Suite 998,001-275-817-5790x3230
311,1217,US,Mercado LLC,South Matthewburgh,96739,KY,00788 Snyder Keys,675.958.5095x91450
311,1218,US,Valenzuela Group,Howellfurt,17269,NV,651 Keith Spurs,(804)438-4504
311,1219,US,Tucker Group,Eileenport,79769,VI,416 Cole Bypass,388.369.8585x749
311,1220,US,Foster Group,Davidsonchester,38472,CO,397 Robinson Mountains Apt. 124,001-631-564-5982
311,1221,US,Payne-Nelson,West Benjaminshire,26834,MS,87569 Valerie Square Apt. 032,235.271.2567x2123
311,1222,US,"Deleon, Ellis and Hunter",Kristinville,48658,IN,425 James Avenue,001-280-557-8369
311,1223,US,Harris LLC,Port Reneebury,83977,MO,329 Hamilton Plain Suite 997,001-570-570-6007x4614
311,1224,US,Johnson-Williams,Jessicaland,96127,VI,4368 Miller Stream Suite 387,(321)457-7405x45866
311,1225,US,Wolf-Ramsey,Carlosburgh,64599,NY,14198 Thompson Fords Suite 921,+1-222-933-9982x1590
311,1226,US,"Short, Lewis and Booker",West Jenniferhaven,34391,WI,7715 Rodriguez Mountain Suite 604,968-893-9116x45767
311,1227,US,Velasquez-Ball,Moralesview,63501,MO,520 Horn Dam,001-264-655-2175
311,1228,US,"Hanson, Stone and Moreno",Ferrellmouth,47764,ME,20618 Schwartz Mall Apt. 987,+1-238-564-0067x24663
311,1229,US,Mcbride Inc,Johnborough,12161,ND,330 Daniel Creek,440.665.4885x58755
311,1230,US,Hernandez-Long,Charlesborough,54511,PA,5783 Jones Mission Apt. 871,+1-835-656-6963x38958
311,1231,US,Marshall PLC,West Shirley,51235,MH,199 Kimberly Street,(424)869-4762x93684
311,1232,US,"Heath, Copeland and Washington",Leefort,74502,VA,02719 Erin River,620-738-7212x15190
311,1233,US,"Hogan, Jackson and Torres",Robertburgh,20227,AZ,5663 Carolyn Springs,(308)624-3262x538
311,1234,US,Young Ltd,Edwardshaven,37701,CA,02484 Karen Key Apt. 745,9932328099
311,1235,US,Baker Inc,Sarahborough,11778,AK,7182 Erica Squares,001-832-377-3765x547
311,1236,US,Martinez-Kelly,West Luke,73562,CT,1266 Rodriguez Springs Apt. 939,001-629-542-7021x5013
311,1237,US,"Wright, Williams and Moore",Williamport,59019,NJ,91299 Jeffrey Creek,001-391-627-5939x557
311,1238,US,Miller Ltd,South Shelbyburgh,23736,AZ,591 Adam Harbor Suite 364,364.644.3296
311,1239,US,Moore Ltd,Lake Brianberg,22147,PW,8352 Romero Vista Suite 857,209-233-8530
311,1240,US,"Williams, Brown and Henderson",West Wyatt,56092,SD,5465 Martinez Expressway Suite 703,746-633-2465x6841
311,1241,US,"Jenkins, Gonzalez and Martinez",Troymouth,99630,CA,76965 Gentry Lodge Suite 600,+1-333-275-2296x4842
311,1242,US,"Moore, Arellano and Anderson",Lake Josephstad,63409,PW,372 Todd Loop Apt. 414,(364)530-2970
311,1243,US,Moore-Garza,North Allen,26756,MN,3922 Johnson Stravenue,+1-249-962-8407x69539
311,1244,US,"Peck, Hopkins and Douglas",Powelltown,07093,NV,4666 Lawson Spurs,+1-436-709-4386
311,1245,US,"Smith, Murphy and Riley",Kristinchester,22149,OK,66923 Mark Street Apt. 734,001-668-692-7047x233
311,1246,US,Butler-Garcia,Craigport,79078,VA,80686 Wayne Plaza Suite 887,+1-824-749-4039x518
311,1247,US,Marsh-Hall,Joshuaside,71310,IN,83801 Riley Field,276-391-2377x939
311,1248,US,"Mcdowell, Moore and Marsh",South Jasonhaven,48612,HI,23915 Javier Fields,363.414.0982
311,1249,US,Williams-Sanchez,Webbton,15233,HI,031 Tucker Island Suite 900,001-501-691-7653x244
311,1250,US,Mueller PLC,Wilsonland,41476,LA,6911 Bray Centers Suite 027,(282)504-0093
311,1251,US,Burton-Bradley,East Maryburgh,15345,MS,59324 Amy Dam,+1-852-976-2520x21311
311,1252,US,"Reed, Roberts and Rice",East Pamela,65264,TX,16781 Linda Mountain,001-686-429-0251x5386
311,1253,US,Ramos-Chan,East Billy,75654,ME,5304 Michael Flat,798-741-0507
311,1254,US,Rose PLC,Frankport,54615,NM,37846 Bishop Causeway Apt. 830,+1-976-444-0583x5501
311,1255,US,Jackson-Davidson,Sanchezberg,72393,HI,83205 Christopher Estate,334-206-3680
311,1256,US,Johnson-Turner,Edwardsland,88897,NJ,1170 Nelson Knoll Suite 968,+1-263-612-4079
311,1257,US,"Evans, Cohen and Case",New Bryanville,13581,WV,6767 Butler Cliffs Suite 249,(901)970-9217x6451
311,1258,US,Anderson and Sons,New Adam,92771,MI,7827 Sandoval Islands,920.595.9284
311,1259,US,Fletcher-Porter,Bernardborough,28676,SC,702 Johnson Via Apt. 986,+1-563-798-4648x44273
311,1260,US,"Blake, Flynn and Reed",New Chris,96582,OH,762 Thomas Isle Apt. 340,(320)716-6334x0142
311,1261,US,Norris-Scott,Gregorychester,28259,MO,862 James Mount,6446455143
311,1262,US,Miller Inc,Morganshire,35232,LA,4218 White Road Suite 638,951-429-1164
311,1263,US,Guerrero-Roberts,Thompsonmouth,95979,IL,99875 Michael Walk Apt. 075,445-518-3479
311,1264,US,Morgan Group,West Mark,26265,CA,812 Sullivan Hills,678.862.4301
311,1265,US,Simmons Ltd,Wilsontown,49996,AS,74912 April Overpass Apt. 650,(514)371-5901x12502
311,1266,US,Williams-Browning,East Reneefort,22135,OH,321 Brian Lock Apt. 498,425-207-9669x9784
311,1267,US,Holland LLC,West Maryberg,34237,MO,737 John Vista,+1-661-959-5285
311,1268,US,Keller-Terry,Port Rachael,92556,WV,305 Porter Ports,598.636.7607x4105
311,1269,US,"Chambers, Garcia and Smith",Lisabury,75185,AR,6028 Saunders Roads,(796)360-9635x47607
311,1270,US,Miller Inc,Davidburgh,87439,DC,4180 Melissa Key Suite 085,+1-735-265-3524x377
311,1271,US,Sharp-Butler,Kiaramouth,60629,MH,4852 Jones Extension,484-667-9017x52279
311,1272,US,"Jennings, Abbott and Patterson",East Kristin,52590,NM,999 Douglas Viaduct Apt. 854,3704084159
311,1273,US,Thomas-Elliott,Terrymouth,29517,MP,39763 Martin Haven Suite 142,001-662-804-0852x0633
311,1274,US,Jones PLC,Foxborough,59329,FL,659 Donna Square,704.619.1716x03330
311,1275,US,Miller-Santos,South Denise,56846,AR,093 Jeffrey Plaza,+1-802-910-9367
311,1276,US,Logan-Gibson,Petersonmouth,49977,ME,4590 John Parkways Apt. 954,751.710.2693
311,1277,US,Young Inc,East Hayley,25220,SD,51485 Francis Burgs,602.364.0626x067
311,1278,US,Chen-Martinez,Kevinhaven,63089,NE,64834 Shawn Wells,001-773-902-9406
311,1279,US,Cooper Ltd,East Jeremystad,66986,RI,7125 Amanda Pines,001-389-619-9495x16599
311,1280,US,Huff-Long,Yeseniachester,33455,WI,39004 Tanya Extension Suite 286,785.254.7018x9779
311,1281,US,Barry LLC,Hayeston,98622,RI,7250 Rebecca Square,6048177073
311,1282,US,Chambers Inc,Davisport,02149,WA,921 Mcclure Keys Suite 527,(742)283-2867x851
311,1283,US,Solomon-Myers,West Michaelmouth,14894,UT,6616 Castro Prairie Suite 093,(536)546-0595x51611
311,1284,US,"Cook, Joyce and Lopez",Rebeccaland,67447,FL,9619 Christopher Drive Suite 974,+1-869-578-4879
311,1285,US,Armstrong and Sons,West Fernandoton,34562,VT,9225 Robert Dale,301.927.4690
311,1286,US,Harris-Rodriguez,New Margaretchester,32445,NH,553 Smith Turnpike,(523)706-3567
311,1287,US,Gibson-Myers,Gabrielhaven,41053,AS,40032 Harris Forge,001-324-382-7463x52356
311,1288,US,"Robertson, Mullins and Smith",Port Theresa,00934,TX,958 Levy Shore Apt. 853,+1-811-812-8177x9036
311,1289,US,Perez-Curtis,Timothyhaven,10152,SD,65984 Smith Flats,+1-379-502-9403x75353
311,1290,US,Page Ltd,Davidmouth,90765,MA,1950 Brian Lodge Suite 807,326-752-4948
311,1291,US,Lloyd PLC,New Wesley,22684,PW,151 Matthews Mills,464.491.3616x5765
311,1292,US,Warner Group,Port Ashleymouth,86556,KY,94849 Lopez Walk,001-745-277-6613x8865
311,1293,US,"Frye, Sexton and Mann",Lake Michaelstad,94907,MO,323 Chung Throughway Apt. 601,001-741-527-0661
311,1294,US,Johnson-Schmidt,South Derekberg,04310,MH,388 Sherry Estate,4992667637
311,1295,US,Lucas and Sons,Kimhaven,29833,MH,6707 Beth Square Apt. 565,543.396.7705x4673
311,1296,US,King-Harper,Josephchester,72558,SD,305 Ferguson Centers Apt. 531,(292)266-2547
311,1297,US,"Murphy, Williams and Smith",Port Kellyville,41852,PA,000 Sabrina Skyway Apt. 073,285.646.7347x43693
311,1298,US,Clark PLC,Staceyfurt,65750,CA,13054 Sarah Plains,+1-242-651-1190x3594
311,1299,US,Stanley LLC,Port Howardshire,59284,RI,323 Shelton Mountain,(960)562-8951x3403
311,1300,US,"Murray, Roberts and Lyons",North Allison,67417,ID,29397 Henry Terrace Suite 382,3715548185
311,1301,US,Summers Inc,Port Terrychester,07903,MA,6771 Vanessa Tunnel Apt. 030,(487)557-4058
311,1302,US,"Huff, Clark and Smith",Burnsfort,15019,PA,9726 Peterson Mountain,336-649-6745
311,1303,US,Perez-Kelly,West Scott,39881,AS,882 Taylor Manor Apt. 185,711-356-7338
311,1304,US,Stevens-Mitchell,Snyderton,85567,MN,680 William Fords,793-846-5027
311,1305,US,Wright Ltd,Juliestad,49891,ID,89234 Taylor Trafficway,270-551-5578x26388
311,1306,US,Ali Ltd,South Christopher,14932,TN,86974 Butler Valley Apt. 370,385.547.8726
311,1307,US,Hogan and Sons,Lake Ashley,37269,CO,328 Michelle Track,(325)439-4185x4554
311,1308,US,Ryan-Moreno,North Jose,00972,AR,6303 William Meadows,335.849.0479x8657
311,1309,US,"Silva, Kim and Taylor",East Kimberly,48563,AR,86856 Horne Fords Suite 760,+1-688-823-0925x87289
311,1310,US,Fitzpatrick-Beck,Clarkfurt,27024,IA,460 Taylor Summit,(628)303-3649x0847
311,1311,US,"Davis, Roman and Allen",Port Wendy,05032,IN,16636 White Terrace,(784)955-4140
311,1312,US,"Mcintyre, Castaneda and Gray",New Michael,14144,SC,486 Benjamin Street,001-760-502-6046x90174
311,1313,US,"Calderon, Weber and Stout",Vanceberg,41430,KY,66788 Flores Mountains,521.565.0242
311,1314,US,Adams-King,South Charlesland,84680,AL,98502 Donna Burg Suite 066,914.785.3331x714
311,1315,US,Scott-Patrick,New Samantha,72905,UT,9220 William Skyway,+1-315-920-8952
311,1316,US,Kelley-Wilson,South Catherine,22291,MA,0732 Brady Rapid,239-443-0325
311,1317,US,King-Sanders,Port Teresa,74052,IN,0376 Scott Ranch Suite 285,001-580-433-0864x1486
311,1318,US,"Banks, Robertson and Burnett",Theresaview,88459,NY,159 Mary Crest Apt. 377,(910)590-7444
311,1319,US,"Rodriguez, Jones and Martinez",Melissatown,04375,ID,6884 Rivera Oval Apt. 744,+1-966-660-7236x604
311,1320,US,Hernandez PLC,New Aaronchester,68233,PA,252 Smith Forge,001-735-916-0269
311,1321,US,Brooks-Vaughn,Barnesport,73759,AR,163 Harrison Cliff,452.548.1353x764
311,1322,US,"Robinson, Clark and Hanson",Johnstad,18280,WA,88532 Hobbs Highway Apt. 114,+1-697-247-5473x770
311,1323,US,"Bird, Ellis and Jones",Michaelfurt,44592,OK,3961 Elizabeth Trail Suite 057,368.991.0804
311,1324,US,Patterson-Fowler,North Thomas,94009,PW,88771 Benton Ports,001-516-658-7236
311,1325,US,Wilson LLC,Scottside,94070,MT,26572 Angela Divide Apt. 278,+1-688-352-4991x960
311,1326,US,"Dominguez, Byrd and Castro",Nancyborough,61475,VT,43763 Alyssa Land,001-667-307-1694
311,1327,US,Brady-Smith,Lake Jessicaton,58770,MN,23106 Novak Canyon Suite 972,001-468-922-8854
311,1328,US,Newton LLC,Johnstonberg,49631,DE,366 Braun Mission Suite 878,001-837-910-5392x590
311,1329,US,Martinez-Nguyen,Smithville,62821,LA,040 Michael Underpass,9047131667
311,1330,US,Castillo Inc,Rodriguezberg,59205,OK,76350 Marks Trace Suite 272,001-890-943-8817
311,1331,US,Taylor-Hancock,Johnsonstad,41396,IA,3915 Forbes Groves,225.860.4678x2036
311,1332,US,"Odonnell, Flores and Pope",Antonioburgh,51995,PW,40973 Michelle Drives,001-406-367-6654x05324
311,1333,US,"Huffman, Levine and Ramirez",Jeffreyburgh,66112,WA,78058 John Path Apt. 573,(713)767-8864
311,1334,US,Anderson-Rodriguez,North Scottstad,87741,MN,52950 Schmidt Union Suite 412,001-835-599-8962x58692
311,1335,US,Jordan-Johnson,West Elizabeth,08746,MN,9751 Thomas Pike,295-331-2734x458
311,1336,US,"Chaney, Henderson and Moore",West Robert,12189,MO,615 Sheena Unions Suite 532,(624)370-8101
311,1337,US,Aguilar Group,New Angelaview,06210,WI,74812 Robertson Oval Apt. 008,2583899058
311,1338,US,Smith-Robinson,West Virginiaside,97635,DE,6358 Patrick Ramp,001-602-813-1166
311,1339,US,Preston Ltd,East Ritaport,56883,NV,2812 Knight Way Apt. 620,249.488.4959x126
311,1340,US,Sanchez Inc,Juliestad,55191,TX,1665 Jefferson Passage Apt. 304,001-695-304-3896
311,1341,US,Nelson-Williams,Thomasshire,42832,ID,30724 Cruz Court,(761)839-5574
311,1342,US,Gordon Inc,Melissaborough,76078,IA,83544 Emma Mountains Suite 988,592-406-9656
311,1343,US,Beck-Harper,South Ryan,21896,DC,8312 Peterson Glens,283-499-5578
311,1344,US,Shannon Inc,Port Shawnland,89360,AK,94502 Guerrero Ports Suite 473,001-853-841-4391x03231
311,1345,US,Gates-Walsh,Hendersonfort,98108,KS,2011 Kenneth Plaza Apt. 843,001-578-526-0187x7795
311,1346,US,"Randolph, Thomas and Nguyen",New David,35061,DC,7727 King Mission Suite 021,+1-588-552-1148x46036
311,1347,US,"Wilcox, Dawson and Ferguson",Gregorytown,99869,WA,5983 Alvarado Turnpike Suite 770,(893)392-8532x0254
311,1348,US,Marquez-Padilla,Vargasport,54438,WA,781 Lewis Mall Apt. 395,+1-745-292-1185x723
311,1349,US,Montgomery Group,South Tony,55881,DC,389 Ware Knoll Suite 997,+1-379-617-8220x08100
311,1350,US,Wagner Group,Carlsonfurt,24382,MD,7595 Jon Prairie,001-409-667-1080x04587
311,1351,US,Hopkins Group,Nancyshire,52153,NE,294 Melissa Key Apt. 719,925.712.3433x536
311,1352,US,"West, Webb and Wallace",Rebeccaberg,51357,AS,750 Elizabeth Branch Suite 979,840-377-1280
311,1353,US,"Esparza, Carlson and Olson",Wendyfurt,93297,MT,472 Stephen Terrace Apt. 435,(768)730-3253x6952
311,1354,US,"Griffin, Fitzgerald and James",West Jessica,62701,OH,072 Denise Hills,864.561.2614x993
311,1355,US,Wise Group,Port Suzanne,58355,MA,443 Brandy Circles Suite 663,3068362105
311,1356,US,Brown-Dixon,Port Kevinhaven,14669,CO,537 Cassandra Lakes,(972)995-9867
311,1357,US,"Brown, Ward and Black",South Christopherburgh,91385,OR,915 Padilla Falls Suite 002,001-533-913-2689
311,1358,US,Fisher-Moore,South Katherine,70722,LA,7712 Alicia Extensions,001-451-495-6176x558
311,1359,US,Schwartz LLC,Lake Amy,73425,NM,3022 Charlene Fork,752.587.8971
311,1360,US,Pratt-George,Evansburgh,54311,NC,746 Lowe Islands Apt. 728,210.918.5088
311,1361,US,Powell-Collins,Karenmouth,71664,DE,8010 Tucker Overpass,547-861-9378x866
311,1362,US,"Phillips, Farmer and Allen",East Kevin,58724,NV,963 Stephanie Ports Apt. 262,619.715.0237x43873
311,1363,US,Morris and Sons,New Keithmouth,83521,AL,2609 Lin Row Suite 291,359-377-3660x985
311,1364,US,Potter-Washington,South Ryan,27368,RI,885 Drake Parkways Suite 571,319.884.4496
311,1365,US,Richard LLC,West Timothy,63084,NJ,3721 Jeffrey Harbor Suite 756,991-589-8755
311,1366,US,Cross PLC,Lake Kimberlyton,42927,OR,4517 Noah Plaza,(840)459-1934x424
311,1367,US,"Stevenson, Harrison and Hooper",New Jimmy,07752,WI,3353 Salazar Mountains Suite 980,001-962-982-1960
311,1368,US,"Nguyen, Ruiz and Pearson",Port Jacqueline,62903,ID,3097 Robinson Row Apt. 666,2976978550
311,1369,US,Ferrell-Stanley,Padillafurt,21089,RI,107 Jennifer Spurs,(865)527-8254
311,1370,US,Cook LLC,Lake Michaelfort,16369,CA,5398 Martin Unions Suite 819,+1-770-588-4075
311,1371,US,"Pierce, Smith and Gonzalez",Morganfort,19104,NE,507 Michael Union,306.796.7212
311,1372,US,Kelley-Tran,Port Sarahfort,68749,MA,9821 Good Stream,001-224-813-7173
311,1373,US,"Lee, Johnson and Bernard",Alyssaton,53977,OH,836 Rodney Estates Apt. 866,360-267-7559x57354
311,1374,US,Harding-Todd,Olsonberg,46873,AL,25898 Anthony Plains Suite 587,(235)278-4572
311,1375,US,Roberts Inc,Port Justinstad,08269,WY,493 Richard Bridge Apt. 611,656-761-3404x75000
311,1376,US,"Turner, Rush and Spencer",East Connie,03529,MO,649 Hanson Isle,(658)703-6383x64722
311,1377,US,Wise-Hendricks,South Benjaminbury,31396,MI,2449 Morales Gateway,+1-890-900-4539x80488
311,1378,US,"Martin, Stewart and Turner",Rodriguezmouth,07176,OK,17098 Paige Lodge Apt. 303,+1-684-769-1281x5016
311,1379,US,Pennington-Cruz,West Scott,15142,FL,61276 Foster Trail Apt. 957,001-394-974-5080x9897
311,1380,US,Pearson Inc,Kimville,56115,AZ,61447 Peggy Isle Apt. 441,(726)644-5829x694
311,1381,US,Keller PLC,Port Jeffreymouth,73600,AZ,876 Andrew Field Apt. 739,(652)642-7607x4146
311,1382,US,Robles Group,East Michaelport,20806,MD,6183 Lisa Meadows Apt. 138,915-751-0954x252
311,1383,US,Richardson PLC,New Rebeccahaven,23035,UT,2712 Lopez Inlet,8299378132
311,1384,US,Hayes and Sons,South David,59110,PW,4695 Beverly Vista Suite 687,+1-874-992-9449x9313
311,1385,US,Walsh-Simpson,Ortizview,93472,GU,536 Merritt Rue,732.503.1613x17790
311,1386,US,Williams-Clark,East James,86246,MD,016 Ramirez Viaduct,5237628019
311,1387,US,Jones LLC,Kimberlybury,74342,NJ,7341 Riley Corner,7662086236
311,1388,US,Sanders-Sampson,Durhamburgh,19316,ME,922 Garcia Tunnel Apt. 613,906-221-0840x15799
311,1389,US,Taylor-Gilbert,North Annefort,84723,MI,8665 Tina Forest,(981)368-2140x73730
311,1390,US,Webster-Lane,New Alejandro,20824,AK,6260 Smith Fall,+1-347-548-5798x8892
311,1391,US,Murray PLC,West Sheilaberg,78627,WY,29725 Johnson Hill,001-838-647-5431
311,1392,US,Greene-Gibson,North Thomasshire,23268,WA,3669 Timothy Keys Suite 504,583-387-5007x70990
311,1393,US,Clarke-Davis,Port Jeremystad,77513,VT,3331 Nunez Prairie,(440)210-1460x19335
311,1394,US,Jackson-Thompson,Brownshire,27641,CA,426 Massey Forks Apt. 161,608-723-1017x1719
311,1395,US,Morse-Wright,Kathrynshire,47946,AK,005 Wise Union,952.863.5951
311,1396,US,Ward LLC,East Denisetown,20171,VT,671 Randy Islands,001-360-624-9235x7774
311,1397,US,"Williams, Ruiz and Jimenez",East David,65511,VI,526 Leslie Mountain Apt. 683,671-351-1142
311,1398,US,Carter PLC,Virginiaport,55088,NV,37174 Ashley Alley,+1-266-395-4508x57034
311,1399,US,"Hooper, Davis and Vasquez",South Anthonyville,27540,SD,12738 Mercedes Shores,217.320.3579x65640
311,1400,US,"Brown, Hampton and Santos",Kellyberg,52773,VA,782 Jones Manor,834-424-1147x546
311,1401,US,Browning-Rice,East Stephanie,08686,SD,2116 Ross Fork Suite 159,(634)866-5217
311,1402,US,Nguyen-Juarez,North Stacey,99075,VI,506 Kimberly Rue Suite 113,813.746.3107x8907
311,1403,US,Adkins-Brown,North Joshua,91661,TX,447 Monroe Garden Apt. 435,+1-797-536-9701x6852
311,1404,US,Wade Ltd,Roblesmouth,06894,KS,370 Rhonda Crescent,759.768.9740x95290
311,1405,US,George Group,New Carlos,35484,NV,6806 Joyce Rest,+1-424-916-1195x406
311,1406,US,"Lucas, Stafford and Johnson",South Wayneborough,12170,WV,17959 Natalie Drive,001-723-831-2567x72503
311,1407,US,Coleman Ltd,Lyonsview,12550,ID,77323 Santos Fort Suite 421,+1-742-909-4207x93741
311,1408,US,Williamson PLC,Douglaston,87337,MA,530 Howard Vista,001-787-979-9364x2737
311,1409,US,Walker Ltd,South Susanland,17233,OR,35111 Diana Causeway,807-653-5024
311,1410,US,"Collier, Burnett and Dawson",East Jasonberg,24272,IN,87385 Brown Trafficway,001-594-939-1370x85878
311,1411,US,"Jackson, Perez and Archer",Cabreraside,24854,DC,080 Sean Landing Apt. 931,684.949.8838x037
311,1412,US,"Brock, Stephens and Davis",South Bruce,33296,OK,2455 Johnson Walks Suite 005,355.388.2348
311,1413,US,"Johnson, Peters and White",New Victoria,08097,AS,847 Vargas Plaza,001-525-587-5371x56415
311,1414,US,"Johnson, Ingram and James",Beckerfort,08477,SD,31191 Terry Cove Suite 530,+1-337-931-3403x779
311,1415,US,Schroeder and Sons,Armstrongborough,04103,MT,920 Justin Land,620.972.1624x74246
311,1416,US,Hernandez LLC,Port Rogermouth,18117,OK,3679 David Via,220.395.7890x355
311,1417,US,"Munoz, Pham and Coffey",Ryanview,36896,MD,7817 Phillips Ferry Apt. 540,+1-851-955-6740x9201
311,1418,US,Guzman-Carlson,North Sandy,03651,CA,1405 Paul Neck,6912446548
311,1419,US,Smith LLC,North Kellychester,33907,PR,9768 Kenneth Plain Suite 525,(204)389-9246x62576
311,1420,US,Moreno Ltd,Morrisonland,12189,NY,16525 Angela Crest,(995)690-4315x071
311,1421,US,Chen Ltd,Timothyfort,95099,TN,10323 Brandy Locks Suite 025,461-668-4446x9645
311,1422,US,"Parker, David and Daniels",New Patricia,09323,VI,72447 Kimberly Mount,001-859-714-4894x0094
311,1423,US,"Scott, Sullivan and Macias",Lake Kaitlyn,73947,WA,073 Sanders Route Suite 649,937.380.5342x5191
311,1424,US,Martinez-Medina,Parkerchester,60496,NE,609 Brianna Rapid Apt. 526,725-899-3176x970
311,1425,US,Flores-Wilson,Meganchester,96663,WY,967 Dorothy Walks,777-271-4057x702
311,1426,US,"Miller, Richardson and Campbell",Barryside,42536,NH,56374 Peck Plaza Suite 555,001-776-563-3542x050
311,1427,US,Jennings and Sons,Mcfarlandfort,17637,NC,6958 Brown Stravenue,+1-894-226-6036
311,1428,US,"Lopez, Marshall and Maldonado",Josephburgh,84573,MH,50079 Pham Meadows Suite 377,001-878-542-4716x49191
311,1429,US,"Patterson, Cook and Bond",Langmouth,80112,HI,16915 Austin Pines Apt. 798,(530)670-0813
311,1430,US,"Riley, Thomas and Arroyo",Evansburgh,57149,OK,9418 Christopher Light,+1-395-399-1129x46403
311,1431,US,"Moore, Murray and Greene",West Ryanstad,77849,MI,20339 Victoria Rapids,(766)694-2394x3837
311,1432,US,Moreno LLC,Allenfort,32131,ME,30277 Gabriela Common Suite 931,(625)605-5326x7992
311,1433,US,"Schroeder, Dixon and Vazquez",South Stephanie,94701,NH,388 Valencia Common Apt. 867,(387)274-7869
311,1434,US,Smith-Gray,New Nicholas,81821,WY,2415 Robinson Shores Apt. 204,6415071912
311,1435,US,"Wright, Brown and Frost",Diazhaven,13567,LA,55019 Mitchell Circles Apt. 015,545.367.3137x00174
311,1436,US,Ward-Lynn,Duartetown,24734,CT,73397 Christopher Well Apt. 149,(262)218-9224
311,1437,US,Jones-Warren,Josephshire,56384,MO,51435 Mary Village,311.780.0450x1531
311,1438,US,"Rasmussen, Shannon and Mccall",Brownberg,63667,MO,477 Butler Vista,848-656-2575x04224
311,1439,US,Hughes LLC,Shermanfort,44739,PR,82771 Kevin Point Apt. 605,+1-401-897-5570
311,1440,US,Rojas-James,Paigeview,35999,VA,44294 Kaitlyn Park Apt. 880,001-650-915-1378x626
311,1441,US,Carter LLC,South Jessicahaven,15757,LA,76817 Bradley Place,943-865-9723
311,1442,US,Mclaughlin-Vega,Johnmouth,11450,MD,76017 Todd Creek,001-780-907-7842x845
311,1443,US,Garcia-Garrett,Olsonton,57316,NE,19228 Kevin Way Apt. 430,+1-592-815-2725x9783
311,1444,US,Buck-Ramirez,New Ericaville,22858,TX,9944 Burton Trail,(598)880-1225x6208
311,1445,US,Paul PLC,East Michaelton,09658,PR,206 Stephen Fork Suite 595,+1-815-716-7616x629
311,1446,US,"Heath, Bradshaw and Francis",Chaseton,17901,WI,68732 Christine Fall Suite 450,+1-906-594-0978
311,1447,US,"Atkins, Jimenez and Davis",Lake Pamela,15870,WV,06658 Robertson Garden,001-993-200-4603x560
311,1448,US,Hill-Atkins,South Nathan,01197,LA,9058 Brian Mountains Apt. 278,001-202-276-4513
311,1449,US,Morse-Pope,New Amymouth,64849,MA,3880 White Inlet Apt. 628,(485)207-2553
311,1450,US,Steele-Hayden,Charlesstad,07852,DE,2471 Laurie Plaza,775.305.1391x84180
311,1451,US,Garcia-Johnson,South Jonathanton,36525,WA,56993 Leah Drives Suite 692,001-468-799-4738x79309
311,1452,US,Rosales PLC,South Tiffanystad,54604,ID,71241 Thomas Ridge Suite 912,+1-558-819-3669x4364
311,1453,US,Gregory-Lee,Rachelmouth,91331,PA,6815 Karen Prairie Suite 146,001-231-487-9897x633
311,1454,US,Smith and Sons,East Lisa,91137,NC,96025 Cheryl Station,+1-627-904-0043x86668
311,1455,US,Cain Ltd,South Brad,21497,NH,8966 Robert Burgs Suite 373,408.682.3309x70199
311,1456,US,Porter-Mccoy,Coxhaven,91254,MO,09863 Stevens Spur,(881)868-9600
311,1457,US,"Becker, Mills and Hutchinson",South Brianna,41340,VA,2846 Gordon Brooks,(281)579-2241x99797
311,1458,US,Williams Inc,West Angelica,01075,RI,448 Pierce Cape Suite 833,365-286-7260x213
311,1459,US,Warner-Adkins,Evansmouth,84382,PA,430 Hardy Branch Apt. 782,+1-753-771-2688x7041
311,1460,US,Fernandez-Fields,Lake Jessica,26752,VT,2175 Hendrix Groves,299.744.3317x8273
311,1461,US,"Shields, Woods and Graham",New Kyletown,58242,NC,640 Martin Mission Suite 662,799-778-5652
311,1462,US,"Dickerson, Hernandez and Cook",Moralesburgh,80472,HI,2267 Williams Shores,5158413827
311,1463,US,"Medina, Robinson and Young",Port James,70806,TN,25468 Lopez Loop Suite 103,(665)474-8084x371
311,1464,US,Thomas-Hall,Adamfurt,04623,AR,66460 Jones Rapids,7917009166
311,1465,US,Morgan-Collins,North Brian,62703,FM,2742 Rhonda Island Apt. 258,001-887-830-7321
311,1466,US,Nicholson-Santana,North Karaton,82709,ND,17134 Danielle Knolls Apt. 064,(827)764-3494
311,1467,US,Lowery Ltd,Brucemouth,25727,LA,4116 Eric Landing Suite 388,001-775-759-8759x2041
311,1468,US,Rivers PLC,Port Jeremy,13473,MO,303 Carrie Park Suite 444,932.694.5786
311,1469,US,"Brown, Osborn and Villanueva",Andersonfurt,94790,KY,83419 Robert Road Apt. 009,001-578-344-2982
311,1470,US,Fields-Anderson,New David,47096,NY,702 Black Cliffs Apt. 557,001-799-815-8434
311,1471,US,Ali-Curtis,West James,35266,KY,708 Robert Run,913.695.9435
311,1472,US,Harvey-Newton,Lake Jessica,16689,FL,11264 Cody Shoals,215.744.7889x37707
311,1473,US,Wallace PLC,Staceytown,84185,MO,3276 Sarah Station,+1-232-965-7207x98047
311,1474,US,"Howell, Moody and Abbott",South Cassandra,68280,NM,523 Houston Fields Suite 918,454-841-9838x5792
311,1475,US,Newton Inc,South Lindastad,14218,MD,74787 Michael Isle Apt. 331,+1-379-931-3475x6196
311,1476,US,Ward-Williams,Port Andrewtown,06181,GA,649 Barron View Suite 005,225-738-0631
311,1477,US,Eaton Group,East Jessica,61798,SC,746 Harold Passage,+1-297-953-1152x43872
311,1478,US,Griffin-Lee,West Michelleport,33412,SD,99645 Thompson Greens Apt. 840,001-727-271-5736
311,1479,US,"Wallace, Flores and Rodriguez",West Christopher,16044,WY,18672 Thomas Prairie,844-956-6196
311,1480,US,"Bennett, Smith and Davis",Brianview,31249,KY,02655 Gray Hollow,356.265.7329x774
311,1481,US,Smith-Stone,Port Karenberg,32129,IA,462 Lance Oval,+1-406-216-5373x0534
311,1482,US,Fletcher-Jones,Hernandezborough,08681,OK,50710 Sanders Locks Apt. 367,9599041179
311,1483,US,"Jordan, Harris and Wheeler",Robertton,74912,RI,087 Gilbert Views Apt. 229,430.687.8847x79888
311,1484,US,Gibson PLC,Andersenfurt,71003,TX,74823 Monique Camp Suite 154,759.850.1336x7211
311,1485,US,Hubbard-Boyd,West Andrewburgh,70586,HI,4913 Miller Turnpike Suite 094,+1-323-715-9637x81319
311,1486,US,Hunt Inc,South Lindsay,03572,AK,9046 Campbell Greens Apt. 581,819-239-4278x91192
311,1487,US,Hanson Group,Lake Robertohaven,10018,MH,1666 Curtis Trace Suite 294,(706)470-8058
311,1488,US,Duarte-Smith,Washingtonshire,92543,MD,40030 Christopher Circles Suite 175,001-989-862-2494
311,1489,US,Brewer-Garcia,Brittanystad,66830,IL,1990 Alejandro Wall,(633)449-2277x7085
311,1490,US,Hunter-Young,Judithview,26519,UT,8213 David Island Suite 769,915-713-9855x323
311,1491,US,Gordon and Sons,Allenmouth,42393,MH,2324 John Drive,439-257-9656
311,1492,US,Gonzalez-Walker,North Robertview,91043,MD,804 Christie Highway Apt. 782,762.955.8729x37062
311,1493,US,"Robinson, Smith and Brown",Amandaberg,55297,FL,167 Sweeney Circles,653-927-0341
311,1494,US,Buckley-Sherman,Lewisfort,12264,IA,987 Alicia Wall Suite 382,+1-798-912-2396
311,1495,US,"Adkins, Kirk and Malone",Connerfurt,35868,AS,1256 Sheila Drives Apt. 834,001-864-242-9961x38071
311,1496,US,"Reynolds, Watkins and Pearson",Matthewton,50876,TN,292 Patrick Prairie,260.742.7857x10363
311,1497,US,George-Curtis,Durhammouth,82624,AZ,412 Luis Plaza Apt. 888,(208)511-0714x9236
311,1498,US,Dixon-Romero,Tinahaven,38014,KS,72132 Trevino Station Suite 763,+1-631-591-8043
311,1499,US,Wise Group,Riverafurt,67690,VT,18180 Lisa Vista Suite 472,+1-213-511-2659x746
311,1500,US,Anderson and Sons,East Charleshaven,15354,NV,2327 Fox Plaza,218-659-2063
311,1501,US,James and Sons,Jacksonfurt,12222,OH,95310 Teresa Views,479-525-1362
311,1502,US,"Pearson, Jones and Bates",East Anthonyshire,86048,FM,401 Price Loaf,236-607-7272
311,1503,US,Williams-Marquez,South Jillborough,90926,TX,33501 Page Manor Apt. 510,594-461-7305x1513
311,1504,US,Vargas Group,North Michelle,77373,MP,0741 Matthew Roads,+1-666-553-3903x63857
311,1505,US,Jacobs PLC,Morgantown,92588,AL,416 Erin Oval,(201)546-8314x650
311,1506,US,"Scott, Schultz and Duke",Williamport,51423,VI,201 Kathryn Rapid Apt. 232,2168519889
311,1507,US,"Smith, Wheeler and York",Antoniomouth,16227,PW,7750 Morales Lock,+1-422-284-3965x6887
311,1508,US,Beasley LLC,Millertown,30302,MS,47641 Carter Divide Suite 197,453-214-5955x0800
311,1509,US,Higgins-Bell,Gonzalezmouth,56170,PW,72943 Soto Camp Apt. 982,850-281-4647x023
311,1510,US,Phillips-Vasquez,Smithburgh,48080,GA,3134 Shannon Ferry Apt. 809,(241)775-4016x379
311,1511,US,"Adams, Martin and Wilson",New James,99479,PR,108 Laurie Manors Suite 612,9647646764
311,1512,US,Jackson-Nolan,Sandraton,98107,TX,439 Michael Bridge,001-792-786-1028
311,1513,US,King PLC,West Frances,18976,AL,86591 Michelle Port,205.528.3905x30673
311,1514,US,Perez PLC,Andrewchester,84039,NJ,9219 Jessica Isle Apt. 719,309.657.4454x069
311,1515,US,Hicks Group,Clarkport,32703,DE,567 Franklin Rapid Suite 929,(326)232-7324x3703
311,1516,US,Ortiz-Hubbard,West Bryanbury,40896,ID,6832 Cruz Square,+1-216-405-1917
311,1517,US,"Adams, Glenn and Patterson",South John,87216,IL,80131 Lee Club Apt. 571,(682)961-1147x62073
311,1518,US,"Olson, Moody and Perez",Larryview,42918,MI,7311 Hunt Islands Apt. 663,700.988.9438x3014
311,1519,US,"Fitzgerald, Wu and Sullivan",Smithhaven,06692,FM,89024 Gould Valley Apt. 882,(517)334-6087x36314
311,1520,US,"Miller, Hayes and Anderson",New Joanna,68671,WA,5030 Joshua Creek,+1-316-547-6492x7386
311,1521,US,Frost Group,Lake Evan,64383,AS,155 Donna Ferry,(288)530-2136x716
311,1522,US,Gordon Inc,Malonemouth,53410,AL,749 Thomas Loop,001-948-381-0503x916
311,1523,US,Schmidt Ltd,South Chelsea,29519,PA,930 Tammy Turnpike Apt. 781,569-453-9536x982
311,1524,US,Gonzales Ltd,Lisachester,13494,VI,6230 Jimenez Burgs,494-267-0141
311,1525,US,Phillips-Garcia,North Vanessa,26918,WV,48748 Powell Forest Suite 886,001-717-332-7760x639
311,1526,US,"Allen, Grant and Heath",South Michaelfort,38744,CA,843 Sullivan Station Apt. 375,(418)645-3577x77859
311,1527,US,Wagner-Gutierrez,South Kelly,71453,FM,96042 Adams Avenue,(456)770-2178
311,1528,US,"Peters, Durham and Gentry",Lake Aaronbury,57931,VA,29403 Kevin Overpass Suite 126,+1-980-286-5510x861
311,1529,US,Charles-Francis,New Krystal,89422,CO,94027 Chapman Falls,(801)565-7555x748
311,1530,US,"Hernandez, Jones and Smith",Caldwelltown,45180,MO,5738 Wilson Ports,(800)266-1615x3176
311,1531,US,"Martin, Carter and Brooks",Parkland,67382,CO,36975 Cook Turnpike Suite 460,(683)842-6053x3882
311,1532,US,"Ross, Swanson and Payne",New Stevenmouth,68334,OH,1403 Zavala Inlet,474.551.2619x37902
311,1533,US,Burke Ltd,Kellyland,90482,GA,45579 Samantha Mountains,(856)568-7230
311,1534,US,Bailey-Boyer,South Heidi,85350,TX,04136 Gibson Light Suite 959,+1-732-724-9673x71967
311,1535,US,Aguilar-Wilson,North Mary,40574,MA,028 Barrera Ford Apt. 697,(894)213-6674x8868
311,1536,US,"Miranda, Holmes and Hall",West Davidbury,42909,OR,949 Gloria Turnpike,447-942-7072x5445
311,1537,US,"Jenkins, Brown and Cook",Wilcoxburgh,72539,NJ,75193 Sarah Light Apt. 378,(380)235-6899
311,1538,US,"Pearson, Watson and Simpson",Smithfort,47454,AK,99392 Long Mission,+1-874-863-1771x862
311,1539,US,"Gonzales, Hubbard and Rose",South Rachelbury,74125,MO,130 Douglas Union,(924)998-6409x46654
311,1540,US,Strickland and Sons,Phillipsbury,34148,OK,1217 Jackson Plains Apt. 128,+1-534-882-8009x205
311,1541,US,Johnson-Schultz,Warrenchester,78969,AZ,92331 Anderson Hills,9418575842
311,1542,US,"Butler, Singleton and Pearson",South Shane,95951,MP,33569 Conway Brooks,884-445-7661
311,1543,US,"Randall, Sloan and Wise",Lake Robertland,02321,IL,417 Elizabeth Route,(652)834-6554x61203
311,1544,US,Leonard-Graham,Emilyland,79405,GU,891 Frazier Views,535-642-5628x60781
311,1545,US,"Gibson, Cook and Jones",Kimmouth,88667,KY,505 Elizabeth Center,001-355-746-5120x69061
311,1546,US,"Gibson, Fowler and Moore",Port Aaron,16076,MD,4394 Mcclain Trace Apt. 805,900-592-3195x078
311,1547,US,Gilmore LLC,New Anthony,05474,IA,329 Nichole Divide Apt. 555,001-556-528-4975x657
311,1548,US,"Sanchez, Carpenter and Roberts",North Bethstad,10914,ND,8782 Erika Port Suite 728,897.783.0189
311,1549,US,"Schneider, Vincent and Becker",Richardtown,59599,WV,6256 Smith Fords Apt. 718,+1-987-758-7509x8020
311,1550,US,"Escobar, Williams and Morales",South Tinaborough,76655,AK,8477 Christina Canyon Apt. 444,2733197189
311,1551,US,White and Sons,Freemanburgh,80510,TX,694 Patricia Corner,+1-966-764-7107x9352
311,1552,US,Richardson-Hinton,New Johnborough,01999,SD,61832 Mark Port,2078416643
311,1553,US,Pratt and Sons,North Raymond,18889,IL,6447 Benjamin Causeway,(306)373-7788x9214
311,1554,US,Brown and Sons,New Donnafort,81851,AS,117 Jessica Trafficway,(547)865-8575x7903
311,1555,US,"Murray, Chandler and Schultz",Kaylaland,03218,GU,784 Edwards Forge,001-408-204-5334x30498
311,1556,US,Allison-Smith,South Stephanie,61922,MI,7539 Ballard Turnpike Apt. 638,(751)417-2303
311,1557,US,Wells and Sons,Fryebury,04326,ND,480 Gilmore Common,825-780-4430
311,1558,US,"Poole, Marshall and Webb",North Dennisville,92561,MO,98176 Mccann Land,(315)226-7371
311,1559,US,Hubbard-Boyle,Foxchester,36426,MT,47359 Patterson Port Suite 374,(952)957-7689
311,1560,US,Becker PLC,Christopherfurt,04958,IN,370 Joseph Stream,8955071519
311,1561,US,Walker Ltd,Tonyfort,20285,MA,15953 Linda Parkways Suite 162,001-290-762-8815x66030
311,1562,US,Fowler and Sons,Sarahview,74874,IL,56808 Ramos Roads Apt. 472,841-667-6218x7430
311,1563,US,Turner-Morrison,East Peter,31467,VA,709 Brandy Isle Apt. 628,001-990-584-5482x627
311,1564,US,Garcia and Sons,Adrianaberg,88372,WI,6340 Salinas Road Suite 447,(352)924-6968x51692
311,1565,US,Jones-Garcia,Gwendolynberg,82943,OH,4705 Connie Knoll Suite 458,3765648784
311,1566,US,"Estrada, Wilson and Bryant",South Amandabury,26257,MI,224 Martinez Views Apt. 603,(334)317-6546x141
311,1567,US,Valdez LLC,Linshire,84502,TN,298 Shelia Island,744.880.1277x12771
311,1568,US,"Shaw, Morgan and Carey",Port Brittanymouth,37435,KY,408 Diane Burgs Apt. 290,(941)899-6584x0293
311,1569,US,Morris-Underwood,Angelaberg,69271,AL,86562 Williams Bridge,+1-205-298-0188
311,1570,US,"Wright, Smith and Pennington",Medinaside,52575,VI,220 Alejandro Cliffs Apt. 816,001-322-739-7662
311,1571,US,Jones-York,New Victoriaton,58872,AL,2929 Sweeney Drives,+1-986-635-8349x26389
311,1572,US,"Morris, Lynch and Brown",Port Kim,30608,IA,8857 Patricia Run Apt. 463,+1-589-216-1905x5875
311,1573,US,"Fields, Matthews and Miller",Port Nancyport,08953,NE,520 Steven Tunnel Apt. 454,+1-611-789-1728
311,1574,US,"Turner, Rodgers and Nelson",Bradton,76040,VI,2886 Moss Ville,2723008057
311,1575,US,"Berger, Mitchell and Clark",Seanberg,86693,PW,5568 Jacqueline Plaza,469-600-1581x236
311,1576,US,"Lopez, Oliver and Zavala",Kristenton,01112,DC,90672 Benson Tunnel Suite 095,572.748.7747x6308
311,1577,US,Anderson-Herrera,New Codyton,05344,VT,47418 Lori Trail Apt. 022,805.497.5733
311,1578,US,"Sweeney, Gray and Rosario",Jessicastad,18691,MA,568 Johnson Meadow Suite 487,626.848.7130x00255
311,1579,US,"Baker, Allison and Allen",Howellstad,18357,OR,844 Smith Viaduct Apt. 450,863-337-0695x11819
311,1580,US,Nichols Group,Dianastad,43190,OK,29813 Nicole Rue Apt. 419,+1-897-271-1801x67743
311,1581,US,Gardner-Stanton,Cassandramouth,13524,KS,694 King Rapids,847.368.8938
311,1582,US,Welch-Davis,Trujillofurt,40756,VA,084 Christopher River Suite 521,001-779-900-5312x605
311,1583,US,Brown-Knox,Sarastad,70985,WV,9559 Danielle Mall Apt. 307,737.431.8359x41234
311,1584,US,Thompson LLC,Lake Herbertstad,42346,MP,16274 Mason Tunnel Suite 928,(232)870-2317x40281
311,1585,US,Harrington Group,Hallport,36387,IL,6026 John Lakes,(741)362-9870x2521
311,1586,US,Gregory-Frye,West Melissa,12994,NJ,368 Williams Stream,001-448-652-6023x5472
311,1587,US,Snow Ltd,Leahbury,06459,WV,13900 Diaz Pines Apt. 752,540.587.0568
311,1588,US,Diaz-Howard,New Nathan,73221,CA,439 Phillips Turnpike,(498)800-5573x3807
311,1589,US,"Price, Lane and Roberts",Johnathanstad,03938,CT,0566 Casey Path Apt. 658,(297)822-3242x0430
311,1590,US,Vaughn PLC,Port Benjaminchester,74386,NJ,363 Vargas Track,+1-814-320-2861x22328
311,1591,US,Smith-Wise,Sarahport,18374,FL,922 Allen Drive Apt. 200,4136278928
311,1592,US,"Young, Brown and Willis",Bradleybury,44495,IN,561 Bright Ferry,001-948-946-7640
311,1593,US,"Peck, Lewis and Jones",Adamborough,00535,SD,90633 Brown Oval Apt. 156,926.917.3629x2459
311,1594,US,Gonzalez-Barber,Lake Kevin,66358,FL,6292 Jacob Estates,833.481.3852x23590
311,1595,US,Maldonado-Wise,Samanthaton,94754,TX,4124 Middleton Ferry,001-524-556-7089
311,1596,US,"Schneider, Johnson and Perry",Lake Tammy,91146,ID,741 Leblanc Walks,583-238-7895x91905
311,1597,US,"Fowler, Adams and Hoffman",Ashleyton,67186,UT,7232 Alexis Orchard,6868186948
311,1598,US,"Bryant, Owens and Mccoy",Garyville,35743,OH,565 Angela Trail,(292)727-0252x5411
311,1599,US,Rodgers-Thompson,Tiffanyberg,55920,TN,6809 Herring Streets Suite 964,703.636.4245x3206
311,1600,US,"Oconnor, Taylor and Russell",West Vanessaport,08189,UT,1524 Laura Cape,+1-415-768-3095x312
311,1601,US,Rojas Group,Brendaport,57914,OH,67644 William Road Apt. 070,781.801.0124x480
311,1602,US,"Bowman, Dunlap and Garcia",Parkershire,86079,AK,4910 Scott Square,514.292.0499
311,1603,US,"Rosario, Roberts and Beasley",East Charlesmouth,05757,TN,310 Wood Branch Apt. 158,678.550.6606x75141
311,1604,US,Pineda-Cook,New Michaelview,94791,DC,0215 Amber Crescent Apt. 511,562-671-4359
311,1605,US,Johnson Inc,Richmondtown,83312,KS,55310 Gonzalez Club Apt. 207,(850)284-5240
311,1606,US,"Lynch, Craig and Anderson",Port Jimmy,05609,CT,993 Marissa Ramp,940-309-9812
311,1607,US,"Taylor, Haynes and Sparks",New Abigail,40596,VA,9492 Baker Fields,850-826-6427x3869
311,1608,US,Dunn-Koch,West Chadburgh,74625,SC,724 Andrew Meadow,277.498.3677x8107
311,1609,US,Yu-Gordon,Lake Michael,94329,UT,15792 Anna Skyway,466.716.2017
311,1610,US,"Wilson, Taylor and Newman",Brownside,55351,OR,10840 Colleen Summit Apt. 767,760.286.3339
311,1611,US,Myers-Sullivan,Pattersonmouth,46929,AK,050 Amy Cape,(692)350-9805x56441
311,1612,US,Green Group,South Brandontown,92142,HI,6191 Judy Inlet,+1-983-967-8490x321
311,1613,US,Elliott-Sosa,North Katiechester,58026,MA,04375 Joan Cove Suite 752,(595)208-3860
311,1614,US,Coleman LLC,Ramosstad,52357,NJ,51534 Mitchell Rapid Apt. 708,320-278-0037
311,1615,US,Smith Ltd,Port Michelle,66401,FL,1609 Barbara Key,688.651.6619x0764
311,1616,US,"Williams, Walker and Lawrence",Robbinschester,85285,FL,277 Ryan Brook,340-726-0284x65592
311,1617,US,Weaver-Stokes,Morganshire,28972,PR,974 Lee Rest,880-323-8487
311,1618,US,"Torres, Scott and Dennis",Lake Erica,58325,MH,0908 Gonzales Fork,001-279-447-6318x34290
311,1619,US,Randolph-Martin,Medinamouth,21088,PR,6151 Daniel Via,(976)408-9601x06658
311,1620,US,"Collins, Moss and Abbott",Andreashire,29144,OH,0445 Hannah Ports Suite 383,001-246-469-0814x4986
311,1621,US,"Dawson, Leon and Mcneil",Lake Angela,29721,VI,3070 Mcclain Union,390-748-7860
311,1622,US,Robertson Ltd,East Sarah,36827,AS,29829 Reed Terrace Apt. 833,001-478-281-4742x50743
311,1623,US,Larson Ltd,Lake Jenniferton,58603,NY,7550 Kimberly Field Suite 760,+1-336-773-3614x2474
311,1624,US,Guerra Ltd,East Christina,57744,MT,482 Delgado Mall,885-317-8275x7730
311,1625,US,Harrell-Myers,South Elizabethland,78549,MS,00925 Rhodes Turnpike Apt. 596,(778)638-7776
311,1626,US,Anderson LLC,Gillport,45661,DE,4028 Robert Knolls,+1-665-729-3675x6275
311,1627,US,"Bryan, Smith and Maxwell",New Shane,81788,MI,64220 Kim Isle Suite 476,(283)690-1876x927
311,1628,US,Dixon LLC,Port Monica,59580,CA,834 Walker Curve Suite 385,842-240-2948x0468
311,1629,US,"Joseph, Morales and Beasley",Sharonburgh,64416,GA,7115 Pierce Fields Suite 815,(316)621-7367x13873
311,1630,US,Hale and Sons,New Hannahville,52641,NE,162 Francis Shore Suite 988,001-496-476-2182x2479
311,1631,US,Snyder-Pearson,Gonzalesmouth,13935,MO,48957 Matthew Plain Suite 235,(598)900-9341
311,1632,US,King LLC,West Timothy,99606,CT,5822 Angela Views,001-851-971-9070
311,1633,US,Delgado-Hester,Port Monica,27964,CT,5383 Ricardo Hill Apt. 550,753.632.1012
311,1634,US,"Powell, Murphy and Foley",West Bethstad,75322,WV,0317 Michael Place Apt. 583,(501)843-5456
311,1635,US,Jensen-Robertson,South Vincent,31338,MT,449 Anthony Lodge Apt. 267,001-439-320-6042x94299
311,1636,US,Mendez and Sons,Seanborough,84688,WV,69782 Barbara Street Apt. 872,512-203-8299
311,1637,US,Wood Inc,Christyport,64735,NE,8068 Stephanie Camp,500-854-6801x3143
311,1638,US,Sexton Group,Jamesville,96887,FM,54959 Becky Trace,+1-979-819-6909x13641
311,1639,US,Best-Carroll,Port Margaretshire,40167,ND,0901 Summers Bridge,515-636-0964
311,1640,US,Welch-Bird,Patriciafort,27708,DC,96015 Matthew Unions,+1-205-632-5624x8888
311,1641,US,"Simpson, Baker and Hill",Marcusville,90043,MO,40574 Christopher Route,001-335-839-1038
311,1642,US,Jimenez-Mcdaniel,Erichaven,44052,TX,043 Thomas Bridge Apt. 889,(258)557-8398
311,1643,US,Johnson-Chavez,Port Christopher,07283,MN,485 Heather Motorway Suite 878,734-209-5140
311,1644,US,"Jones, Garcia and Page",Joneston,00809,AZ,541 Evelyn Shores Suite 810,001-894-352-5539x6255
311,1645,US,Adams-Zuniga,Brownton,80737,ID,52941 Drake Creek,814-783-2409
311,1646,US,Velazquez Group,East Davidchester,94132,OK,100 Caleb Station Apt. 301,(679)365-5673x23836
311,1647,US,Allen-Campbell,East Laurie,03466,WA,9053 Matthew Ridges Suite 094,(981)968-3625
311,1648,US,Miller Ltd,Lopezport,16532,AR,157 Nathan Junction Apt. 849,(552)496-4352x217
311,1649,US,"Torres, Baker and Warren",New Amanda,87421,GA,91726 Hampton Shoal,+1-734-820-4578x1314
311,1650,US,Griffith and Sons,East Bruceberg,37283,PR,00113 Juan Hollow,421-943-7780x5592
311,1651,US,Johnson-Guerrero,Brownport,74342,NH,799 Dominguez Keys Suite 964,813-950-7649
311,1652,US,Haynes Ltd,Leeshire,54355,NY,71194 Edwards Shoals,001-552-520-1127x04225
311,1653,US,"Robbins, Taylor and Gallagher",Port Kevinborough,15142,MT,6974 Pruitt Loop,001-770-371-1989
311,1654,US,Wilson Group,Andersonshire,08369,PW,1558 Smith Locks,923-362-4588x4693
311,1655,US,Murray-Arnold,Michellehaven,88326,AK,711 Rice Roads Suite 400,(574)989-4244
311,1656,US,"Petersen, Sullivan and Patterson",West Kylefurt,96789,NH,88161 Jodi Stravenue,434.977.4967x845
311,1657,US,Holt and Sons,Lake Zacharyhaven,14205,MD,5413 Ramirez Trafficway Suite 579,207.290.7704x553
311,1658,US,Washington Inc,Damonfort,23056,MI,29856 Vazquez Green,6557525177
311,1659,US,Flores-Leblanc,Parkerberg,98654,KY,4282 Andrew Crossroad,9414064960
311,1660,US,Peterson-Klein,Lake Joshuamouth,55469,AR,3725 Brian Garden Apt. 195,(393)720-5065x0696
311,1661,US,"Meyer, Nelson and Bell",South John,35154,CA,002 Amanda Lane,760.340.6232x1517
311,1662,US,"Bennett, Garza and White",Johnsonhaven,56915,MI,43422 Tyler Cape,731-507-7222x8749
311,1663,US,"Ross, Randolph and Martin",Johnsonfort,51865,FM,873 David Circles Apt. 052,+1-692-638-3522x37750
311,1664,US,"Pham, Sanders and Allen",West Joshua,89795,RI,460 Richard Station Apt. 616,001-455-342-7933x9970
311,1665,US,Santiago-Jones,Salazarton,41378,NJ,02965 Carter Radial Apt. 437,402.596.7050x356
311,1666,US,Roth-Baird,Randyview,43164,AS,48511 Rhonda Island Suite 322,+1-467-991-1178x51259
311,1667,US,Hogan PLC,South Candiceberg,19615,DC,3841 Rivera Wall,561.876.5722x4588
311,1668,US,Smith-Richards,East Wendy,37546,AR,378 Philip Roads,259-226-6866
311,1669,US,Chapman-Butler,North Anthony,24934,AS,5093 Hopkins Brook,470-392-8033x714
311,1670,US,Ballard LLC,Hollowayfort,75046,IN,268 Sawyer Islands,427-662-9336x983
311,1671,US,Shelton and Sons,Port Victoriastad,80680,NY,618 Bridget Parkways,001-409-688-0409x33627
311,1672,US,Murphy-Martinez,Howardview,18338,MS,27222 Lauren Keys Apt. 250,001-716-399-3297x45116
311,1673,US,Smith-Ross,Marthamouth,14426,IN,660 Clayton Islands,(396)564-7118
311,1674,US,Barrett Group,East Jillian,16056,OR,465 Dalton Trail,(336)898-5167x65599
311,1675,US,Richards-Sullivan,East James,36511,ME,143 Estrada Street Suite 342,491-462-6317x7744
311,1676,US,Garcia and Sons,Davidville,94429,WY,81903 Wallace Cove Suite 510,+1-329-258-3850x83327
311,1677,US,Edwards-Fitzgerald,Christopherborough,42159,SD,343 Heather Club Apt. 633,001-954-871-5433x82541
311,1678,US,"Duncan, Taylor and Craig",South Sandraberg,75161,SD,8028 Reed Crest Suite 919,+1-881-762-5499x31453
311,1679,US,Gonzalez PLC,Rodriguezbury,54800,NH,1616 Lucas Garden Apt. 707,001-336-471-2747x06953
311,1680,US,Chavez PLC,Melissafurt,82000,WI,96720 Davis Meadows Apt. 931,+1-216-378-7586x474
311,1681,US,"Hoover, Little and Cooper",South Terrimouth,00659,KS,61438 Williams Rapids Suite 267,745-876-9094x14250
311,1682,US,Ortiz Ltd,East Williammouth,21533,NY,13299 Tucker Forge,735-885-9919x7763
311,1683,US,"Owen, Johnston and Thomas",Jeremychester,26210,MT,87117 Tammy Mews Suite 359,001-455-639-4506x98958
311,1684,US,"Gutierrez, Casey and Brown",Padillahaven,44216,MD,79394 Christopher Port Apt. 421,(744)909-6762x428
311,1685,US,Johnson-Johnson,Erikfort,83943,UT,35476 Peck Union Apt. 077,001-797-351-0906
311,1686,US,"Rosales, Johnson and Jackson",West Stephanie,53996,CT,041 Victor Passage Apt. 922,4927513900
311,1687,US,Brown Ltd,West Scottmouth,23633,RI,555 John Parkways,790.849.7574
311,1688,US,"Campbell, Taylor and Reyes",East Madeline,32696,WI,651 Jamie Highway Apt. 082,713-501-6064x4903
311,1689,US,Ho-Wilson,Vegaborough,27225,LA,071 Marilyn Courts,+1-882-916-0639x2318
311,1690,US,"Wade, Wilson and Miller",New Leahton,20719,VI,836 Browning Trail,+1-525-779-5356x44119
311,1691,US,Browning-Hayes,New Peter,78073,OK,40238 Faulkner Divide Apt. 317,+1-759-914-5090x9039
311,1692,US,Boyd Group,New Matthew,76040,SC,67333 Sean Island,448.502.4966
311,1693,US,"Cox, Reed and Rivera",North Charles,89642,DE,444 Henry Divide Apt. 740,(218)470-3221x775
311,1694,US,Waters-Goodman,New Charles,27869,HI,410 Danielle Curve,810.529.7295x75512
311,1695,US,Brown-Brown,Carrilloborough,27744,UT,25176 Kim Place,+1-692-712-7462x133
311,1696,US,"Zamora, Bailey and Thompson",Suzannestad,52636,GA,295 Brandy Street,001-844-514-7537
311,1697,US,Hodges-Meadows,West Susan,38788,WI,647 Butler Knolls Suite 770,318-765-0679x96451
311,1698,US,"Davidson, Edwards and Taylor",Robertmouth,00865,ME,4697 Williams Stream,+1-404-766-0638
311,1699,US,Baldwin Inc,Thomasmouth,43786,AL,92252 Jack Trail,980.829.4462
311,1700,US,Nguyen Ltd,Port Kellymouth,35045,OR,151 Emily Isle Suite 589,385.833.5849
311,1701,US,"Reed, Raymond and Nielsen",Douglasside,94282,NJ,20901 Tyler Hollow Suite 311,349-263-3609
311,1702,US,Caldwell-Campbell,Cassiefurt,83746,PR,740 Melanie Lake,+1-275-683-4459x421
311,1703,US,Smith PLC,Lisahaven,25007,ND,4907 Thompson Isle Apt. 541,219-809-3757x70796
311,1704,US,Odonnell Group,Danielstad,13683,GA,369 Good Tunnel Suite 958,(877)306-9922
311,1705,US,Price-Chambers,Carlychester,03233,PR,6100 Jennifer Knoll,320-794-5969
311,1706,US,Harris-Green,Nicoleside,45863,SC,37598 Vargas Corner Apt. 878,401.588.1113x3795
311,1707,US,Davis and Sons,West Christopher,58457,AL,27879 Allen Summit Suite 908,001-613-522-0822x0448
311,1708,US,Rodriguez-Henry,South Nicoleshire,46803,NJ,42599 Alexis Tunnel,+1-328-542-2417x0183
311,1709,US,Vasquez-Hill,Austinton,45248,WA,251 Walker Gardens Suite 813,(682)820-1529x79685
311,1710,US,Miller Group,Smithton,55166,GA,212 Smith Villages,001-366-345-3629x21350
311,1711,US,Nelson PLC,Weavershire,43259,AK,184 Kelly Skyway,001-694-697-2547x2047
311,1712,US,Shelton Group,Robertshire,34203,OR,6514 Green Manor,001-857-648-1452x528
311,1713,US,Stewart-Smith,North John,11276,NJ,13913 Warner River Suite 548,793.677.7271
311,1714,US,Martin Inc,West Tara,00697,VT,341 Keith Dam,(937)720-7419
311,1715,US,Morrow Inc,Port Russellburgh,31268,PA,3352 Victoria Pines Suite 837,(358)226-3218x945
311,1716,US,"Mills, Hubbard and Elliott",New Davidville,79359,RI,81783 Taylor Row Apt. 643,995.353.4334
311,1717,US,"Wallace, Garrett and Nelson",East Kelly,36811,WI,009 Erin Track,431.663.3243x087
311,1718,US,Castillo-Allen,South Davidberg,11453,PW,7989 Michael Club,6246198272
311,1719,US,"Hanson, Thompson and Johnson",Duncanland,47118,FL,19778 Rodriguez Lodge,(901)880-0544x027
311,1720,US,Wilson and Sons,North Paul,45000,MP,1000 Paul Loop Suite 743,001-773-384-7184
311,1721,US,Perez-Williams,North Grant,10696,ND,63725 Clarence Ranch,+1-880-931-0262x37050
311,1722,US,"Phillips, Sharp and Thompson",Ernestberg,75966,GA,6547 Walker Club Suite 914,(959)403-6535x423
311,1723,US,Kim-Hayes,Mcgeeberg,22437,MT,1747 Joshua Knolls Suite 224,001-220-859-6425x4978
311,1724,US,Perez-Miller,Williamsborough,38518,PR,11601 James Junctions Apt. 995,(711)254-2401
311,1725,US,"Figueroa, Lewis and Fowler",Lake Aliciaside,04007,NC,8558 Ronald Islands,687-459-7997x425
311,1726,US,"Carpenter, Lucero and Simon",Jasonhaven,22465,AS,6849 Mercado Pines Suite 078,+1-867-925-3081x5808
311,1727,US,"Leonard, Middleton and Larson",Danielbury,89541,MH,6719 Steven Extension,871.500.2959
311,1728,US,Jones-Miranda,Bellton,48504,IL,93613 Calvin Inlet,(241)897-2941x03675
311,1729,US,"Norman, Walker and Fletcher",Billland,60277,CA,37097 Allison Loop,490.987.7373x169
311,1730,US,Lynch-Henry,Houseland,06154,AK,977 Williams Ranch Suite 018,325.266.1806
311,1731,US,"Lozano, Hartman and Cochran",North Victortown,13639,AL,21268 Morgan Ridges,5516011816
311,1732,US,"Chapman, Smith and Reyes",Grahamhaven,63003,MP,14941 Lacey Trail,(832)382-2519x64295
311,1733,US,Griffin-Rodriguez,Smithberg,43330,KS,655 Teresa Squares Suite 218,+1-425-648-0575x95024
311,1734,US,"Saunders, Barnes and Sanchez",Harryville,86938,NH,8771 Eric Drives Apt. 613,+1-420-431-8676x744
311,1735,US,"Reese, Spencer and Porter",New Bryan,39728,RI,09666 Todd Mews Apt. 960,+1-629-764-9910x4716
311,1736,US,Archer-Cordova,Jessicachester,45612,NH,137 Melvin Glens Apt. 789,828.773.2276
311,1737,US,Avila-Ferguson,Davidport,78363,WI,4540 Patricia Burgs Apt. 214,466.559.4538
311,1738,US,Baird LLC,Jenniferborough,46259,MS,228 Cabrera Trail Suite 549,+1-320-739-8013x3761
311,1739,US,"Bryant, Arellano and Garcia",Nancyville,10853,MI,623 Michael Ridge,328-811-5876x509
311,1740,US,Villanueva Group,Andrewmouth,97803,PA,51098 Bryan Row,001-544-430-0277
311,1741,US,Byrd LLC,Knightberg,59020,SD,380 Patrick Flat Apt. 676,001-931-314-3107x5398
311,1742,US,Rodriguez-Jefferson,South Jennifer,38752,DC,64614 William Flats,001-681-967-4289x5405
311,1743,US,Sanchez-Gibbs,Tracymouth,18009,WY,45979 Jacob Union Suite 554,8423100149
311,1744,US,Juarez Group,Roseview,49228,IL,579 Cruz Crossroad,001-769-523-3953x0025
311,1745,US,"Cook, Hopkins and Cline",Richardborough,60064,MP,312 Moore Lake Suite 013,711-575-1733
311,1746,US,Thomas-Carter,North Matthew,45038,NE,3878 Jones Cliff Apt. 593,(989)510-5482x562
311,1747,US,"Coleman, Ramirez and Nunez",Port David,11307,WI,99286 Grant Drives,+1-277-851-5367x20975
311,1748,US,Gilbert-Garcia,Lake Amy,97262,MO,441 Mitchell Ports Apt. 311,456-385-4026
311,1749,US,"Williams, Moran and Douglas",Lake Johnchester,33245,GA,518 Camacho Drive,+1-916-356-1307x398
311,1750,US,"Santiago, Dixon and Maldonado",Kyleborough,04387,AL,457 Harrison Highway Apt. 465,583-516-3325
311,1751,US,"Hamilton, Williams and Bryant",Stevenhaven,50274,MO,0250 Ball Light,(860)769-5085x26106
311,1752,US,Villarreal-Moss,South Kathryn,33877,NM,41240 Gonzalez Mews Suite 835,001-960-300-1820
311,1753,US,Chen-Schmidt,New Jasonshire,83260,SD,1918 Angelica Walks,298-379-2165
311,1754,US,"Friedman, Marshall and Cox",Garnerville,67533,AZ,752 Robert Inlet Apt. 528,+1-332-581-6651x773
311,1755,US,Singleton Group,Ashleyville,31865,MD,762 Cooper Gateway,565.311.8256x6516
311,1756,US,Jackson-Davis,Johnathanborough,54687,HI,341 Kristen Burg,934.760.7496
311,1757,US,Turner-Mcgee,Gravesport,93412,KS,87398 Daniel Crossroad,558-687-7405x03151
311,1758,US,"Gray, Brown and Bush",Morrischester,81720,OK,387 Carter Overpass Apt. 341,(753)983-4106
311,1759,US,Carr Ltd,Fisherfurt,48563,MT,067 Michelle Rest,236.677.7441
311,1760,US,Richards Inc,New Jacobton,02105,IL,93582 Fitzgerald Crescent Suite 320,310.666.6465
311,1761,US,Hicks-Romero,Foxhaven,40420,MI,579 Miller Highway Apt. 794,(419)906-9239x51083
311,1762,US,"Black, Sanders and Meyer",Weavershire,69333,ME,03265 Darlene Causeway,724-411-4207x65133
311,1763,US,"Campbell, Brooks and Kim",Lake Veronica,99215,OK,108 Buchanan Roads Apt. 970,953-886-8761x2976
311,1764,US,Wilson Ltd,West Kevin,42557,MO,3153 Gabriella Hollow,+1-799-253-1200
311,1765,US,Williams-Osborne,West Dalton,89290,NV,64237 Jeff Ford,924-914-7189x7621
311,1766,US,"Nash, Hopkins and Gross",Jessicaburgh,13417,AZ,2748 Christopher Junctions,575-407-9631
311,1767,US,Mcdaniel-Bates,Brendaland,82069,MH,519 Myers Orchard Apt. 457,9657868623
311,1768,US,"Potter, Ford and Lowe",Martinezland,75896,OR,917 Griffith Neck,4706022796
311,1769,US,Rogers-Ramos,Stacytown,92172,AL,878 Robert Tunnel,965-694-9186x8498
311,1770,US,"Page, Hale and Smith",East Nicholas,53278,NY,37557 Hartman Heights Suite 765,309.524.6430
311,1771,US,Hernandez LLC,Woodview,10465,DC,6435 Ashley Villages,957-831-4926x62247
311,1772,US,Harris PLC,Port Erin,66340,AR,00245 Nelson Roads Suite 939,+1-569-979-3393x383
311,1773,US,Spencer-Clark,Boydhaven,20116,MI,3868 Rhonda Lane,(922)535-0799x378
311,1774,US,"Welch, Anderson and Riley",South Sheriview,78728,MO,334 Brooke Villages,001-295-908-6722x66281
311,1775,US,Alexander-Figueroa,Drakeside,54674,NV,971 Tonya Cape,(597)946-8993x305
311,1776,US,Williams-Coleman,Donaldville,07753,VT,24877 Perry Coves,284.891.9866x13294
311,1777,US,Blackburn Group,West Tanner,27225,PA,2685 Alex Dam Suite 385,700.399.9866x92450
311,1778,US,Jensen-Collins,Adkinsstad,94982,PA,4345 Victoria Ville Suite 996,407-479-9772
311,1779,US,Wolfe LLC,Crossland,99617,MD,00270 Steve Lakes,001-607-769-7693x8051
311,1780,US,Pitts Group,North Sarahhaven,09724,FL,5000 Carr Trail,+1-615-758-5939x224
311,1781,US,Acevedo-Morgan,East David,40308,WA,1399 Rios Mission Suite 993,203.981.5695
311,1782,US,Bailey Ltd,Harperland,02207,MP,61128 Carter Squares Apt. 173,7694938214
311,1783,US,"Alexander, Kidd and Stone",Taylorshire,31246,AL,405 Charles Knolls,4568083191
311,1784,US,Baker Ltd,Juliehaven,74852,MT,9818 Nelson Bridge Apt. 865,971-292-7054x8748
311,1785,US,Ross-Hernandez,Port Kristiton,49197,MO,446 Michael Walks,823-250-6656
311,1786,US,Johnson-Bailey,Port Williamstad,84900,MN,5789 Margaret Mountains Apt. 919,874-237-2990x3521
311,1787,US,"Martinez, Taylor and Henderson",Tylerport,25049,KS,11190 Samuel Mall,001-323-677-3813x30983
311,1788,US,Good-Wright,East Kyleborough,26202,WA,742 Butler Lodge,+1-266-780-5800
311,1789,US,"Johnston, Bailey and Gilmore",New Darrell,61989,MP,15438 Gibson Coves Apt. 779,001-849-814-8815x144
311,1790,US,Oneal Ltd,Johnnymouth,12717,AZ,5626 Patterson Plaza,(745)253-6377x665
311,1791,US,Bates LLC,Sandraberg,31039,MH,2266 Dixon Inlet,+1-518-761-4628x836
311,1792,US,"Shepard, Hopkins and Walton",North Dominique,11257,SC,35611 Mosley Estates,584.373.4479x3722
311,1793,US,Gallagher-Jones,Grantburgh,45883,NC,843 Jason Squares Suite 740,974.774.0739x72961
311,1794,US,Peterson-Washington,South Davidbury,97595,LA,51180 Green Island Apt. 924,252-386-3484
311,1795,US,Kirk-Miller,Williamsfurt,33520,PA,4533 Norris Keys,(301)856-9146
311,1796,US,"Landry, Chaney and Bell",Perezfort,56266,MH,91341 Hunter Bridge Apt. 719,(771)745-1495x149
311,1797,US,"Hampton, Daniels and Mathews",Dunnmouth,23417,PA,1808 Allen Pike Apt. 684,627.723.0990x70464
311,1798,US,Young Ltd,South Emilyview,47374,VT,990 Mary Neck,930.402.7632
311,1799,US,Clark Group,Port Ronald,42965,AR,26059 Jorge Fort Suite 352,(965)549-3053
311,1800,US,Bridges-Davis,Lisashire,57431,LA,0600 Moore Glens,3513431641
311,1801,US,"Gonzalez, Richardson and Collins",Lake Tiffanyburgh,92007,MN,60062 Gary Pike Suite 357,+1-493-789-5945x892
311,1802,US,Davidson LLC,Morrisview,82115,NV,6551 Zachary Trail Suite 638,367.266.5703
311,1803,US,Jackson Ltd,East Jeffreyhaven,65121,MI,421 Mitchell Pass,554.857.4988
311,1804,US,"Waller, Hoffman and Martinez",West Mikayla,28698,AZ,3521 Brown Flat,+1-946-760-6899x24715
311,1805,US,Snow-Smith,Lake Reneeton,28463,GU,21239 Woodward Coves,(716)698-3232
311,1806,US,Green and Sons,South Lori,82802,DC,214 Flores Mountains Apt. 504,319-567-8778x80115
311,1807,US,Henderson LLC,East Rebecca,93072,TX,55469 Jared Stravenue Suite 931,3577197323
311,1808,US,Peterson-Taylor,Kimburgh,83076,MS,35640 Alexis Ridge,001-898-568-9195x07867
311,1809,US,"Warren, Rodriguez and Hudson",Lake Ashleyside,89890,NH,1231 Barry Highway Apt. 551,458.863.7353x3270
311,1810,US,Estes-Mason,Lisaview,28357,CA,2106 Boyer Throughway,649-547-3965
311,1811,US,Smith LLC,Simpsonton,27358,TX,275 Williams Roads,+1-795-686-9793
311,1812,US,Scott and Sons,North Jose,36747,WI,12586 Roger Row Apt. 981,+1-304-609-9915
311,1813,US,"Garcia, Smith and Cobb",Alexisland,92780,IA,4296 Kristen Glens Apt. 226,272-654-3924x5396
311,1814,US,King PLC,South Justinview,18619,MN,685 Shannon Via,(382)609-1881x22466
311,1815,US,Maxwell PLC,New Lindatown,21655,AL,096 Michael Courts Suite 911,953.231.7025x3379
311,1816,US,"Price, Parker and Holland",Hinesstad,72635,NH,3717 Austin Crescent,633-330-0325x69647
311,1817,US,Bradshaw and Sons,North Michaelchester,66450,IN,422 Douglas Flat Apt. 543,3997034913
311,1818,US,Davidson-Gonzalez,Reynoldsland,27653,MO,3514 Jackson Passage Apt. 325,+1-734-985-2979x93496
311,1819,US,Stewart-Allen,West Gregory,88191,PA,64064 Douglas Square Apt. 540,(244)378-3075
311,1820,US,Gonzalez-Jimenez,East Debrashire,15577,KS,52696 Lori Loop,827-921-2645x4367
311,1821,US,"Huber, Mendoza and Torres",Sotoburgh,51147,PA,301 Jamie Curve Suite 988,(817)302-6719
311,1822,US,Gates-Campbell,Port Amberville,40896,WA,6160 Amy Prairie Suite 260,(882)828-7956x14109
311,1823,US,Chambers LLC,New Nicole,21213,VA,8908 Robles Cape Suite 903,9345711202
311,1824,US,Guerra Ltd,East Morgan,82463,GU,951 Brittany Drives Apt. 722,703.335.8233
311,1825,US,Hale and Sons,Hinesfort,32436,ND,278 Price Mill Apt. 360,+1-884-722-9665x1444
311,1826,US,Nelson-Johnson,Mooretown,50586,NC,8499 Briana Squares,620.529.8113x008
311,1827,US,"Robinson, Wilson and Roberts",New Janiceville,99433,CA,633 Connie Alley Suite 495,2444327192
311,1828,US,"Meyer, Bray and Santos",Port Kristenland,88866,MS,624 April Pine,001-651-363-2381x37057
311,1829,US,Sanchez Group,East Robert,96100,MA,52583 Miller Meadows Apt. 578,916-344-6684
311,1830,US,Jackson PLC,Port Rachelton,23799,MP,8511 Fox Crest,7148602353
311,1831,US,"Martin, Vargas and Davis",Suzanneside,15402,PR,356 Lisa Locks,666.902.7168x9278
311,1832,US,"Wise, Tyler and Mullen",Port Christinaside,30588,ME,705 Alexander Viaduct Suite 730,+1-680-328-2131x1482
311,1833,US,"Turner, Young and Hill",Kyleshire,61376,ND,59634 Kathleen Course Suite 689,734.350.0419
311,1834,US,"Miller, Soto and Lewis",Parsonsfurt,09746,NJ,1668 Bond Inlet,001-382-809-8728x481
311,1835,US,"Long, Taylor and Norman",Pennyton,43304,MN,47721 Kimberly Lodge Apt. 620,001-391-260-4941x723
311,1836,US,Gonzales Ltd,Hendersonhaven,49770,IA,18589 Megan Passage Suite 047,8576126565
311,1837,US,Becker LLC,Pricemouth,12969,MA,11207 Dan Spurs Apt. 589,759.767.9262
311,1838,US,Reed Group,West Anthonybury,25081,MI,086 William Spring Apt. 043,322-599-7853x210
311,1839,US,Santana PLC,North Annette,37275,AL,76584 Daniel Hollow,9562502578
311,1840,US,"Stevenson, Owen and Williams",Cherylberg,89917,PW,990 Myers Locks Apt. 991,838.564.8836x26961
311,1841,US,Mckay-Powers,Mccluremouth,93479,NH,96942 Dean Knolls Suite 897,+1-981-941-2452
311,1842,US,Ward PLC,Morganmouth,05867,MD,44818 Ramos Ramp Suite 013,001-319-638-7074
311,1843,US,Johnson and Sons,Maryside,41088,IL,140 Myers Inlet,286.235.7236x2733
311,1844,US,Torres LLC,Randyhaven,37635,AS,10954 Hart Cove,673.807.9099x1998
311,1845,US,Barnes-Marshall,Davidton,28732,VT,2576 Casey Stream Apt. 280,(779)855-0004x441
311,1846,US,Frazier-Williams,Jessicaburgh,65627,MN,20217 Fernandez Fall Apt. 905,470.213.7607
311,1847,US,"Bass, Hernandez and Dennis",Port Kimberly,30310,SD,5677 Walls Loaf Suite 324,248-942-6898
311,1848,US,Howard-Oneill,Samuelstad,69924,MA,564 Miller Square Apt. 427,001-334-868-2985
311,1849,US,Thomas-Estrada,Hesterborough,43261,CT,778 Allen Road,844-587-7747
311,1850,US,"Griffin, Griffith and Finley",East Carlosside,58020,PR,7960 Contreras Parkways,467.342.0505x78462
311,1851,US,Clark-Ingram,Christopherfurt,42180,WI,3121 Mcclain Springs,882.898.7908
311,1852,US,French-Mccall,Samuelchester,07456,WY,0593 Ford Coves,001-755-422-6412x465
311,1853,US,"Barrett, Moss and Ward",Hoffmanborough,42072,DE,320 Erik Mountain Apt. 131,700.721.4980x08475
311,1854,US,Cohen-Wright,East Ann,30501,FM,21836 Carpenter Stream,998-535-9808x469
311,1855,US,Lane Group,Williammouth,56467,FL,37024 Long Ridge Suite 598,+1-209-806-6094x783
311,1856,US,Weeks Group,Richardmouth,66303,MH,44463 Douglas Pines Suite 209,(374)393-9098
311,1857,US,Taylor and Sons,West Dianaberg,85098,TX,36840 Roberts Coves Suite 523,400.487.7751x9003
311,1858,US,"Jordan, Alvarez and Mitchell",Hicksport,31936,GA,4846 Barajas Forges Apt. 032,538.254.3767
311,1859,US,"Kelly, Cooper and Thompson",Mcclureview,45232,PA,224 Christopher Dale Apt. 255,489.783.9230x78141
311,1860,US,Smith-Gutierrez,South Tyroneburgh,39839,KS,7597 Dakota Villages Apt. 568,631.802.4264x5963
311,1861,US,"Mitchell, Palmer and Fletcher",Port Ashleyborough,45877,OH,726 Erin Square Suite 502,419.226.4210x2387
311,1862,US,Wright-Daugherty,Ashleyfort,05987,MS,901 Alvarado Viaduct Suite 335,(223)295-0211x18700
311,1863,US,"Wiggins, White and Mcneil",Joeburgh,06073,ND,560 Kelly Lights,671-901-4782
311,1864,US,Prince-Austin,Port Davidfort,25595,OK,6506 Murray Meadow,001-202-873-1603x50245
311,1865,US,Martinez Group,Lake Heatherstad,20749,PR,69456 James Mall Suite 764,(691)542-8400x00137
311,1866,US,Dixon-Burns,North Katherinebury,67038,AS,22583 Timothy Tunnel,001-822-733-4501x54177
311,1867,US,Ryan-Fisher,Millerton,05185,AK,118 Martin Street Suite 793,+1-833-548-9140x269
311,1868,US,Haley Ltd,Cynthiahaven,06771,SD,757 Murray Courts,001-631-683-8237x084
311,1869,US,Herrera-Little,North Elizabethside,11988,IA,418 Thompson Fork Apt. 645,701.577.3370x106
311,1870,US,Williams-Phillips,Millerfort,76208,IN,082 Martin Rue,875.869.9906x0418
311,1871,US,Bishop LLC,Powellville,11634,GU,921 Valerie Island,564.335.8309x75336
311,1872,US,Lane-Holden,New Crystal,53986,OR,617 Lucas Plains,(434)754-9642x20699
311,1873,US,Rice-Allen,East Laurenstad,70585,AR,6344 Jennifer Wall Apt. 885,448.983.1927
311,1874,US,Hunter-Clark,South Brandiborough,18547,NY,167 Rachel Overpass,311.903.4020x736
311,1875,US,Flores-Sherman,Danielland,66295,KY,00013 Brian Villages,+1-321-748-9040x11392
311,1876,US,"Fields, Lin and Hobbs",South Katrina,19802,KY,76456 Zachary Streets Suite 689,658-933-6597
311,1877,US,Arias Ltd,West Zacharyville,79571,HI,338 Megan Lane,(861)897-8968x126
311,1878,US,"Jensen, Wilson and Blair",Lake Jennifer,60475,VI,086 Kelly Turnpike Suite 865,+1-277-959-7767x380
311,1879,US,Johnson-Briggs,East Diana,33031,WI,39347 Vazquez Shores Apt. 678,365.970.7385x46052
311,1880,US,Taylor and Sons,North Danielle,67866,AS,892 Tonya Station Apt. 955,001-376-293-0888x37079
311,1881,US,Anderson-Cohen,West Joycebury,40682,LA,747 Danielle Heights,+1-767-811-7249
311,1882,US,Scott Group,Mariaton,81370,KS,2672 Smith Rest,(228)370-1321x5667
311,1883,US,"Glenn, Jones and Marshall",Rodriguezview,44228,VT,071 Edward Common,618.896.0503
311,1884,US,Parrish Ltd,South Johnland,63739,MH,46554 Miller Falls Apt. 355,001-516-249-1566
311,1885,US,"Gonzalez, Gonzalez and Hunt",Williammouth,03001,AR,4352 Boone Alley Apt. 916,(336)547-0669x677
311,1886,US,Brown-Robles,West Stacy,36606,OH,9153 Lowery Ports Apt. 435,001-318-540-6392x9465
311,1887,US,Lowery Inc,North Kevinshire,14094,VI,4384 Dawson Street,+1-581-492-0509x163
311,1888,US,"Sanchez, Clements and Myers",Brandibury,18077,VI,7119 Jeanette Ports Apt. 283,4066238183
311,1889,US,Wilson-Snyder,South Shannonville,89890,VT,79117 Chloe Way Apt. 335,001-713-835-3153
311,1890,US,Joseph PLC,Ballport,46906,UT,0941 Leon Shores,616.882.8982x1824
311,1891,US,"Martin, Lowery and Ross",Andersonfort,01013,IL,473 Tasha Estates Apt. 224,(463)778-3681
311,1892,US,Garcia-Peterson,New Kimberly,71476,KY,9044 Campbell Course Suite 643,741-505-7940x652
311,1893,US,Riley Ltd,West Kent,35709,TN,5199 Flores Avenue,001-889-877-5472x81570
311,1894,US,Reed Ltd,North Janiceburgh,25037,AK,77149 Kelley Mountains Apt. 484,001-726-815-2830
311,1895,US,"Anderson, Williams and Jarvis",New Gregoryfort,84566,NY,882 Whitney Prairie,(752)610-9423
311,1896,US,Cunningham-Lewis,South Michelle,76659,DC,51002 Timothy Points,(657)599-8835
311,1897,US,Reynolds Inc,East Mary,39776,AR,770 Jesse Trail,+1-417-615-0685
311,1898,US,Smith-Hicks,Lydiaburgh,88929,AR,51228 Hendricks Cape Apt. 999,001-574-894-1171x590
311,1899,US,Wall-Mason,Wrightberg,91844,MI,25996 Boyd Ford,732-797-8671x542
311,1900,US,Miller-Perkins,Powersfort,07266,AZ,91035 Jeffery Via Apt. 592,772-834-0515
311,1901,US,Wright-Noble,Elizabethside,61617,AR,15421 Megan Square Suite 949,001-819-826-5951x733
311,1902,US,Torres-Wilson,North Jeffery,59555,MH,01980 Margaret Avenue Suite 382,(744)332-6549
311,1903,US,"Palmer, Garrett and Mason",Masonmouth,43196,CA,154 Richard Point Apt. 345,+1-348-293-0494x080
311,1904,US,Butler LLC,Austinland,79521,ND,31679 Pedro Lights,603-207-5059x9906
311,1905,US,"Wilson, Bennett and Rodriguez",South Clairestad,13339,AK,208 Murphy Stream Suite 494,(658)539-3185x665
311,1906,US,Sellers-Moses,Port Dylanchester,68292,OH,78632 Christopher Mountain,5304781762
311,1907,US,Rogers-Schmidt,North Deborahville,22182,WA,6151 Shannon Parkway Suite 424,(376)400-4259x7657
311,1908,US,Scott-Baxter,Lauramouth,74973,TN,96149 Tara Cliff Suite 090,944-549-6252x16538
311,1909,US,"Cherry, Leon and Chambers",Lesterfurt,97892,MO,2442 Tammy Garden Apt. 579,001-670-765-8112
311,1910,US,Flynn Group,South Jeffrey,06087,TX,801 Victoria Mount Apt. 662,993.452.6017
311,1911,US,Cooper-Wagner,East Laura,57465,CT,4270 Emily Ville,+1-523-232-0025
311,1912,US,Greer-Booth,Ruizport,02738,WI,85331 Matthew Hill Apt. 562,001-487-353-1848x3364
311,1913,US,Hernandez-Padilla,Kinghaven,61687,WV,6393 Jared Curve,(416)388-0701
311,1914,US,"Colon, Koch and Cook",Bakerland,18044,AS,21883 Kelly Walk Apt. 791,001-844-455-7669
311,1915,US,Harris-Hayes,North Toddberg,06163,IN,7417 James Wall Apt. 300,(824)622-3716
311,1916,US,Travis Ltd,Lake Lauren,91437,MI,997 Samantha Circles,552-292-7099
311,1917,US,Cain-Patterson,Davidville,95881,WI,3101 Cheyenne Crescent,7468005204
311,1918,US,Nichols-Morales,Christopherborough,72368,MP,72278 Margaret Falls Apt. 253,(844)788-8076
311,1919,US,Kennedy-Ross,Jasonstad,78635,GA,6312 Peterson Freeway,374-491-1608x478
311,1920,US,Martin Ltd,Erikashire,38456,KY,484 Glover Locks Suite 451,001-842-215-7299x142
311,1921,US,Brown-Harris,West Jimmyside,17494,NV,6123 Morris Lakes Apt. 591,972.206.7730
311,1922,US,Farrell PLC,West Richard,52292,GA,753 Lisa Corners,001-693-782-8918x35073
311,1923,US,Smith-Johnson,West Cliffordland,35251,MT,8566 Charles Squares,001-362-672-4381x44565
311,1924,US,"Morrison, Cooper and Santos",West Jordanborough,32497,ND,5450 David Divide Apt. 198,+1-584-281-3120x5930
311,1925,US,"Miles, Valdez and Lopez",East Jenniferport,09556,AS,6970 Harrell Flats Apt. 826,001-667-840-0097x735
311,1926,US,Diaz PLC,Brittanyville,18997,CO,5301 Matthew Glen,+1-636-646-6937x06756
311,1927,US,Clark Inc,Zacharyburgh,16166,CA,7205 Flores Forks Apt. 168,255-902-6945x05836
311,1928,US,Hernandez PLC,Kimberlyshire,26623,OR,886 Wagner Pines,6105652854
311,1929,US,Edwards Ltd,Lake Wendy,14030,KS,3707 Tyler Green,001-520-905-0294x079
311,1930,US,Gross-Hunt,North Sarahhaven,48924,OR,9054 Nicole Hill,+1-378-640-4147
311,1931,US,Frazier PLC,Freemanshire,46280,PR,6992 Brittany Rue,279.601.6884
311,1932,US,"Woods, Powell and Young",Port Cindyshire,41115,NJ,1592 Taylor Light,774.816.5374x6678
311,1933,US,Sutton Inc,Phillipsfurt,09422,SD,68595 Lance Park,868-574-7825
311,1934,US,Dennis-Harris,Christopherville,11233,AK,883 Kristen Ports,+1-314-710-1120x17474
311,1935,US,"Alvarez, Graham and Mcknight",Oliviaborough,66122,AR,124 Lara Plain,(447)908-0709
311,1936,US,"Schneider, Cox and Adams",South Heather,21942,MA,47026 Crystal View Suite 666,+1-920-272-9722x318
311,1937,US,"Suarez, Mcmahon and Allen",Kariview,46429,IN,0829 Haley Passage Suite 698,5288440278
311,1938,US,"Anderson, Gray and Montes",Christineport,14760,TX,9044 Nguyen Key Apt. 792,(906)208-2382x0002
311,1939,US,Little-Cross,Lake Joseph,41665,SC,09222 David Passage Apt. 690,458.532.2327
311,1940,US,Green-Adams,Atkinsonhaven,28586,OH,8994 Vicki Expressway,932.328.4661
311,1941,US,Romero Inc,Gonzalezville,31943,SD,5214 Stanley Views,647-622-7004x8997
311,1942,US,Kerr Ltd,Christinamouth,26799,AZ,4850 Krista Mill,532-800-6083x077
311,1943,US,"Beck, Webb and Cox",Bonniemouth,64270,CO,3335 Walter Parks Apt. 238,001-994-305-6947x6192
311,1944,US,Paul Inc,Jacobsfurt,20783,KY,952 Jose Dale,001-375-961-7372x01701
311,1945,US,Little-Cook,Gibsonport,63404,IA,06744 Holt Turnpike Apt. 716,278.580.3024x9230
311,1946,US,Turner PLC,Trujilloville,42463,VT,039 Brian Ville Apt. 803,001-354-931-3731x29504
311,1947,US,"Diaz, Abbott and Knight",East Heather,84668,OR,8099 Rebecca Freeway,001-898-963-9106x204
311,1948,US,"Perry, Gonzalez and Williams",New Bryce,51292,OR,486 Williams Run,(298)364-4491x1851
311,1949,US,Baker-Jackson,West Matthew,60712,IN,180 Taylor Parkway,423-902-2727x5215
311,1950,US,"Maddox, Macdonald and Thomas",Port Davidview,29547,LA,663 Robert Mill,001-759-572-7771x98460
311,1951,US,"Buckley, Cisneros and Sellers",Daniellemouth,38044,MH,683 Vazquez Place,(998)571-6462x92917
311,1952,US,Mack-Nguyen,New Reneeland,02185,AK,7831 Jessica Ford,341.598.7032x2508
311,1953,US,Weber and Sons,South Teresa,34343,SD,4544 Valentine Mills Suite 924,677-417-4066x8679
311,1954,US,Becker Group,East Thomasside,22167,ID,1825 Rhonda Plains Suite 879,8915281212
311,1955,US,Yates-Maynard,West Ryanland,04905,HI,25193 Logan Curve Suite 437,+1-528-428-4012x52004
311,1956,US,Hart Inc,New Kathleen,15928,FL,9666 Palmer Burg Apt. 172,+1-640-399-3751x376
311,1957,US,Doyle-Garcia,Simpsonville,73457,LA,92084 Bell Turnpike Suite 194,2563845934
311,1958,US,Houston LLC,New Shawn,80241,RI,25750 Regina Junction Apt. 122,725.444.9550x3079
311,1959,US,King-Patterson,Hernandezfurt,58399,TN,390 Flores Common Suite 380,(962)467-9409x9073
311,1960,US,Williamson Ltd,South Peterside,02469,IL,45440 Brooke Ridge Suite 650,+1-858-248-4149x22835
311,1961,US,"Anderson, Monroe and Young",Ravenland,87424,NM,636 Sara Street Apt. 584,(907)404-3517x5931
311,1962,US,Noble-Jones,New Emilyview,43309,MO,147 Garcia Fall,(950)388-9975x58537
311,1963,US,Dawson-Robertson,New Richardland,14248,OK,4732 Thomas Mission Suite 457,777-806-0855x8834
311,1964,US,Mullins-Ball,Port Steven,48364,ME,56527 Williams Corner,+1-456-926-6998x1805
311,1965,US,"Hernandez, Williams and Nguyen",Allenville,55861,VA,606 Walters Port Apt. 237,758-638-8333x14932
311,1966,US,"Nguyen, Lane and Martin",Lake Alan,52118,NE,3479 Moon Trafficway Apt. 090,8288100032
311,1967,US,Sweeney-Owens,New Jenniferfurt,34163,ME,2776 Smith Way,001-794-525-0122x9153
311,1968,US,Murphy-Richards,South Charles,78140,NH,616 Keith Rest Apt. 380,807-201-7744
311,1969,US,"Walker, Ewing and Kent",Autumnfort,97935,MD,8312 Jeffrey Walks,734-397-6217x41037
311,1970,US,Rodriguez-Ramirez,Nealhaven,90324,OK,97327 Johnson Valleys,349.663.5550x12199
311,1971,US,"Vargas, Lawrence and Anderson",West Barbara,31516,AL,654 Brown Turnpike,+1-444-259-9145x210
311,1972,US,"Juarez, Gordon and Wade",Lake Shannonbury,98245,SC,42121 Austin Lodge Suite 975,(610)408-4865
311,1973,US,Byrd-Rivera,Everetthaven,50802,GU,29054 Drake Mount,505-867-3929
311,1974,US,"Houston, Owens and Smith",Kinghaven,85189,NM,358 Stacey Roads,001-951-275-2047
311,1975,US,Torres and Sons,Lake Stacyfurt,17508,NH,55382 Kirby Inlet,883.526.2250
311,1976,US,Moreno-Gibson,East Melody,09847,KS,6750 Alyssa Underpass Suite 418,220-739-7101x04433
311,1977,US,Silva Inc,Port Jonathan,87481,OR,008 Wiley Lodge Suite 865,784-822-5277x68575
311,1978,US,Collins-Thomas,South Tristan,03523,CO,52674 Taylor Ferry,001-921-366-0952x38149
311,1979,US,"Roberts, Francis and Simon",Lake Louis,65871,NV,24049 Zachary Station,562.931.7553
311,1980,US,Welch Group,Santosborough,08679,VI,8582 Khan Meadows Suite 469,001-915-789-7303
311,1981,US,"Galvan, Gillespie and Caldwell",Danaberg,74780,NC,8761 Steve Burg,861-815-5510x74981
311,1982,US,Miller PLC,North Tonyhaven,57960,MP,701 Nicole Parkways,215.762.4206
311,1983,US,"Walter, Jones and Davis",Butlertown,45497,KY,2682 Cassandra Hills,001-571-490-2327x107
311,1984,US,Dodson-Diaz,North Shawna,31970,AS,48990 Ortiz Glen,317.321.0463
311,1985,US,"Holt, Gill and Cross",Lake Carlside,65373,ND,0544 Harvey Coves,+1-913-512-5470
311,1986,US,Morrow-Young,West Joshuatown,59428,MH,7186 Crystal Groves Apt. 681,914.453.9480
311,1987,US,Cardenas Group,Jessicastad,87852,NC,8402 Evan Stravenue Suite 602,980-566-7252
311,1988,US,"Blair, Campbell and Barrera",Pamelaville,93845,AS,7742 Jessica Avenue,001-483-706-3443x71084
311,1989,US,Hutchinson-Osborn,Jacobbury,60820,IA,49724 Meyer Pass Apt. 225,001-635-902-2774x69033
311,1990,US,Robinson Group,West Allisonfort,90511,VT,522 Kristina Vista Apt. 004,9235420338
311,1991,US,"Turner, Calhoun and Bridges",Maryton,16920,CT,638 Richard Mall Suite 365,669.749.1997x85134
311,1992,US,"Flores, Horton and Carlson",Crawfordfort,41821,OR,83188 Rodriguez Manor Suite 334,(880)491-1541
311,1993,US,Jacobs-Marshall,Port Michaelview,87908,OK,40654 Sanders Court,(767)349-0753
311,1994,US,Palmer LLC,Robertshire,28834,IN,956 Rodriguez Square Apt. 230,+1-347-460-5967x656
311,1995,US,Cunningham-Kelley,East Kim,39630,KS,6796 William Drive,(229)514-9373x529
311,1996,US,Hodges Inc,Barkerhaven,55788,NV,7868 Gonzalez Alley Suite 181,969-344-1826
311,1997,US,"Espinoza, Owens and Brown",West Jeremyshire,73390,TX,0541 Brandi Walks Suite 985,+1-611-774-2614x22740
311,1998,US,Duke and Sons,Melissahaven,74649,SD,708 Brandon Freeway,(474)631-8910x049
311,1999,US,Johnson-Chang,New Courtney,34521,TN,63150 Alan Mews Suite 704,+1-429-557-9035x40642
311,2000,US,Carroll-Mason,Rossland,70981,VT,8412 Edgar Haven Suite 059,+1-537-806-2723x5264
311,2001,US,Rodriguez PLC,Brownmouth,62011,CT,98475 Gordon Cape Apt. 964,(814)869-9483x85601
311,2002,US,"Morgan, Hardin and Gutierrez",Rosemouth,30754,VA,9753 Blake Row,(719)999-3260x3861
311,2003,US,"Leon, Mitchell and Anderson",Port Phillip,26675,NV,371 Jones Meadows,788-807-4612x04654
311,2004,US,Hamilton-Walker,Curryborough,51716,ID,92223 Rebecca Throughway,(210)637-9982
311,2005,US,"Medina, Hart and Moran",South Jennifer,99669,CO,35793 Soto Station,001-259-301-2929x9292
311,2006,US,Clark Inc,Manuelfort,35513,VT,850 Mccarthy Rapids,+1-511-439-2823x6964
311,2007,US,Hoffman-Miller,Lake Andrewborough,33235,OH,67361 Ball Circle,376-319-4561x5818
311,2008,US,Sanders PLC,Dorisberg,76326,HI,19789 Reeves Pike,001-332-201-0898
311,2009,US,Moore-Hernandez,Lake Patricia,88672,PW,7830 Colleen Trace Suite 410,683.344.4253x74249
311,2010,US,Mason-Dunn,Goodmanton,20855,IL,310 Neil Cliff,+1-210-443-9792x341
311,2011,US,Thomas-Williams,Harriston,49855,WV,8441 Mcguire Mountain,(689)461-7687x29620
311,2012,US,"Vasquez, Mcguire and Payne",North Stacyport,08806,AR,259 Jason Loaf,(211)276-8251x528
311,2013,US,Lynch-Butler,Port Michaelchester,74413,AK,84951 Goodman Bridge Suite 204,430.687.8875x2632
311,2014,US,Wilson-Hall,West Andrea,07644,VI,103 Goodman Bridge,2238358235
311,2015,US,Mcdonald Ltd,Lake Lisastad,62545,MH,832 Farrell Greens,361-443-5434
311,2016,US,Summers-Beck,Danielchester,82577,LA,30403 Elizabeth Ville,001-858-418-1585x350
311,2017,US,"Hernandez, Tapia and Nichols",Lake Karaview,80750,CA,73331 Lisa Village Apt. 865,968-450-2208x05384
311,2018,US,Wheeler-Jones,Port Julia,52432,MD,359 Jonathan Crescent,+1-920-914-0798x3400
311,2019,US,Solis Ltd,Welchville,96968,AK,73499 Harris Court,(853)339-7531x752
311,2020,US,Mcconnell and Sons,Yvetteton,04814,DC,375 Amanda Junctions Apt. 022,+1-674-408-9757
311,2021,US,Reed Ltd,Lake Marychester,41237,HI,492 Jones Stravenue,844.577.9279
311,2022,US,"Powers, Weiss and Smith",Mariastad,97599,SD,45330 Robinson Road Suite 815,001-588-526-8744
311,2023,US,"Vasquez, Lynn and Rodriguez",Crystaltown,19215,PA,00810 Catherine Cliff,840-475-5978
311,2024,US,Christian and Sons,Williamport,31208,AR,44755 Laura Drive Apt. 828,+1-288-916-1371x9588
311,2025,US,Moody and Sons,Martinezfurt,29764,MI,2846 Lewis Roads Suite 203,(638)532-2704
311,2026,US,Woods Ltd,Anthonyfurt,46712,MA,245 Gabriel Stravenue Apt. 108,585-448-0514
311,2027,US,Perez-Reid,Rebeccaton,77347,OK,471 Jennifer Views Apt. 406,(914)561-3354
311,2028,US,"Wright, Brown and Huffman",Marcfurt,25533,LA,1577 Virginia Centers,001-774-392-2396x6528
311,2029,US,"Green, Watkins and Hunt",Port Tiffany,36952,MD,5659 Wendy Brook Suite 633,536.243.5371x2146
311,2030,US,Brown-Shields,Alyssatown,34228,GA,23102 Howard Island Suite 474,+1-549-636-6735x21608
311,2031,US,Jackson PLC,Ballardtown,81460,IL,9647 Michael River,001-356-421-5426x267
311,2032,US,Navarro-Brown,South Cameron,12592,MT,3221 Banks Mission Suite 941,947-372-0453x3769
311,2033,US,"Graham, Stevens and Hernandez",Johnchester,86813,MH,3007 Jared Forge,+1-389-317-8735x6392
311,2034,US,"Herring, Spencer and Molina",Thomasshire,69438,NJ,51059 Lewis Hills Suite 850,5948794792
311,2035,US,"Garcia, Wyatt and Lin",New Seanberg,75147,MO,67763 Cruz Way Suite 273,(500)275-5040x8413
311,2036,US,Jones LLC,Port Amy,17678,AL,077 Martinez Path Apt. 561,(664)802-8028x02224
311,2037,US,Miller-Horton,Christopherstad,74101,NE,2657 Kenneth Forge Apt. 392,384.909.9126
311,2038,US,Miranda-Johnston,Sethport,22453,NV,9840 Johnson Via,947-620-9264x65296
311,2039,US,Rodriguez-Munoz,Lake Rubenside,06205,NM,100 Samantha Port,476.560.0220x0364
311,2040,US,"Jackson, Wright and Flores",North Carrie,13795,GA,6212 Gary Green Apt. 941,739-365-4525
311,2041,US,Frank-Flores,South Kevin,79402,MD,262 Wood Overpass,(603)514-3061
311,2042,US,Dixon LLC,Shawnshire,03297,MT,923 Jones Green,890-971-1364x6890
311,2043,US,"Edwards, Reilly and Lopez",East Deannamouth,63932,RI,3875 Jennifer Parkways,001-995-534-2970x397
311,2044,US,Hahn Inc,West Rebeccaview,88017,GU,69441 Lynn Trafficway,(832)400-8658
311,2045,US,"Odonnell, Lee and Walker",Warrenbury,39608,PR,14746 Edwards Oval,925.514.1561
311,2046,US,Thompson and Sons,North Jessica,60556,OK,7617 Williams Islands,+1-630-205-6841x7273
311,2047,US,Cunningham-Stein,Josebury,24363,MS,015 Rhonda Plaza,+1-592-929-8309x2213
311,2048,US,King LLC,East Deborahhaven,54195,AK,94306 William Field Suite 512,001-851-997-2855
311,2049,US,"Le, Wilson and Strong",Lake Shirleyfort,67755,NE,487 Osborne Lake,001-261-728-0695x5211
311,2050,US,Miller Inc,Patrickfurt,62359,VT,713 Jones Village Apt. 928,+1-781-704-2385x24796
311,2051,US,Hanna-Williams,Marcusside,68351,FM,806 Kevin Prairie Suite 888,+1-899-249-8440x602
311,2052,US,"Reid, Carlson and Williams",North Theresa,69494,OK,07773 Amanda Parkway,853-902-9333
311,2053,US,Brown-Thomas,Lanestad,31181,ND,27913 Nathaniel Gateway Apt. 588,340.741.6274x22121
311,2054,US,Curtis-Collins,Alexisport,99653,MT,16810 Garcia Orchard,997.430.9514x6073
311,2055,US,Parker and Sons,Lake Kristina,01685,LA,12178 Blevins Station Apt. 436,645-550-1290
311,2056,US,Barr PLC,Herrerachester,56581,NH,6469 Patrick Ford Apt. 094,316.685.3199x90870
311,2057,US,Rodriguez-Robertson,Port Courtneyburgh,62940,UT,246 Medina Fort,446-542-5088
311,2058,US,Ayala Ltd,New Robert,75377,NE,773 John Estate Suite 929,(813)632-4061
311,2059,US,Smith-Foster,South Johnny,49117,AK,695 Patrick Walks Suite 913,338-912-5802x562
311,2060,US,Alvarez-Williams,Brianberg,35411,CT,65626 Monica Centers Suite 643,7075247660
311,2061,US,Pittman PLC,Shermanborough,61083,LA,6937 Luna Turnpike Apt. 424,(378)441-2876
311,2062,US,"Wagner, Simmons and Garcia",Maryshire,80787,VI,9994 Brandi Square Apt. 681,(875)961-0408
311,2063,US,Thomas PLC,Gordonview,68741,CA,2471 Reed Lock,+1-438-265-1205x415
311,2064,US,"Webb, Fisher and Potter",Mirandatown,15388,MT,02336 Travis Burgs Suite 538,737-689-5623
311,2065,US,Diaz Inc,New Tina,41318,MN,85952 Montoya Causeway Suite 004,410-666-6058x80959
311,2066,US,Riley Ltd,West Virginiahaven,32766,GA,7021 Robert Summit,(860)728-9281x4989
311,2067,US,Dalton-Lawrence,Port Jenniferside,14969,WV,8361 Leslie Point Apt. 366,001-944-693-4743x03426
311,2068,US,Solis-Hamilton,North Katrinastad,52792,OH,0964 Mitchell Pass,566.201.7829x6147
311,2069,US,Carter-Weaver,East Stephenfort,96275,VT,3019 Weber Ways,001-846-752-1745
311,2070,US,"Perkins, Schwartz and Nichols",Port Angela,74168,LA,80684 Marcia Landing Suite 955,001-373-781-5679x9728
311,2071,US,Miller-Banks,Port Courtney,21621,WY,3916 Osborne Parks Apt. 976,676.259.6471x81753
311,2072,US,"Reynolds, Duke and Andrews",Bartonstad,15373,CO,6344 Robert Drives Apt. 091,(426)496-9672x7833
311,2073,US,Nielsen-Hester,North Anne,68213,HI,69812 Bradley Mountains Suite 267,456-591-4701
311,2074,US,"Saunders, Goodman and Scott",Kellyfurt,36635,MS,1500 Bowman Springs,(852)785-3004x5578
311,2075,US,"White, Hernandez and Martinez",North Kaylastad,95010,TX,741 Nelson Route Apt. 180,942.206.8721
311,2076,US,Davenport-Patterson,Maytown,87263,AS,9621 Stephanie Orchard,823-704-6583
311,2077,US,"Lynch, Smith and Paul",South Elizabethstad,72042,GU,66222 Amy Way,802-513-0509
311,2078,US,"Berry, Washington and Lee",Alyssaland,91603,KY,82474 Vicki Mountain Suite 344,417-556-6619x6213
311,2079,US,"Boyle, Oliver and Smith",Patrickland,05725,WV,16580 Hernandez Skyway,605.711.9388x3090
311,2080,US,"Dixon, Foster and Kline",New Michelle,79241,IA,2018 Willis Trail,(427)431-1876x567
311,2081,US,Rodriguez-Dixon,Jessicabury,68173,ME,19599 Erik Greens,001-724-444-0661
311,2082,US,"Anderson, Williams and Garza",Haynesview,71330,MS,382 Lara Junction,001-891-243-2117x245
311,2083,US,Jones-Thompson,New Robertmouth,67782,AL,35384 Atkins Drive Suite 205,903.465.9592x570
311,2084,US,Wilkinson-Newton,New Aaron,34813,VT,998 Peggy Village Apt. 721,+1-937-202-6167x1672
311,2085,US,Thomas LLC,North Kristichester,21737,CT,308 Mary Brook,001-391-443-1938x41531
311,2086,US,Brown and Sons,East Briannaberg,74928,ND,87713 Kevin Walk Apt. 876,909.700.7796x42770
311,2087,US,Watson PLC,East Rosemouth,40917,CA,74485 Laura Knolls,742-733-4402x588
311,2088,US,Smith PLC,Lake Lisa,58660,CT,748 Sanchez Junction,+1-996-946-0872x547
311,2089,US,Young-Dixon,Lake Shannonchester,70874,IN,24781 Alexander Shore Apt. 621,+1-389-774-4693x168
311,2090,US,"Leonard, Price and Gilbert",South Brandonview,36958,MA,649 John Burg,(661)890-1748x4252
311,2091,US,Wilson-Robinson,Espinozaport,64412,PW,908 Gomez Junctions,+1-798-332-4359
311,2092,US,Lee Inc,Newtonstad,35681,ID,24693 Kelly Manor,+1-978-383-7772x043
311,2093,US,"Hunt, Shelton and Thomas",Lake Nicholaschester,41964,MT,5392 Smith Ford Suite 769,(745)544-0668x9942
311,2094,US,Robertson Group,North Miranda,73025,AK,87213 Jessica Expressway,8053657238
311,2095,US,Gross-Jones,Jonesville,32470,GU,406 Bautista Bypass Suite 184,6479735031
311,2096,US,Brown-Walker,New Lawrence,53768,PR,66023 Thomas Stream,379-521-1828
311,2097,US,Hess LLC,North Ericland,80511,AK,814 Murillo Road Suite 056,(833)709-4797
311,2098,US,"Adams, Green and Day",Markberg,80519,MD,3733 Sharon Canyon Apt. 047,266-323-4253
311,2099,US,Schultz Ltd,New Keithtown,14736,CO,520 Beck Parkway,887-541-4656
311,2100,US,Williams-Johnson,Katiebury,84418,TN,75143 Yu Wall Suite 546,001-622-228-4766x0097
311,2101,US,"Dodson, Hardin and Lucas",Rodriguezbury,49459,OH,1418 Dean Hills,6048896560
311,2102,US,"Wood, Santiago and Harper",Rebeccashire,61688,NH,6123 Smith Common Suite 229,6404150762
311,2103,US,Garcia Ltd,South Derrickburgh,06022,OR,42208 Kenneth Way Apt. 985,978.573.4137x230
311,2104,US,Snyder-Walsh,Mosshaven,58780,NH,789 Clark Way Suite 258,235-659-9515x41436
311,2105,US,Kelley and Sons,Joeside,67696,LA,064 Sarah Hills Suite 250,001-269-333-7579
311,2106,US,Huber-Krueger,Port Ronnieshire,45033,NC,4505 Tanya Rapids Suite 537,8475680985
311,2107,US,Brown-Davis,West Kyle,04454,HI,5470 Rhonda Fall Suite 033,(693)268-3402x11045
311,2108,US,"Sims, Hahn and Welch",Johnsonstad,25085,PW,930 Jenkins Mews Apt. 491,(560)855-7739x04554
311,2109,US,Trujillo and Sons,New Vanessaborough,10176,UT,108 David Canyon,987.373.8007
311,2110,US,"Vazquez, Arnold and Bradshaw",Lake Sarafurt,56844,NY,31650 Jeffrey Place Apt. 272,690-914-0543x9346
311,2111,US,"Sanchez, Liu and Wright",Lisafort,23823,MN,53584 Hernandez Brook,4328302019
311,2112,US,"Herrera, Stein and Ross",South Jermainestad,42874,UT,5051 Margaret Mountain Suite 142,(262)244-3677x0411
311,2113,US,Welch and Sons,Englishville,27095,MD,8956 Taylor Drive Suite 531,879.510.5372x565
311,2114,US,Crawford LLC,Port Kyle,73023,PA,000 Gary Fall,4127776066
311,2115,US,"Perkins, Bray and Ruiz",Phillipsville,13233,DC,421 Kaufman Extensions Suite 421,001-394-804-7891x367
311,2116,US,Mccoy PLC,Katherinehaven,82881,WA,263 Shannon Ranch,914-255-0973x3309
311,2117,US,Bond PLC,Lake Joshua,22774,PW,270 Gilbert Road Apt. 444,(334)364-7496x5913
311,2118,US,Jones LLC,Port Gabriel,10202,VI,9588 Frank Manors,001-388-366-0882x3235
311,2119,US,Douglas LLC,East Marcus,35171,OK,7031 Morales Shoals Apt. 013,(647)307-3081
311,2120,US,White-Walker,Samuelview,93376,MA,1733 Carlos Junction Suite 876,(978)415-9166x551
311,2121,US,"Hughes, Moore and Tate",Brownville,63437,VI,7222 Rivera Courts,001-265-716-4418
311,2122,US,Foley-Johnson,Jessicahaven,96930,AS,942 Kimberly Wells,896.719.9097x989
311,2123,US,"Johnston, Miller and Garcia",Johnsonhaven,60697,NC,7491 Abbott Cliff,(856)470-9866x78851
311,2124,US,Harris PLC,Dustinhaven,48461,NH,15415 Raymond Tunnel Suite 118,+1-211-767-8734
311,2125,US,Wolfe PLC,Linmouth,49588,NH,695 Johnson Fields,734-926-8396
311,2126,US,Sheppard Ltd,Steventon,14437,NE,1224 Grant Path Suite 893,2388147604
311,2127,US,"Mcdowell, Mclaughlin and Henderson",East Michael,74928,WY,76210 Gonzalez Stravenue Suite 272,9665754905
311,2128,US,Allen LLC,South Kimberly,49586,WY,830 Castro Dam,001-948-417-0496
311,2129,US,"Evans, Griffin and Harvey",New Sharonchester,28317,NV,47202 Veronica Prairie,497.608.7701x524
311,2130,US,Wright-Williams,New Ashley,19202,CT,67400 Yolanda Junctions,001-642-570-9831x81803
311,2131,US,Melendez Inc,Mackenzieside,84673,IL,4508 Sandra Route,(698)868-5819x748
311,2132,US,"Gonzales, Payne and Moore",East Krystal,52745,KS,0464 Davis Square,001-474-626-5884x0661
311,2133,US,Johnson-Jones,Port Craigview,92756,PR,116 Stephen Fall,001-910-496-9262x1684
311,2134,US,"Smith, Williams and Lee",Carloston,78027,DC,3295 Smith Key Suite 864,(996)517-2472
311,2135,US,Warren PLC,Johnsonton,40962,KY,03744 Alvarez Ports Apt. 673,821-842-1140x7813
311,2136,US,Harper-Petersen,South Brianhaven,29557,PR,71342 Burns Mall Suite 922,(757)416-4004
311,2137,US,Wilson-Walker,Kristinstad,56721,ME,3971 Mary Dam Apt. 633,(975)799-7949x756
311,2138,US,Ramirez-Keller,Bennettmouth,33999,OK,48169 Blankenship Forest,(442)621-6453
311,2139,US,"Bolton, Vazquez and Anderson",Raymondtown,02640,LA,9005 Kathy Points,365.514.6905
311,2140,US,Gutierrez-Harris,Rayton,05267,MD,341 Amy Parks Suite 095,2354451364
311,2141,US,"Hale, Wu and Thompson",Lake Lisa,87699,TX,503 Dustin Throughway Apt. 559,(899)759-2419x716
311,2142,US,Blankenship-Robinson,North Amyville,85159,NJ,28032 Harris Flats,(614)349-1792x1651
311,2143,US,Garcia LLC,Tranburgh,50228,DE,3702 Nicholas Plains,001-345-403-5599x67313
311,2144,US,Harris Inc,West James,93355,TN,6291 Sandra Valley Suite 215,894.340.6014
311,2145,US,"Anderson, Cooper and Duke",Caitlinport,34289,NV,93600 Phillips Coves Apt. 353,236.294.1751
311,2146,US,Alvarado-Hughes,West Susan,34699,NY,686 Donald Springs,687-790-5073x09072
311,2147,US,Good-Wright,Powellborough,13322,PW,628 Wright Plains,001-375-647-0112
311,2148,US,Abbott LLC,New Jeremy,34523,GA,82881 Wilkerson Land Suite 040,(687)344-7706
311,2149,US,Allen Group,New Melanie,20851,KY,35068 Lewis Ramp Apt. 939,(606)926-3823x9192
311,2150,US,"Mcgee, Mcdaniel and Ruiz",Kristystad,55502,VT,18686 Aguilar Mountains,+1-494-981-2964x548
311,2151,US,Martinez-Quinn,Cassandraville,82254,WA,36447 Martin Court Apt. 884,901-447-0823x1961
311,2152,US,Hunt-Payne,Graceburgh,58457,DE,5591 Sara Way,+1-595-812-1744x756
311,2153,US,Martinez-Gordon,Johnsonmouth,06035,VT,71250 Hartman Ferry,920-735-8139
311,2154,US,Dean Ltd,Waltersview,49564,FL,55897 Jesse Track Suite 919,+1-498-785-5229x29770
311,2155,US,"Richards, Arnold and Kelly",Robinport,18333,GA,4872 Jacob Parkways,+1-296-273-3537x06323
311,2156,US,"Jones, Miller and Hester",Tammystad,63021,WY,29516 Martinez Wells Suite 674,+1-563-874-7030
311,2157,US,Sanchez-Garrison,Contreraston,17209,MS,75840 Perez Track Apt. 886,885-222-8876x17274
311,2158,US,Sanchez LLC,North Kathrynside,73508,HI,35171 Powers Square Suite 450,3974064407
311,2159,US,"Flores, Marsh and Donaldson",North Markmouth,82545,MA,0278 Brian Lake,+1-511-330-8395
311,2160,US,Tate Ltd,Cynthiaville,46686,AS,34508 Johnson Union,213.776.6708x0606
311,2161,US,"Walter, Dawson and Roberts",Codyside,30531,HI,14407 Joshua Path Apt. 531,332.546.1552x241
311,2162,US,Miller-Johns,East Robertside,74730,DC,8352 Allen Ford Suite 885,(706)994-5684x70931
311,2163,US,"Wade, Patterson and Cunningham",Lake John,98464,KS,949 Adam Run Suite 578,749-202-3077x146
311,2164,US,"Duarte, Arias and Hawkins",Port Charlesland,67040,IA,9108 Kristen Plains Apt. 378,6116047084
311,2165,US,Stewart-Wiley,West Richard,18048,CO,511 Ashley Lake,001-426-258-2165x5146
311,2166,US,Smith PLC,Mayport,98116,WY,3772 Guy Land,969-531-4935x48810
311,2167,US,Ford Ltd,New Emmaton,31544,NV,3110 Lisa Island Apt. 759,635.285.1514
311,2168,US,"Smith, Baker and Wilkins",Taylorshire,60545,WI,88210 Gray Trail,001-905-895-5870x42537
311,2169,US,"Moran, Russell and Espinoza",Port Nathaniel,36050,OR,0702 Lewis Terrace Suite 238,8578121662
311,2170,US,"Mccoy, Barker and Woods",Garyshire,08199,SD,68544 Colon Roads Suite 889,489-393-2191x33044
311,2171,US,Jacobs-Forbes,Susanside,45893,MT,0446 Jonathan Walks Suite 416,216.564.1700
311,2172,US,Alexander Inc,Tiffanymouth,35334,AS,20660 Wiggins Throughway,208.956.9028x91708
311,2173,US,Hill Inc,Riveratown,99468,OH,2269 Hampton Lock Suite 349,386-601-5008x58549
311,2174,US,"Price, Jones and Mosley",North Douglas,09041,VA,61718 Ruiz Shores Suite 837,(301)564-8547
311,2175,US,Anderson LLC,Lake Brendachester,27867,KS,00436 Tiffany Row,(891)453-9305x8187
311,2176,US,Smith-Nielsen,Davisland,05078,NE,581 Davis Ridge,329.686.5366
311,2177,US,Smith-Jones,New Timothystad,07961,IN,3612 Jones Expressway Suite 189,+1-912-541-5212x19338
311,2178,US,Williams Group,Port Jimmyburgh,66774,OR,573 Newton Mountain Suite 641,7896452072
311,2179,US,"Smith, Simpson and Baker",Heatherborough,31517,AK,552 Mackenzie Islands Suite 942,(485)714-1363
311,2180,US,Rice-Reynolds,East Jasonborough,86015,IL,6131 David Shoal,001-537-723-6790x821
311,2181,US,"Chen, Singh and Hernandez",North Daleshire,04428,OK,087 Nicole Ford,8912389198
311,2182,US,Smith PLC,New Anne,86633,PW,143 Kathy Row,862.283.5880x58877
311,2183,US,Russell-Simpson,East Joshuachester,34745,KY,59864 Johnson Stream,001-292-370-2907x54224
311,2184,US,Ford-Fernandez,Port Richard,85363,TX,9658 Butler Pine,001-914-503-4845x4536
311,2185,US,"Campos, Meadows and Lee",Melvinmouth,08130,NY,75966 Stephanie Highway,266-958-4908x9571
311,2186,US,Cruz Inc,Mistyburgh,22357,TN,596 Nicholas Keys,655.622.9509x44360
311,2187,US,"Barrett, Reeves and Foster",New Danielport,42853,NV,6826 Laura Rapid Apt. 089,+1-673-503-6590x77467
311,2188,US,Evans Inc,Brownmouth,44703,WY,33343 Tina Mountains,001-227-449-6318x8534
311,2189,US,Kline-Mckenzie,North Martinhaven,42426,VI,3231 Sean Turnpike,357.378.8462x05420
311,2190,US,"Barnes, Golden and Thompson",South Jeremy,40269,AZ,814 Cochran Mill,001-641-481-8271x5131
311,2191,US,"Medina, Duran and Owens",West Jason,78644,KS,57188 Walsh Trace Apt. 547,974.657.1472
311,2192,US,"Manning, Larson and Harris",South Charlesbury,25425,NE,121 Gomez Union Apt. 373,001-897-370-4145
311,2193,US,Foster and Sons,East Micheal,99073,FM,3287 Flores Junction,784-900-4210x997
311,2194,US,Mckinney-Jones,Moranfurt,90566,NV,927 Paul Station,4792890978
311,2195,US,Hopkins-Daniel,Lake John,09719,FM,36240 Christopher Isle,+1-226-746-7445x63225
311,2196,US,Wong-Owens,Vincentside,02009,WV,547 White Burgs Apt. 892,243.371.4243
311,2197,US,Lozano Group,Lake Joseph,21067,ND,96965 Walker Spur Suite 375,222-707-2159
311,2198,US,Smith-Rocha,West Tyler,05149,IN,133 Ferguson Brook,5687409642
311,2199,US,Diaz-Gonzales,East Kimberly,01466,AZ,244 Jeffrey Road,(610)285-5704x1936
311,2200,US,Hill-Garcia,North Williamburgh,22802,LA,29501 David Fall,321.639.9285
311,2201,US,Simpson LLC,East Derrickview,81452,CO,01995 Felicia Course Apt. 597,942.381.4351x94199
311,2202,US,Russell-Smith,New Lisaville,14660,MI,16701 Rodriguez Alley Suite 882,5644562009
311,2203,US,"Simpson, Hamilton and Richardson",New Stanley,49423,SC,56567 Nicole Manors,912.479.4401x305
311,2204,US,Salinas-Wright,West Kelsey,76956,NH,3068 Delacruz Pass,686.219.2022x8540
311,2205,US,Powell Inc,Shieldshaven,86560,KS,015 Goodman Curve Apt. 584,619.906.0459x82781
311,2206,US,Peterson Ltd,Turnermouth,89263,CT,91269 Lee Gardens Apt. 453,984.530.9269
311,2207,US,Wilson Ltd,Port Sherri,66480,MA,56459 Tina Green,605-585-6595x197
311,2208,US,"Townsend, Hahn and King",Karenport,92851,UT,095 Flores Groves,+1-612-483-1179x494
311,2209,US,Franco and Sons,New Cynthia,44417,TN,2796 Adam Harbors Suite 509,278-764-1638x8281
311,2210,US,"Copeland, Blake and Bailey",North David,66554,OR,2311 Good Lane Suite 563,+1-863-600-4335x9015
311,2211,US,Ellis Ltd,Marymouth,94640,MO,46735 Hannah Fields Suite 257,641.261.6566x576
311,2212,US,Lewis-Reyes,Williamville,59170,DE,69679 Greene Ridges,(849)462-3443
311,2213,US,"Kerr, Miller and Perry",South Carmen,37782,NV,417 Jeffrey Gateway Suite 010,386.876.0534x5035
311,2214,US,"Stevenson, Alvarado and Cox",Cherylside,82772,PW,618 Reyes Plaza,460.685.7646x0363
311,2215,US,Medina Group,Whitefort,13410,PW,73665 Barnes Fort,+1-906-807-2772x365
311,2216,US,Bender Group,Jenkinsfort,82909,DE,0226 Stacey Shoals Apt. 349,001-445-872-4491x764
311,2217,US,Turner PLC,North Bethmouth,85082,NJ,338 Travis Bridge,531.556.6705
311,2218,US,"Holden, Caldwell and Patel",Christopherside,26617,ND,69624 Butler Ports Apt. 103,2896758638
311,2219,US,Roman LLC,South Charlesfurt,83853,SD,06354 Lee Manor,904-680-8805
311,2220,US,"Aguilar, Fletcher and Washington",Kimberlyton,22686,ME,713 Stephen Spurs,754.944.5890
311,2221,US,Pearson Inc,Davidland,36840,UT,782 Richardson Route Suite 636,905.812.8163
311,2222,US,Koch Group,East Karen,26539,VI,8369 West Street Apt. 150,001-434-331-6292x356
311,2223,US,Green and Sons,West Susan,12092,WI,57492 Jeffrey Place,(706)882-8972x87024
311,2224,US,Yates-Murphy,North Emma,07068,NJ,907 Alexis Spring Suite 089,(774)843-5934x57161
311,2225,US,Sanchez Inc,Sheltonland,02766,WV,23123 Jeremy Locks,526.784.7308x1690
311,2226,US,Clark Ltd,Taraton,52975,FL,804 Kelly Plaza Suite 116,983.592.1143x67858
311,2227,US,Kaufman Ltd,Paulfort,56663,WA,293 Victoria Streets Suite 370,787.274.6438
311,2228,US,"Holmes, Jackson and Chambers",West Josephmouth,46164,KS,358 Fuller Extensions,909-643-8054
311,2229,US,"Dixon, Dixon and Smith",New Kathleenchester,06993,PW,753 Donna Stream,001-485-967-6004
311,2230,US,Lawrence and Sons,Christensenmouth,38732,WA,338 Robin Lakes Apt. 634,616.778.0478x054
311,2231,US,Willis LLC,West Betty,38119,ND,745 Colin Parkways,001-831-605-8768
311,2232,US,Jones-Mahoney,South Marcusfort,08697,KS,787 Hanna Trail,+1-410-756-6326x24630
311,2233,US,"Vega, Pugh and Daniels",Rogersbury,44438,NJ,6736 Jeffery Drive Apt. 124,786-315-4799x84418
311,2234,US,"Wheeler, Hunt and Vaughn",Harmonberg,70384,OR,237 Anthony Ramp,(402)633-9804x73272
311,2235,US,Hale Group,Susanville,13951,NE,9697 Wesley Cliffs,747-577-1631
311,2236,US,"Williams, Bauer and Thomas",Dixonfurt,15088,CO,283 Mejia Station,+1-540-726-0835x88974
311,2237,US,"Torres, York and Noble",Kimberlyside,38535,GA,9549 William Loaf,656.775.3866x881
311,2238,US,"Lewis, Vargas and Anderson",Lisaborough,97867,FM,3326 Franco Pike,294-644-8902
311,2239,US,Hogan and Sons,Chelseyville,75436,DC,7864 Dawson Views,001-229-861-2052x87001
311,2240,US,Mayo Group,Edwinland,82855,TN,56244 Steven Union,(892)806-6545
311,2241,US,Brown-Lopez,South Brandonton,74684,MH,575 Rebekah Pines Apt. 578,337-911-7185x691
311,2242,US,"Miller, Castro and Solis",West Andreaville,69770,SC,39378 Brown Rue Suite 195,615.262.1000x4719
311,2243,US,Rios-Huang,Lindaton,07719,ID,86146 Brianna Center Apt. 742,678.937.6231
311,2244,US,Key and Sons,Jenningsstad,53833,MH,266 Patricia Loaf,(901)834-2148
311,2245,US,Johnson Ltd,Keyhaven,14862,CO,19688 Lee Ramp,935-482-6374
311,2246,US,Rivera-Harvey,New Abigailside,15287,VA,91723 Angela Estate,+1-739-627-5413x8705
311,2247,US,Johnson-House,Tomstad,25687,HI,36907 Laura Estate Suite 991,710-571-7878x967
311,2248,US,"Reyes, Smith and Hill",Karenport,45306,NM,75373 Clark Locks Suite 372,644-597-1226x951
311,2249,US,Harper-Middleton,North Bethanyberg,45841,VT,40297 William Ports Suite 389,406.840.1374x8967
311,2250,US,Stein Group,West Raymond,01324,MA,80447 Downs Islands,2515594906
311,2251,US,Barnes-Bowers,South Tiffany,50995,CA,500 Todd Cove,+1-653-972-8177x408
311,2252,US,"Alexander, Douglas and Jones",West Joanport,42754,WA,4339 April Freeway,(970)709-7418x8682
311,2253,US,Pennington-Matthews,Morrowborough,07314,TX,5786 Noah Wall Suite 130,4932220646
311,2254,US,Curtis-Freeman,South Kimberly,78122,SC,102 Candice Flats Apt. 264,001-392-980-3151x22658
311,2255,US,Thompson-Krueger,West Taylor,26347,NE,8123 Mark Forges,(352)460-0118
311,2256,US,Lowery Group,New Alicia,74093,TN,22124 Julie Throughway,+1-265-221-0107x45205
311,2257,US,"Sellers, Miller and Franklin",Wilsonhaven,04187,NY,111 Johnson Squares Suite 122,001-950-211-2875x0826
311,2258,US,Knight PLC,Sancheztown,58018,RI,9371 Anthony Land,741-846-8817
311,2259,US,Williams LLC,Port Tanya,71207,VA,9127 Liu Mall,001-724-279-9052x3347
311,2260,US,"Jefferson, English and Pierce",Jessicaborough,85263,MS,58588 Craig Landing Suite 771,307.275.7662x7106
311,2261,US,Thompson-Juarez,North Thomas,92788,VA,86828 Marc Village Suite 800,001-978-761-6900x8534
311,2262,US,Brown-Gonzales,West Kevinport,31562,WV,6926 Thompson Trail Apt. 951,001-681-338-3349
311,2263,US,Moon-Winters,South Steven,89369,NH,58996 Samantha Lock,9013311378
311,2264,US,"Ruiz, Obrien and Murray",New Melissa,08159,OK,7258 Williams Turnpike,8908625094
311,2265,US,"Foster, Cook and Melendez",South Zacharytown,24433,GU,528 Gonzalez Route Suite 070,519-902-4161x772
311,2266,US,"Schultz, Juarez and Johnson",West Rachelborough,07849,DE,1864 Smith Pines,(750)823-1374x471
311,2267,US,Williams-Nicholson,West Tammytown,01899,NJ,838 Ryan Drive Apt. 120,(915)726-2076
311,2268,US,"Cochran, Edwards and Ford",Dyermouth,18941,MN,69736 Hurley Passage,394.992.3151x108
311,2269,US,"Gonzalez, Ferrell and Rivera",Joneston,77967,UT,661 Mercer Lake,781.788.3760x61712
311,2270,US,"Brown, Hayes and Fernandez",New Darryl,88329,NJ,4083 Velazquez Groves,934-902-8855x9910
311,2271,US,Freeman Group,Lunabury,41585,NM,81868 Evan Branch,838.465.4370x112
311,2272,US,"Lynch, Wong and Anderson",Russellbury,41171,GU,6013 Andrew Road Suite 245,711.457.1826
311,2273,US,Cline Inc,South Alyssachester,55965,MP,6584 Justin Roads Apt. 037,497-636-4567x121
311,2274,US,"Tran, Jefferson and Reynolds",Charlesstad,62654,MP,31913 Fox Garden,001-402-482-9767
311,2275,US,Simpson Inc,East Staceytown,84619,VT,66894 Jacobs Park,+1-436-677-4473
311,2276,US,Hayes-Sampson,Stephaniestad,36059,OK,472 Mcdaniel Canyon Suite 128,677-617-1699
311,2277,US,Lopez-Dougherty,New Nicholas,23254,KY,04295 Ayers Stream Suite 712,2078316808
311,2278,US,"White, Thomas and Montgomery",Littlefurt,91396,NJ,29998 Becky Plaza Suite 599,4586841948
311,2279,US,Mckenzie-Fleming,North Michellehaven,01027,MP,467 Jacqueline Manors,369-238-4738
311,2280,US,"Foster, Jimenez and Smith",Jacksonside,49273,AZ,61634 Matthew Loaf,398-959-0175x2400
311,2281,US,Cox-Carter,West Shannon,15590,LA,77015 James Wells,379.928.3929x12381
311,2282,US,Macdonald-Flynn,Port Tylerbury,99297,FL,84323 Cruz Stream Apt. 567,(494)842-4722
311,2283,US,Randolph-Hernandez,Lake John,40437,WA,60322 Donna Isle,(317)358-3441x7309
311,2284,US,"Manning, Mckinney and Pineda",Jessicaberg,37197,DE,635 Wood Dam,483.520.9397x49800
311,2285,US,Ramos-Ferguson,West Sheilamouth,35842,WI,4429 Morse Overpass Apt. 683,(733)948-3375
311,2286,US,"Chen, Underwood and Robinson",Christopherborough,10507,CT,3126 Reed Light Suite 757,5575171591
311,2287,US,Hall Group,Port Cynthia,49249,MA,35841 Jasmine Gardens,001-941-513-7320x2201
311,2288,US,"Murillo, Horn and Mccoy",Port Randyfurt,83006,VI,3070 Roman Plains Suite 399,275.468.1929x95911
311,2289,US,"Boyle, Torres and Santos",West Alexis,75026,IA,5329 Obrien Vista,863.320.1306x53323
311,2290,US,Stanley Group,Parkerville,10187,MA,644 Robles Rapids,(839)265-9782
311,2291,US,Rose Inc,Spencerborough,25054,GA,08884 Roberta Common Apt. 497,510.353.8889
311,2292,US,Hanson Inc,Morganview,21642,NY,61601 Elizabeth Road,328.293.8212x1015
311,2293,US,Kaufman-York,Mortonport,74343,NJ,2097 Bass Lodge,(531)800-9453x19422
311,2294,US,Paul-Allen,Millerfort,91487,HI,76233 Theresa Mount Suite 094,348-831-7493x6016
311,2295,US,"Hunt, Shah and Logan",Walkertown,64058,ID,25758 Schmidt Lodge Apt. 917,4137898810
311,2296,US,Peters-Martinez,East Erica,44635,NC,34223 Kerr Curve Apt. 641,8147423056
311,2297,US,Hayes-Smith,Rodriguezberg,47315,DE,3421 Amber Freeway Apt. 903,001-916-696-4668x026
311,2298,US,"Hansen, Rodriguez and Sims",Serranochester,87460,VT,24768 Floyd Prairie Suite 664,(692)465-9028x27746
311,2299,US,Klein-Lara,Grayport,39155,AS,820 Daniel Overpass Suite 835,(681)837-2420
311,2300,US,"Richardson, Blevins and Edwards",Lake Traviston,44732,AS,67798 Paige Valley Apt. 203,2433307790
311,2301,US,Pruitt LLC,East John,71708,ME,955 Smith Unions,(627)218-1063x19854
311,2302,US,Price-Stafford,Nelsonchester,18875,SC,651 Bailey Curve,(454)573-7042x1415
311,2303,US,"Cole, Dunlap and Potter",Salinastown,01318,OK,5069 Linda Road Suite 633,912.835.4336x06203
311,2304,US,Anderson Inc,Johnsonbury,62081,IA,8031 Davenport Row Suite 607,001-390-646-6005x593
311,2305,US,"Hooper, Werner and Adams",Lake Debraland,48209,RI,87982 Douglas Dam,855-274-1945x08906
311,2306,US,Perry LLC,New Deannafurt,10745,PW,313 John Flats Suite 528,7433326444
311,2307,US,Turner-Beltran,Lozanomouth,21222,SC,159 Michael Mountain Suite 079,991-279-0608x125
311,2308,US,Johnson-Horton,East Joseph,72590,OR,47067 Franklin Via Suite 000,(219)679-7647
311,2309,US,"Hawkins, Bates and Miller",Raymondberg,41186,NE,56951 Meghan Cliff Suite 280,(661)842-2847
311,2310,US,"Tucker, Cooper and Martinez",Horneland,80064,KY,446 Rebekah Spur,+1-300-627-2917
311,2311,US,Garcia Inc,New Billy,45936,NC,93626 Christopher Forges Suite 946,3785182952
311,2312,US,"Friedman, Martin and Martin",North Stephanie,41277,HI,15479 Soto Well,2498988312
311,2313,US,"Johnson, Petersen and Aguilar",Johnburgh,67919,KY,129 Amanda Square Suite 310,249.214.8764x273
311,2314,US,"Jackson, Whitaker and Garcia",Brownchester,83996,MP,92401 Nicholas Ville,201.968.0732x81975
311,2315,US,Hernandez-Gordon,South Robertstad,84782,AR,5534 Brendan Drive Suite 716,772-677-5399
311,2316,US,Shelton Ltd,Davisland,71263,MT,2185 Ashley Garden,8049492294
311,2317,US,Soto-Russell,Parsonsville,70688,MN,01092 Sarah Union Suite 378,001-266-555-7195x572
311,2318,US,Jones-Hall,Burnettland,61313,MS,372 Jackson Villages Apt. 635,+1-331-421-5100x999
311,2319,US,"Hensley, Rose and Terrell",Alexandrachester,12817,IL,03580 Marshall Spurs,509-912-0459
311,2320,US,"Ward, Barr and Bennett",Marcomouth,95628,KY,196 Thompson Fields Apt. 037,763.375.7081
311,2321,US,"Medina, Cantrell and Smith",Simpsonside,30168,IL,261 Schwartz Station Suite 645,(975)631-0026x689
311,2322,US,Wells Group,West Alexandraland,23560,MN,91653 Bradley Harbor Suite 401,+1-458-566-8492x72545
311,2323,US,"Roy, Hernandez and Johnson",East Antonio,68848,WA,29439 Garcia Summit,601-202-3941x42900
311,2324,US,Ramos Group,Claireville,74857,HI,49511 Brittany Meadow,001-670-924-9116x993
311,2325,US,"Grant, Chavez and Perry",Nelsonfurt,58296,PA,72178 Charles Prairie,001-927-590-0684x642
311,2326,US,Diaz-Ramos,Leestad,67730,PR,11135 Chandler Falls Suite 867,856-344-3132x815
311,2327,US,Fisher and Sons,East Tiffany,95510,FL,460 Hughes Skyway,940.372.4801x879
311,2328,US,Mcfarland-Ellison,Angelamouth,92101,GA,1152 Morris Bridge Suite 361,520.840.6322
311,2329,US,Day Inc,Hartland,14187,WY,07366 Lauren Trail,+1-867-419-7969x781
311,2330,US,James-Davis,Calebside,23271,MT,700 Lewis Estates Apt. 271,+1-821-951-9709x62731
311,2331,US,Decker PLC,New Mary,19444,NE,617 Smith Hills Suite 120,(912)968-7370x14498
311,2332,US,Velez Ltd,Aliciaberg,65073,OH,259 Jason Port,+1-391-397-9368x64215
311,2333,US,"Anderson, Shaffer and Jones",New Jessicaberg,69636,VT,7565 Catherine Union,+1-437-867-3264
311,2334,US,"Perry, Cole and Lewis",West Sandraborough,45104,TN,9434 Whitney Mount,662-876-6478
311,2335,US,Davidson Group,Veronicaville,30576,CO,6602 Thomas Hollow,313-256-0990x14806
311,2336,US,Sims-Glenn,Glendaborough,84594,MO,262 Thomas Brooks,243-822-6027x84624
311,2337,US,"Black, Lynn and Cervantes",Jenniferhaven,63850,PR,30710 Bennett Canyon,001-606-274-1586x7952
311,2338,US,"Herrera, Miles and Huff",Katelynstad,02723,NH,6449 Garrett Way Apt. 148,896-742-4043
311,2339,US,Garner-Miller,Lake Shellychester,07094,AR,226 Stout Manors,399.626.6243x4178
311,2340,US,"Byrd, Williams and Bishop",Wardside,50566,CT,9211 Loretta Light Suite 574,622-687-6704
311,2341,US,Pratt-Ryan,Donnabury,79508,AR,80862 Logan Squares Suite 714,(370)493-1912
311,2342,US,Floyd-Aguilar,Jermainemouth,28606,SC,412 Perry Square,(206)485-6609
311,2343,US,"Kelley, Pope and Jones",Lake Davidberg,04277,CO,26155 Le Mountain Suite 141,8452288764
311,2344,US,"Johnson, Fleming and Hebert",Erictown,44465,VT,854 Hill Court,372.681.1223
311,2345,US,Hansen-Sullivan,South Rodney,04847,HI,4859 Murphy Valleys Apt. 657,4052628443
311,2346,US,"Huynh, Weaver and Mccarthy",Williamschester,23832,RI,561 Patrick Islands,400-237-4921
311,2347,US,"Barnes, Mendez and Hunt",Johnsonfort,61681,PR,1555 Taylor Spurs Apt. 947,(346)291-4578x59095
311,2348,US,"Edwards, Montgomery and Hays",Nicholasborough,17299,MS,51031 Farrell Burg Suite 033,9242677696
311,2349,US,Ayers-Davis,New Donnaland,01507,NJ,967 Gregory Trail,355.215.7034x34917
311,2350,US,Hall Ltd,Lisaton,44351,FM,349 Sanchez Oval,875-506-3685x3992
311,2351,US,Donovan-Pearson,West Toni,10985,CA,56416 Hurley Meadows Suite 330,(440)969-6514x826
311,2352,US,Morgan and Sons,North Bryan,83609,FL,1177 Michael Squares,367.731.7421
311,2353,US,Garcia Ltd,Port Ryan,79346,FM,0997 Theodore Way,+1-895-551-3103x986
311,2354,US,Larson-Garcia,North Emily,62413,VI,7453 Fry Overpass Apt. 964,(225)563-8516
311,2355,US,Moore PLC,West Josephborough,71420,CO,4032 Klein Cove Suite 464,(425)259-2271
311,2356,US,Turner-Miller,West Emilyfurt,21945,PA,328 Morris Pike Apt. 291,+1-966-204-0098x9368
311,2357,US,Harrison Inc,Heatherside,35135,SD,4000 King Gateway Apt. 222,001-264-592-3272x445
311,2358,US,"Lane, Clark and Olson",Susanshire,42526,HI,53774 Eric Loop,001-471-864-8435x14546
311,2359,US,Morris and Sons,Patriciastad,71470,NY,918 Jeffrey Grove Suite 744,001-599-458-5391x1130
311,2360,US,"Huff, Miller and Lopez",Garciamouth,55496,DC,97310 Laura Shore Apt. 312,(352)281-0074x98887
311,2361,US,Scott-Carter,Kristaside,07457,AR,6581 Charles Road Apt. 622,639.636.4695
311,2362,US,Mcintosh-Dominguez,North Michael,69052,OH,73257 Riley Shore Apt. 772,(492)752-3209x96627
311,2363,US,Tucker Inc,Port Benjamin,72566,LA,5882 Dustin Crossroad,+1-948-559-9317x85878
311,2364,US,Brown-Bell,Lozanofurt,58069,NH,373 Knight Lodge,728.203.6719x9946
311,2365,US,Lopez LLC,Foxburgh,26318,SC,708 Kevin Mews Apt. 629,(736)644-1487x774
311,2366,US,Mason and Sons,Robertsontown,71508,OR,320 George Haven,781-475-5253x9125
311,2367,US,Johnson-Johnson,North Amy,90800,WY,76027 Brown Flat Apt. 215,536.830.3928x58674
311,2368,US,Carter Ltd,East Philip,96938,OH,5060 Klein Mountain,588-380-6951
311,2369,US,"Martinez, Hammond and Martin",Westborough,02547,NV,8638 Phillips Villages Apt. 078,001-712-477-9491x765
311,2370,US,Snow Inc,Lovefort,05007,LA,1856 John Ford,+1-531-967-2900
311,2371,US,Mccall Ltd,Darleneton,97365,TN,95130 Evans Lakes Apt. 900,559.420.5708
311,2372,US,"Moore, Allen and Barber",North Tyler,99250,IN,64294 Garcia Roads Suite 798,+1-712-833-1603x08992
311,2373,US,Barry Inc,West Rebeccaburgh,95778,CT,08040 Stephen Loop Apt. 778,728-693-3234
311,2374,US,Stanley Ltd,Lake Donna,98514,NJ,162 Jessica Estate Suite 656,370-676-2141x63502
311,2375,US,Miller Inc,Curtisville,35041,FM,64558 Adam Springs,001-341-624-4516
311,2376,US,Cook-Logan,New Edwinhaven,88120,NJ,32367 Franco Ranch,+1-295-334-2517
311,2377,US,Patrick LLC,Lake Ericstad,49540,PW,48993 Nancy Parkways Suite 130,001-316-218-8041x12126
311,2378,US,"Santiago, Fowler and Coleman",North Jasmineberg,95593,OK,4697 Dixon Fields Suite 931,(739)934-8355x74908
311,2379,US,Downs-Freeman,Ramosmouth,44326,MT,964 Elijah Station Suite 696,218.515.8996
311,2380,US,"Dickson, Welch and Hughes",Jamesberg,56950,GA,8240 Linda Key,(917)538-1018
311,2381,US,"Harris, Garrett and Mitchell",Garciaburgh,45275,OH,3903 Kari Port Suite 281,+1-585-384-0734
311,2382,US,"Smith, Velazquez and Maldonado",Courtneyborough,36696,MO,758 Brown Isle Suite 227,7955577200
311,2383,US,Strickland-Patrick,New Barbaraview,29428,MD,201 Burns Mission,001-312-494-4115x309
311,2384,US,"Snyder, Brown and Wallace",Rosston,54165,SD,2447 Marcia Prairie,001-467-845-0716x23925
311,2385,US,"Reed, Aguirre and Cook",Bautistamouth,53946,FM,20056 Parks Key,904.407.4393
311,2386,US,"Cole, Smith and Valdez",Catherineborough,30284,MI,2384 Spencer Curve,828.590.1710
311,2387,US,Warren-Jones,New Ryanshire,32317,ND,543 Burton Trail,912.284.0384x0588
311,2388,US,Melton-Moss,New Jamesville,72196,SD,23351 Williams Mall Apt. 334,905-993-8983x333
311,2389,US,Barnett and Sons,Julieton,43269,MP,989 Carroll Parkway,748-780-5951
311,2390,US,Freeman-Powell,Port Victoria,24478,NH,06364 Johnson Valley,670.642.8048x91929
311,2391,US,Henderson-Gonzalez,Burnsshire,31898,NY,7013 James Motorway,(904)591-9179x97057
311,2392,US,Smith Inc,South Julia,30394,NE,55784 Yvonne Branch,822.321.1388
311,2393,US,"Sullivan, Grimes and Gilmore",New Lauraland,91076,WV,2416 Harmon Shore Suite 536,001-581-605-3405
311,2394,US,Skinner-Hudson,North Gloria,09152,WI,9934 Sullivan Cliffs,590.572.6745
311,2395,US,"Bennett, Stewart and Berry",South Monicatown,86134,VT,1522 Young Walk,001-322-563-8617x168
311,2396,US,"Flowers, Morgan and Garcia",Huntertown,47545,FL,503 Chavez Row Apt. 542,613-657-9614
311,2397,US,Brown Group,Munozport,29413,CO,27911 Erika Inlet Suite 550,(453)202-0068x6523
311,2398,US,Taylor-Johnson,Erikview,61439,MH,2848 Williams Club,567.424.5089
311,2399,US,"Brown, Johnson and Stewart",Morrisland,75145,IN,9446 Robinson Brooks,(591)720-9765
311,2400,US,Wilson-Miles,Wuchester,18327,AL,9979 John Forest,(294)380-7426
311,2401,US,Bell-Davis,Baileymouth,46085,AZ,168 Michael Field,(264)309-6801x20039
311,2402,US,"Larson, Daniel and Lambert",Sullivanmouth,39402,VI,88885 James Overpass Apt. 193,8412808482
311,2403,US,"Dawson, Barnes and Brown",Hallside,40461,IN,15634 Tina Station,568.425.2381x5474
311,2404,US,"Lawson, Kelly and Nguyen",Gomezbury,69868,IN,65413 Wendy Mountains Suite 432,001-479-520-2221
311,2405,US,"Garner, Stafford and Smith",East Cynthia,85767,UT,889 Pope Springs,(260)605-2061
311,2406,US,Koch Group,Wellsmouth,44704,ID,86377 Sandra Street,821-378-5722x8043
311,2407,US,Church-Phillips,Lake Jason,07449,WV,191 Ashley Plain Apt. 745,827-453-7004x10233
311,2408,US,"Gray, Hurley and Jones",South Thomas,06981,IA,136 Perkins Valley,965.471.6889
311,2409,US,"Santos, Jones and Johnson",North Amystad,36093,AL,4487 Nicole Point Apt. 717,574-590-7923x285
311,2410,US,Wright-Thomas,Lake Markmouth,53099,FL,726 Cardenas Rapids,818.458.5218
311,2411,US,Walker-Howard,Lewisview,89572,ND,2243 Richards Ramp Apt. 426,001-792-663-4448x30410
311,2412,US,Rios-Friedman,Smithbury,83981,NH,86756 Stevenson Burg Suite 345,001-271-407-1780x655
311,2413,US,Turner-Anderson,North Jose,54519,TX,02076 Mayo Ports Suite 675,813.843.4477x62369
311,2414,US,"Wright, Dunn and Donaldson",East Tamaratown,34704,MI,6740 Harvey Valley Apt. 692,(919)311-5565x292
311,2415,US,"Lopez, Thomas and Maldonado",Port Jasminechester,63589,NJ,83950 Colleen Mountain,+1-762-263-1413
311,2416,US,Norris PLC,Warrenmouth,11167,ME,01190 Snyder Oval,868.352.3747
311,2417,US,Cook PLC,Breannafort,25518,NY,08110 Abbott Course Apt. 407,(567)986-1986x64533
311,2418,US,Harris Inc,Carsonport,57902,MO,10777 Deanna Gateway,996.741.4412
311,2419,US,Velasquez-Carroll,East Stephenberg,07986,RI,2512 Stephanie Pines,955.246.7004x758
311,2420,US,Gamble Ltd,New Stephenborough,36450,CT,3861 Christopher Pines,201.253.5278
311,2421,US,"Murphy, Orozco and Hicks",Leeside,87002,AS,96284 Lisa Green Suite 746,+1-705-979-2321x839
311,2422,US,Padilla-Beasley,Jamesbury,25356,MD,41951 Mckee Point Suite 318,+1-892-978-6985x6879
311,2423,US,"Harris, Watts and Chandler",Patrickhaven,04772,VA,966 Thomas Light Apt. 487,+1-364-680-1051
311,2424,US,Stanley Group,Davidtown,21074,FL,8359 Fields Trail,+1-980-583-5262
311,2425,US,"Rocha, White and Sanders",South Jennifermouth,05222,MO,0917 Monica Courts,598-409-5606
311,2426,US,Taylor and Sons,Henrybury,52900,UT,401 Lewis Cliff Apt. 202,522.416.3174x199
311,2427,US,"Cole, Walker and Ramirez",New Jenniferside,52277,IA,6923 Patrick Union Suite 242,001-496-863-9074
311,2428,US,Harris-Shaw,East Eddietown,01719,HI,706 Claudia Tunnel,+1-531-341-7336x12393
311,2429,US,"Garza, Cooper and Welch",Bellland,90716,WY,38589 Hernandez Brooks Suite 713,(523)670-9031
311,2430,US,Collins-Rocha,Lake Christopherbury,29541,OK,332 Ward View Apt. 128,284-589-3645
311,2431,US,"Williams, Brown and Owens",Lake Natalieborough,37727,MT,0656 Duane Spring,947.926.7234x0688
311,2432,US,Olson LLC,New Robert,72510,PA,073 Lucas Crossroad Apt. 808,+1-531-669-8237x995
311,2433,US,Frazier Inc,Roberthaven,03513,NH,2675 Gomez Fall,+1-880-253-0361x004
311,2434,US,"Cook, Smith and Johnson",Aaronside,98282,NJ,4627 Robert Motorway,(520)959-3541x572
311,2435,US,Lopez-Norton,Edwardmouth,71388,OR,959 Webster Meadow,619-984-6563x16032
311,2436,US,"Clayton, Carr and Garcia",Martinezbury,91170,VT,88280 Michelle Court Suite 302,(220)902-9890x426
311,2437,US,"Thompson, Stewart and Green",Sandovalshire,77268,NV,061 Jones Crest Apt. 178,+1-988-616-2666
311,2438,US,Martin and Sons,New Sandra,38158,ME,1179 Turner Stream Suite 711,704.394.4153x614
311,2439,US,"Ortega, Hurst and Booth",North Robin,30548,FL,816 Morton Hollow,001-815-261-0072
311,2440,US,Case-Hunt,Chadport,97992,FM,640 Matthew Track,001-344-351-2827x2942
311,2441,US,Shepard-Reynolds,Lisafort,21772,TN,325 Simpson Square Suite 913,475.599.3345
311,2442,US,"Patel, Shaw and Rodriguez",Patrickmouth,45658,NE,247 Stone Mountains,(757)697-5131
311,2443,US,Lopez-Jimenez,Mosesville,28952,TX,62949 Donovan Mountain Apt. 724,(657)569-9987x511
311,2444,US,"Harris, Walker and Goodwin",New Ashlee,57073,AK,4715 Simpson Views,394-645-9596
311,2445,US,Mcdowell Group,Meyersland,67119,LA,64053 Taylor Rapid,722.976.9730
311,2446,US,Wilson Group,Matthewbury,17462,TN,69174 Danielle Ridge Suite 522,991.580.5547x006
311,2447,US,"Smith, Taylor and Hart",North Lisa,97016,MT,64097 Thomas Plains,(371)228-8263
311,2448,US,"Carroll, Molina and Bryant",West Stephanie,39796,AZ,4881 Shields Drive Apt. 432,612.577.3177x42789
311,2449,US,Stephens-Hansen,West Dillon,46289,NY,0650 Payne Views,001-995-731-6470x5948
311,2450,US,Miles Inc,Brewerborough,24100,ND,6889 Douglas Ville Apt. 710,+1-522-681-9403
311,2451,US,"Wolfe, Ellis and Downs",East Patrick,71623,IN,845 Perkins Spring Suite 781,882.631.1967
311,2452,US,Stewart-Meyer,East Michael,50215,IA,227 Virginia Springs,+1-797-277-7308x4298
311,2453,US,Rivas-Williams,East Ryan,12203,TX,463 Contreras Divide,001-401-854-6121x4912
311,2454,US,"Griffin, Garcia and Lawrence",Port Danielleshire,34048,GU,651 Amanda Squares,302.402.3152x18096
311,2455,US,Middleton-Moore,New Jenniferport,97925,IN,973 Kelsey Pike Apt. 657,(673)780-1658
311,2456,US,Lee-Vega,Keithtown,97215,MN,0656 Karen Green,+1-409-485-2177x2962
311,2457,US,Sharp LLC,Castilloside,39933,KY,73274 Anthony Mills Suite 674,+1-700-818-4766x9953
311,2458,US,Wallace Inc,West Raven,07506,OH,765 Natalie Trafficway Suite 622,+1-247-618-0388x14371
311,2459,US,"Blackwell, Day and Lopez",New Richardton,03929,VA,0797 Waters Drive Apt. 178,5662774818
311,2460,US,"Sims, Ross and Norris",Shawview,16937,VI,36189 Theresa Island Suite 965,927.828.7818x414
311,2461,US,Aguirre Ltd,New Benjamin,52015,GU,94618 Ford Orchard Apt. 641,414.460.4991x29363
311,2462,US,"Johnson, Mclaughlin and Jackson",Burkehaven,01098,WY,47209 Burns Gardens,+1-566-975-1965
311,2463,US,Mooney-Haney,Port Claire,95058,PW,4991 Hall Plains,597.550.5308
311,2464,US,Gill-Sawyer,North Kellyfort,15161,MI,88882 Williams Estate,001-724-789-1360x4374
311,2465,US,Newman-Graham,New Michele,02836,ND,275 Fletcher Estate,475.694.7922x7019
311,2466,US,"Bennett, Kelly and Edwards",Harrisfort,16216,UT,351 Johnson Plaza,316.550.8170x376
311,2467,US,Martin-Hernandez,South Bettyview,43689,IA,5427 Joshua Route Suite 539,+1-987-492-0148x2923
311,2468,US,Byrd-Simon,Fergusonmouth,01591,MS,11655 Gomez Common Suite 035,(958)918-0066x056
311,2469,US,"Salinas, Bowman and Lopez",Smithside,36333,VA,006 Jennifer Rapids,978.923.6910
311,2470,US,Poole Inc,Port Patricktown,90694,TN,5168 Anthony Views,921.353.5700x9358
311,2471,US,Escobar-Yoder,North Donnastad,43440,TN,18789 Rebecca Centers Suite 299,001-442-332-5543x34923
311,2472,US,Byrd and Sons,East Markborough,32764,UT,61322 English Street,001-304-374-4730
311,2473,US,Franco Group,Port Jessicaside,64466,MT,8453 Kelly Run Apt. 357,843.570.1180x33613
311,2474,US,Thornton-Nguyen,Johnsonton,29427,IA,16378 Hooper Knoll Suite 362,(430)834-2602x732
311,2475,US,"Lynch, Hahn and Cole",Johnsonburgh,79701,ME,97511 Kimberly Port,994.709.9656
311,2476,US,"James, Merritt and Kelly",Port Marieland,28142,FM,29284 Thompson Expressway,538-243-3213
311,2477,US,Lucas LLC,New Mark,00692,ID,93095 May Burg,(707)852-0025
311,2478,US,"Lewis, Dixon and Reynolds",Mccarthybury,84098,WY,3874 Hall Vista,805.535.9627
311,2479,US,Johnson PLC,Reyesbury,83676,HI,73976 Proctor Green Apt. 391,320-637-5694x143
311,2480,US,Garcia PLC,Haleport,21702,RI,37189 Barron Terrace Apt. 840,+1-788-456-3802
311,2481,US,Hernandez Inc,Port Justinland,53471,KY,155 Green Neck Apt. 321,770.639.5088x88423
311,2482,US,Taylor Inc,Johnstonton,56281,OH,56362 Joseph Heights,(326)955-6157x72355
311,2483,US,Murray Ltd,Stanleyburgh,61735,AZ,944 Garcia Fork Suite 360,(284)447-0674x09126
311,2484,US,"Hunter, Rangel and Brown",Shermanville,03891,NE,023 Stacey Spring Suite 998,6088814848
311,2485,US,"Mcmillan, Murphy and Jones",East Joshuaburgh,19435,PA,69138 Kristen Crest Suite 295,(818)966-7823
311,2486,US,Jordan-Gibson,Brendaside,52572,IN,785 Lawrence Mills Apt. 189,924.681.8706x3378
311,2487,US,Hernandez-Jenkins,Griffithburgh,51016,WA,61593 Parker Orchard,001-862-402-8207x495
311,2488,US,"Richard, Davis and Sanchez",West Matthew,96562,CT,14142 Lisa Pike,(454)751-4343
311,2489,US,Brown Ltd,Arroyoshire,17140,AZ,03415 Walton River Apt. 834,001-842-283-5270
311,2490,US,Olson-Luna,West Carolinefort,52416,LA,69170 Kimberly Curve,222-234-1779x2117
311,2491,US,Martin-Edwards,Smithtown,12898,GA,72098 Meadows Estate Suite 094,315.921.1997
311,2492,US,"Olsen, Griffith and Reed",Nealland,48752,MT,8864 Reid Junction,+1-804-956-9606x2853
311,2493,US,Jacobs-Hansen,New Whitneyfort,10507,AS,363 Townsend Field,633-711-2706
311,2494,US,Castillo-Hobbs,Port Ashley,86439,OK,9791 John Street,737.299.1618
311,2495,US,Jensen Group,Williamschester,34236,LA,305 Alexander Ville,001-414-806-9260x054
311,2496,US,Bailey Group,Benjaminside,66506,VI,74444 John Track Apt. 582,001-335-952-6373x3806
311,2497,US,Williamson-Hunt,West Melissaborough,70532,UT,06310 Hahn Roads,001-350-876-1404x8687
311,2498,US,"Brown, Ayers and Allen",New Dustin,14492,AR,09114 Daryl Light,+1-550-598-9479
311,2499,US,"Cruz, Bonilla and Strong",Lake Whitneyville,02332,RI,33822 Angela Station Apt. 235,475.757.2705
311,2500,US,Curtis PLC,Hernandezchester,81337,MO,7677 Martinez Walk Apt. 848,497.720.0663
311,2501,US,Romero-Fernandez,Gomezport,66217,WI,7061 Hardin Branch,2383140438
311,2502,US,Jefferson-Jones,North Karenside,28025,MN,8584 Mark Locks,241-378-4376
311,2503,US,"Garner, Gonzalez and Maxwell",Sheltonhaven,15911,UT,535 Jose Stream Suite 936,3425599040
311,2504,US,"Pope, Acosta and Castro",Lake Julieport,31413,VT,4574 Larry Falls,495-312-2869x52938
311,2505,US,Graham PLC,Transtad,18276,CT,73590 James Street,+1-257-404-4148x2243
311,2506,US,Mendez-Gordon,Nicolemouth,58663,IL,742 Smith Knolls,(502)762-5991x435
311,2507,US,"Lang, Russell and Pittman",Davilatown,62267,AR,7988 Thomas Loaf,601.352.7737
311,2508,US,Schmidt LLC,Fergusontown,47341,FL,440 Bruce Expressway,258-578-2573x13022
311,2509,US,Malone-Sanchez,Kevinstad,84401,IN,401 Ramirez Underpass,+1-878-750-6093x37198
311,2510,US,"Mccall, Jones and Anderson",Port Jessicafurt,42783,KS,322 Krystal Lock,952-950-1917
311,2511,US,"Edwards, Bradford and Evans",North Michellefurt,24545,DC,17759 Steven Haven Apt. 923,001-236-804-4707
311,2512,US,Williams-Howard,Huangberg,62442,IL,12598 Donald Via,689-687-0162
311,2513,US,Cooper-Foster,Millerfort,02404,IA,84978 Walker Island Apt. 274,693.791.9165
311,2514,US,"Campbell, Fernandez and Ortiz",New Emilyberg,97159,WV,586 Shane Knoll Apt. 933,+1-630-720-6822x0538
311,2515,US,Peters and Sons,Ashleyhaven,42023,GU,2326 Miller Bypass Apt. 821,786-320-5025
311,2516,US,Williams PLC,Nicholsonport,24102,WY,9770 Smith Highway Suite 621,(755)927-4216x919
311,2517,US,Roth-Glover,Dannyshire,96127,AL,4906 Turner Way Suite 829,(340)398-8666
311,2518,US,"Oneill, Wallace and Brown",South Josephside,80088,AS,61802 Robin Crescent,(456)677-5216x359
311,2519,US,"Ramirez, Booker and Kelly",South Ryanmouth,40682,NH,5939 Henry Lake,+1-514-925-8074x22120
311,2520,US,"Lewis, Gutierrez and Smith",Marcbury,23684,IA,142 Joseph Courts,693.895.3843x0718
311,2521,US,Smith-Johnson,Danielview,78798,AR,31393 Stevenson Unions,(472)507-3115x676
311,2522,US,"Boone, Howard and Anderson",North Kristin,93254,MS,030 Alexandra Valleys,001-942-763-4054
311,2523,US,Jones-Roberson,Howellbury,21028,HI,812 Charlotte Cliff,001-917-970-1982
311,2524,US,"Ali, Wilson and Garza",Crawfordmouth,83552,OH,6121 Burns Street Suite 441,(365)574-3759x824
311,2525,US,Schaefer Inc,Port Codyburgh,81233,TX,8445 Hebert Islands Apt. 640,914.691.3104x652
311,2526,US,Stanton LLC,Ryanmouth,37177,WY,29038 Robert Courts,(594)572-9926
311,2527,US,Johnson-Pena,New Michaelland,29112,GU,222 Cortez Meadows,958-642-5118
311,2528,US,Moore Inc,Williamland,92054,WV,97570 Kelly Burgs,+1-971-681-4854x362
311,2529,US,"Richard, Blair and Hoffman",North Timothy,73052,VI,97642 Rios Terrace Suite 851,001-426-917-5869
311,2530,US,"Dawson, Martin and Salazar",East Christineville,51924,DE,81111 Johnson Brooks,278-473-7480x5217
311,2531,US,Porter and Sons,Tateton,82872,CO,316 Beth Passage Apt. 077,896-276-7416
311,2532,US,Adams-Morgan,Kristieport,35337,TN,5049 Carter Knoll,786.484.5126
311,2533,US,Snow-Fisher,Shepardbury,14733,MA,54178 Renee Corners Apt. 268,786-785-0634
311,2534,US,Francis-Lawrence,Brownport,48639,SD,826 Kevin Viaduct Suite 235,+1-828-487-0052x513
311,2535,US,Mccall-Castaneda,Amandafurt,15890,NY,14084 Green Loop,954-771-2162
311,2536,US,Mccoy-Allen,North Angel,12974,DE,8952 Strickland Valleys,001-880-523-3523x58459
311,2537,US,"Lewis, Wade and Black",Brownport,76943,CA,981 Murphy Mews Apt. 396,001-804-775-1042x42584
311,2538,US,"Valentine, Perkins and Gonzalez",Thomasmouth,57222,OH,84994 Alexandra Wall Suite 772,297.628.0927x7140
311,2539,US,Leblanc-Williams,Guzmanville,62681,IA,88575 Joseph Lakes Apt. 164,(701)618-0829
311,2540,US,"Hoffman, Banks and Anderson",Lake Derrickstad,76069,FM,3338 Karen Summit Suite 984,(876)290-1770
311,2541,US,"Lindsey, Pineda and Velez",Brownville,79068,SC,3998 Navarro Circles,736-446-2969x054
311,2542,US,Chapman PLC,South Thomas,24974,MD,47608 Lisa Burg Suite 354,(600)479-7407x68564
311,2543,US,Bauer-Faulkner,East Jon,66541,MS,6800 Gregory Bridge Suite 646,(431)575-9596x274
311,2544,US,Turner Ltd,Port Ericbury,38189,GU,703 Peterson Lock,+1-568-657-5391x691
311,2545,US,Pierce-Lynch,East Todd,52502,GU,3984 Kristin Mount,(325)712-5748
311,2546,US,White Group,Lake Nicholasbury,79846,NY,808 Bell Extensions,2609993960
311,2547,US,"Armstrong, Scott and Saunders",West Kayla,01361,MO,7238 Anthony Keys,813-348-6579
311,2548,US,Sanchez Inc,East Jonathon,13485,NM,281 Salazar Well,+1-654-231-2467x4009
311,2549,US,Sanchez-Dunn,Chadshire,49574,NC,360 Wolfe Fort Suite 051,500.457.2395
311,2550,US,Cherry-Wilson,East Jeffrey,16666,MT,62996 Donna Trail Suite 481,442-633-5215x6023
311,2551,US,Parker-Sanders,Wallerberg,65225,CO,1370 Jacqueline Station Suite 978,001-508-878-4178x6793
311,2552,US,"Robinson, Turner and Curry",Lisaburgh,04410,DC,52104 David Viaduct,868-513-8933x138
311,2553,US,"Crane, Huerta and Andrews",Port Marcus,88796,UT,493 Adkins Creek,2415762851
311,2554,US,"Smith, Floyd and Montoya",Hillton,97365,KY,97621 Allison Point,3696043891
311,2555,US,"Hunt, Jones and Leach",East Aaronberg,33762,LA,501 Deleon Street,515-609-9575x6811
311,2556,US,Jones and Sons,New Jeffrey,12794,KS,282 Jared Squares,+1-563-347-2624x719
311,2557,US,Stewart-Rivers,Craigmouth,98369,ID,724 Jesus Heights,900.425.4064x67651
311,2558,US,Paul-Herman,Karinaburgh,76275,DE,65564 Rodriguez Radial,400.615.9038
311,2559,US,Young PLC,East Susan,66982,IN,64456 Gonzalez Ramp Apt. 669,780-949-4066x44651
311,2560,US,Washington PLC,Lake Jesse,07095,AL,834 Rhonda Grove,955-607-4298x2803
311,2561,US,Johnson-Williams,North Nicolemouth,57307,NC,9036 Mckee Rest Suite 442,+1-921-569-6892x86979
311,2562,US,Porter-Giles,Ponceborough,47798,NJ,31526 Michael Mount,001-248-215-7581
311,2563,US,Burgess LLC,Stephenland,24041,KS,3798 Dixon Camp Apt. 203,(987)507-8961
311,2564,US,Alvarado and Sons,Elizabethville,48773,VA,3222 John Dale Suite 017,(342)469-8832x099
311,2565,US,Hernandez-Collins,Lake Christine,99811,MP,618 Carrillo Lodge,001-672-678-5730x239
311,2566,US,Terry-Miller,Ruizborough,85027,OR,213 Williams Pike,627.940.3169
311,2567,US,Allen-Miller,Port Karenmouth,85916,NE,50218 Dougherty Junctions Apt. 194,251-776-3861
311,2568,US,Gillespie-Mccoy,North James,47514,IN,5995 Carla Falls Apt. 560,9645209225
311,2569,US,"Ochoa, Ford and Williams",North Paultown,13572,WA,303 Francis Shores,(535)843-3745
311,2570,US,"Mathis, Ross and Gibbs",Alvarezport,13587,PR,63824 Silva Light,(523)897-2484
311,2571,US,"Doyle, Ball and Harper",Wolfemouth,76834,ID,51507 Courtney Circle,416.553.5985x15320
311,2572,US,"Watson, Nelson and Santos",Albertland,42344,GA,64861 Griffin Motorway,001-493-824-6964
311,2573,US,Saunders PLC,Hicksville,24717,VT,9930 Luke Mission Suite 424,+1-744-328-2818x325
311,2574,US,Bennett Ltd,South Deborahburgh,58034,GA,13690 Patterson Extension Apt. 963,265-501-2404
311,2575,US,Pollard-Davis,Butlerfort,15464,ID,7938 Evans Greens Suite 042,7866647863
311,2576,US,Smith Ltd,Port Edgarfurt,79721,ME,3543 William Valleys,4507982216
311,2577,US,"Cline, Thompson and White",Lake Kimberlyhaven,39125,SC,749 Alyssa Greens,662-632-5287
311,2578,US,Taylor Inc,East Derek,63224,NE,92191 Marsh Parkway,001-806-543-8551x29986
311,2579,US,Black Inc,Williambury,01603,RI,9046 Mary Brooks Suite 731,+1-585-793-7753
311,2580,US,"Caldwell, Scott and Williams",Wendybury,25830,PW,433 Salas Lock,001-484-743-3890
311,2581,US,Porter-Davis,South Theresa,01127,GU,4485 Cochran Turnpike Suite 892,(285)851-2701x1836
311,2582,US,Lloyd Ltd,Smithmouth,44647,ME,5154 Mary Fall Apt. 861,650-294-1382x2581
311,2583,US,Fields Inc,New Angelton,87540,ME,281 Torres Island Apt. 810,+1-763-755-1972x6344
311,2584,US,Watson-Arnold,Troyside,18338,UT,459 Anderson Causeway Suite 011,(300)426-8496x7776
311,2585,US,Anderson Group,Wrightmouth,45251,MI,794 Dale Spur Apt. 667,516-825-3522
311,2586,US,Huffman PLC,New Thomasshire,26837,FM,9372 Gomez Courts Apt. 158,001-762-607-1389x4778
311,2587,US,"Walters, Wallace and Green",Johnborough,36360,CO,36462 Williams Ports,(972)706-4740x5503
311,2588,US,Martinez Ltd,Smithstad,64632,WA,7871 Jesse Stream,001-828-773-5768x5642
311,2589,US,Todd PLC,New Lawrencefort,11199,NM,1686 Campbell Harbors Suite 151,+1-260-208-0443x58351
311,2590,US,Caldwell-Ruiz,Burtontown,32789,MH,3007 Juan Lake Apt. 742,001-312-281-3309x4380
311,2591,US,"Zavala, Sawyer and Bell",South Teresa,14502,FM,600 Tara Manors,+1-474-658-6189x4206
311,2592,US,"Nichols, Shaw and Clay",Port Eugeneside,19269,MI,5522 Lee Valleys,+1-748-903-0251
311,2593,US,Myers Inc,Jenniferchester,60421,FL,044 Amy Spur,6718138351
311,2594,US,Ward Group,Richardsonview,70858,UT,7620 Cordova Views Apt. 486,437.802.1976x1743
311,2595,US,Le-Miller,Port Emily,47694,MN,5885 David Falls,001-499-809-1010
311,2596,US,Booth PLC,North Elizabethville,79393,OR,3948 Kevin Wall,990.460.7718
311,2597,US,"Tucker, Lopez and Edwards",Amyhaven,97183,GA,44694 Christina Trace,001-374-622-5779x83042
311,2598,US,Harris-Martin,East Gary,28825,VT,93868 Derrick Mountain,(835)361-1943
311,2599,US,Henry-Murphy,New Seth,71688,FL,5318 Carter Inlet,001-969-304-8835x634
311,2600,US,Tran-Rose,Port Mariamouth,11784,AR,654 Randall Burg Apt. 235,(641)540-7714x2105
311,2601,US,Paul-Ochoa,South Craig,31153,VT,799 Kristin Ridge Apt. 080,478.358.5991x928
311,2602,US,Hamilton-Conley,Yatesbury,70134,VI,7862 Hill Turnpike,761-250-1860
311,2603,US,Murphy Inc,Lake Victorfurt,09475,PR,407 Hayes Fort,470-408-2637x4646
311,2604,US,"Waller, Williams and West",Grahamland,74361,OH,835 Alexander Lock,349.970.7199x25751
311,2605,US,King Ltd,Port Jamesburgh,70840,GU,6731 Katie Crossing Suite 660,(279)712-6154
311,2606,US,Guzman-Miller,New Nicole,39595,OH,03345 Kayla Field,374-322-1659
311,2607,US,Fitzgerald-Maxwell,East Paulmouth,87795,NC,79280 Oneal River Suite 824,217.629.7131x15825
311,2608,US,Ramirez and Sons,Port Jessicaburgh,12918,UT,829 Jordan Inlet,605.543.3212x595
311,2609,US,Buck LLC,Jeanburgh,23288,AR,105 Mary Prairie Suite 081,(772)333-6935x1073
311,2610,US,Pacheco-Robinson,West Roger,78150,LA,4094 Davis Harbor,(356)537-8018x715
311,2611,US,Smith and Sons,Austinchester,13156,HI,2361 Michael Ramp,276.642.3788x507
311,2612,US,Brooks-Moore,Port Johnborough,91236,UT,012 Gary Avenue Apt. 112,793-341-5822x121
311,2613,US,Williams PLC,Lake Cassandrashire,45531,AR,5935 Wall Station Suite 008,001-914-652-8606x8921
311,2614,US,Vasquez-Smith,Kingmouth,23175,DC,949 Ross Forks Apt. 600,469.741.6587x015
311,2615,US,Sherman Group,Port Michelle,39413,DE,8530 Torres Loaf Suite 598,+1-318-463-2433x50851
311,2616,US,Green-Hunt,South Douglashaven,48741,HI,6605 Dustin Row,497-746-5638
311,2617,US,George-Moore,Littleland,92114,RI,681 William Way Apt. 020,+1-874-702-8993
311,2618,US,"Ramsey, Williams and Contreras",North Chelsey,70231,MD,825 Glenn Ferry Apt. 865,(707)874-8602
311,2619,US,Alvarez PLC,North Mariefurt,77636,AR,73285 Kirby Park Suite 974,+1-340-485-2286
311,2620,US,Thomas-Casey,South Matthewchester,67245,GA,2824 Lisa Street Suite 868,7428887892
311,2621,US,Vazquez-Steele,New Michaelville,82427,MN,76269 Ford Extensions Apt. 576,001-555-251-4659x98314
311,2622,US,"Middleton, Ponce and Perez",New Barbarabury,14386,VI,305 Miranda Land Suite 833,+1-888-906-7191x74251
311,2623,US,"Murphy, Jenkins and Barnett",Garciamouth,86469,MN,0975 Rodriguez Underpass,293.647.4950
311,2624,US,Roy-Ryan,Cynthiatown,97383,WV,30798 Allen Lane Apt. 486,656-258-8793
311,2625,US,"Scott, Long and Buckley",New Jennifer,09865,ID,78703 Lori Track Apt. 411,626.806.0682x17976
311,2626,US,Smith-Blackburn,Salinasburgh,00521,MI,080 Susan Circles,926.206.2011x99068
311,2627,US,"Simon, Williams and Brown",Frankberg,54084,WA,45645 Cynthia Greens Apt. 794,(759)422-0213
311,2628,US,Kennedy Group,Stephaniebury,45543,OK,56183 Williams Tunnel,677-644-1662x14598
311,2629,US,Brewer-Simmons,South Tamara,13328,NM,8268 Natasha Green Apt. 550,945-570-0401
311,2630,US,"Perez, Cook and Shah",Lake Georgechester,92179,CA,88395 West Course,(401)761-9959x42535
311,2631,US,Cole PLC,Ericfurt,47359,RI,440 Jessica Prairie Suite 892,+1-982-915-4963x0839
311,2632,US,Sandoval LLC,New Rhondabury,25852,OH,49102 Walker Plains Suite 493,(544)499-7075x545
311,2633,US,Allen Ltd,Anthonyville,58946,AZ,4382 Crawford Drive Apt. 759,676.880.7981x05131
311,2634,US,"Li, Perkins and Weber",Lake Vincent,97842,TX,5872 Patrick Gateway,+1-962-785-8498x1145
311,2635,US,"Ball, Walker and Schmidt",Crosbyhaven,04398,MN,745 David Fall,771-487-1000x3003
311,2636,US,"Wells, Maddox and Ford",New Philip,17392,KY,783 Mcintyre Camp Apt. 298,255-382-8146x1727
311,2637,US,"Hudson, Clark and Grant",North Todd,17683,TX,0696 Allison Parkways,001-444-287-9493x17332
311,2638,US,Jefferson-Ramirez,South Tiffanymouth,37762,IL,569 Melissa Tunnel Apt. 874,001-734-220-5024x090
311,2639,US,"Mccoy, Page and Lynn",Michaelborough,59721,AS,0926 Matthew Spur,001-426-917-5154x1882
311,2640,US,Brown Inc,South Karen,12025,IL,23987 Baird Springs,+1-245-912-2760x7866
311,2641,US,"Powell, Roberts and Caldwell",South Benjaminfort,13992,IN,992 Rebekah Corners Apt. 899,851.418.6054x23112
311,2642,US,Strickland-Nelson,Randallfort,40539,MS,0575 Ashley Fort Suite 254,225.608.5115x49475
311,2643,US,Stark-Chase,West Megan,45191,ME,88032 Smith Port,448.205.7968x7335
311,2644,US,Stone PLC,Fosterland,11660,AR,3028 Coleman Stravenue Suite 358,489-385-7917
311,2645,US,Meyer-Hawkins,Lake Joe,93240,WY,1510 Patricia Lodge Suite 730,280.248.0812x72746
311,2646,US,Webster Inc,Ryanchester,31362,SC,108 Stephens Junctions,993.893.8124x014
311,2647,US,Aguilar-Sanders,Ryanmouth,81101,CT,45297 Stephen Flats,001-304-231-1387x5093
311,2648,US,"Jenkins, Ware and Garcia",Perezstad,87616,PW,77721 Reyes Heights Apt. 162,595-934-5479x72808
311,2649,US,Flores LLC,Rodriguezside,78932,GU,5014 Karen Cape,(870)336-4657
311,2650,US,"Soto, Williams and Rowland",Thompsonfort,45702,ME,4778 David Extensions,(907)648-6993x58839
311,2651,US,George-Fritz,Yodermouth,75356,SD,4450 Harold Flat,624-489-1427
311,2652,US,"Murphy, Elliott and Ward",Floresmouth,89534,ND,3720 Wilson Parkways,001-239-642-4185
311,2653,US,"Matthews, Brown and Hughes",Vasquezhaven,93218,NM,40828 Sherry Forge Apt. 092,833.985.2892x5702
311,2654,US,Jones and Sons,Tracyland,47678,NV,17536 Chelsea Plain Suite 903,(518)843-9682x2983
311,2655,US,"Jones, Rogers and Rodriguez",North Brett,25947,AK,4415 Kelley Spur Suite 482,+1-787-958-3318x39021
311,2656,US,Li and Sons,New Stephaniechester,13574,PR,228 Lawrence Mountains Apt. 110,001-382-504-8161
311,2657,US,Patterson and Sons,Timothyton,14018,MN,1965 Dawn Shoal Apt. 026,(298)303-2739x96662
311,2658,US,Bryant LLC,Port Erikborough,94860,OR,756 Lewis Junction,3824204730
311,2659,US,Johnston-Johnson,Ramirezhaven,70040,HI,83356 Thomas Mountains Apt. 901,273-242-7220x895
311,2660,US,"Garcia, Norton and Jones",Eileenshire,66643,MT,06867 Robert Harbor,489.241.5235
311,2661,US,Zhang PLC,North Victoriafurt,48784,FM,1747 Rasmussen Throughway,001-723-243-6664x79846
311,2662,US,Allen Inc,Patrickton,92637,MP,2765 Claudia Lock,5308758569
311,2663,US,Eaton and Sons,New Colleen,16590,PA,576 Deborah Glens Apt. 399,001-271-823-6306x19377
311,2664,US,Austin Group,Lake Christophermouth,89012,CA,9934 Brian Walk Suite 672,927-342-0784x271
311,2665,US,Gonzales LLC,Cainside,55363,GU,143 Hill Place Apt. 617,390-888-7002x51882
311,2666,US,Jackson LLC,East Jose,09556,PR,22013 Charles Burg,+1-892-528-9370x9972
311,2667,US,Hernandez and Sons,Lake Rachel,02096,FL,85212 Smith Loaf,(224)817-4860
311,2668,US,Mcbride-Vargas,West Shawn,57429,PA,290 Steven Prairie,001-499-904-5082x026
311,2669,US,"Martin, Frazier and Henry",Jasonhaven,25306,UT,5374 Charles Ferry Suite 849,7855643206
311,2670,US,Thomas LLC,Port Kayla,23684,NV,5457 Joseph Point,001-454-513-2366x1625
311,2671,US,Everett Ltd,New Elizabethborough,90291,WA,494 Thomas Bridge,252-942-0526x738
311,2672,US,Ramsey-Wright,Milesbury,87028,WY,0022 Jasmine Wells Suite 788,(595)412-7057x02730
311,2673,US,Brown Ltd,East Brianaland,14837,AR,92821 James Plains,678.215.1417x89265
311,2674,US,Salas Group,Lake Juan,18785,PA,553 Williams Neck Apt. 542,(305)783-2837
311,2675,US,"Herman, Murphy and Scott",Lewisview,20232,LA,0472 Dixon Drives Apt. 090,9142310160
311,2676,US,"Jordan, Banks and Scott",North Ethan,14826,MH,0805 Pittman Ford,557.641.5181
311,2677,US,Cohen Ltd,West Christopherview,58382,VA,905 Steven Shoal,001-699-315-5728x768
311,2678,US,"Sherman, Coleman and Ramsey",South Darin,92852,ID,43419 Steven Skyway Apt. 959,629.854.4055
311,2679,US,Parks Inc,South Andrew,98955,MO,8610 Phillips Mountains,(607)579-8989x62867
311,2680,US,Gonzalez Ltd,Loriberg,42484,WV,9625 Michael Stream,780-431-5395x31313
311,2681,US,Turner PLC,Dorothymouth,10455,NV,19262 Rebecca Mission Apt. 145,626.854.2586x601
311,2682,US,"Garcia, Henderson and Ryan",South Kennethmouth,21413,MI,861 Williams Pines Suite 511,9803306154
311,2683,US,Rowland Group,Mccartyton,32981,SC,31194 Regina Square Suite 100,966.360.6328
311,2684,US,Silva-Joseph,Royton,52182,OK,9915 Karen Grove Apt. 750,+1-801-461-5364x431
311,2685,US,Smith Inc,North Anthony,88883,MI,82350 Hunt Summit,683.611.4963x86768
311,2686,US,Jones-Rowe,North Monica,09257,NJ,2217 Martinez Track,(403)720-0390x29154
311,2687,US,"Collins, Hernandez and Wright",North Douglaston,44464,OR,12442 Randy Square Apt. 567,422.291.7123
311,2688,US,"Haney, Chung and Carey",Aaronborough,37154,IN,886 Joshua Centers Apt. 066,(769)830-0903x875
311,2689,US,Cruz-Miller,Ianberg,30786,ID,3047 Kyle Oval Apt. 051,001-439-654-1491x6111
311,2690,US,Flores Group,New Ralphburgh,32144,WI,686 Michael Villages,777.727.6905
311,2691,US,"Smith, Palmer and Keller",North Alexis,35364,ME,430 Campbell Ranch Apt. 097,001-868-712-7888x90122
311,2692,US,Blackburn PLC,Port Mandyburgh,79978,WV,2052 Lori Camp Suite 571,(287)353-3480
311,2693,US,Frey Inc,Lisaport,65430,KS,42548 Shawn Points,001-480-845-7692
311,2694,US,Kelly PLC,Kathleentown,63557,TX,76999 Weber Knoll,204.843.1974
311,2695,US,Case Ltd,Christineton,63364,AL,740 Suarez Garden,001-573-551-0909
311,2696,US,Meyer Ltd,Lake Brandi,90326,MD,6936 Woodward Station,(539)418-9009x1807
311,2697,US,Stone Ltd,Davidland,80940,NM,8607 Shawn Street,954.950.7568x6804
311,2698,US,"Zavala, Armstrong and Norman",North Lisaborough,73908,WY,787 Beth Walks Apt. 392,817-305-9466
311,2699,US,Sampson-Wells,Caldwellborough,67337,OR,9481 Elizabeth Street,(629)454-0054x530
311,2700,US,Mitchell Ltd,Port Christopher,55354,WA,1899 Johnson Locks Suite 029,+1-816-487-8332
311,2701,US,Smith and Sons,Williamview,62853,DC,5152 Brianna Trace,862.230.8172
311,2702,US,Jordan-Martinez,North Kyle,10453,MA,207 Timothy Ranch Suite 994,+1-801-989-8926x6293
311,2703,US,Brown-Pena,Robertton,04582,WY,295 Johnson Hills,001-235-953-4176
311,2704,US,"Beasley, Boyd and Long",South Jessica,80496,DE,09846 Sharon Overpass Suite 741,(246)433-4419x012
311,2705,US,"Jones, Harris and Johnston",Port Brian,58664,KS,55972 Michael Island,(927)719-2680
311,2706,US,Valdez PLC,Ellishaven,31435,MH,880 Hart Mount,338.928.7899
311,2707,US,Gonzalez LLC,New Julia,14393,MI,69928 Garcia Squares,5023397704
311,2708,US,Carter Ltd,Bryanborough,69965,NY,89971 Mitchell Islands,898-211-1809x816
311,2709,US,"Parsons, Hudson and Dickson",Lake Davidhaven,15099,ME,43840 Kristen Course Suite 403,759.769.0070
311,2710,US,Smith Group,Lake Travis,11349,OH,868 Brian Mills Suite 626,9947927453
311,2711,US,"Morales, Wilcox and Pierce",Aguirreton,93401,MO,041 Williamson Landing,+1-583-903-3500
311,2712,US,Long-Johnson,Markborough,73309,VI,710 Black Village Suite 317,667.723.1010
311,2713,US,"Marshall, Bates and Wright",East Alejandrofort,29809,AK,3481 Andrew Junction,3277257726
311,2714,US,"Dawson, Maxwell and Strong",Lake Francisfort,25422,MH,582 Lee Pine Apt. 280,757.262.3623x91613
311,2715,US,Collins Ltd,Sherrimouth,99575,HI,8708 Philip Village Apt. 572,001-589-982-0541
311,2716,US,"Bruce, Chaney and Thompson",East Samuelfurt,37682,IN,695 Bruce Loop,641.916.0201x22125
311,2717,US,Young Group,Zacharyport,66869,OK,698 Jacqueline Expressway,609-313-5781x37421
311,2718,US,Christensen-Johnson,Davidville,08483,WV,0598 Richard Creek Apt. 447,001-861-349-4340x5013
311,2719,US,"Torres, Byrd and Gillespie",Shawnmouth,34231,UT,35589 Martinez Valley Suite 505,(424)411-0871x540
311,2720,US,"Frederick, Chambers and Roberts",Jacksonmouth,21418,MN,354 Moran Ramp Suite 726,248.955.0023
311,2721,US,Larson Group,Roweburgh,71511,MO,98285 Joseph Manor Apt. 094,241.302.3013
311,2722,US,Sanchez Group,East Carla,72888,MT,666 Olson Harbor Apt. 539,222-719-0436
311,2723,US,Duncan-Adams,South Kristina,92455,ME,6944 Deborah Stravenue Apt. 067,8993053032
311,2724,US,Davis-Bernard,Garciaview,03090,TX,6463 Donald Inlet Apt. 144,001-397-890-5735x8054
311,2725,US,Garcia PLC,Port Scott,47320,AZ,9215 Cheryl Burg,+1-505-506-7481x79890
311,2726,US,Suarez PLC,South Michael,84523,TN,01217 Cheryl Squares,249-857-1813x4102
311,2727,US,Nolan PLC,Port Jennifermouth,28395,MT,67076 Castillo Avenue,(958)591-2717
311,2728,US,Sanders Ltd,Jenniferfort,70541,WV,52894 Robert Shore,001-886-931-8552x567
311,2729,US,"Gonzales, Keller and Smith",Sandraville,11122,NE,115 Keith Route Suite 242,(299)969-6976x86990
311,2730,US,"Thompson, Shaffer and Wilson",West Dannybury,65523,OR,0497 Jason Freeway Suite 103,511-255-7701
311,2731,US,"Barrett, Romero and Salazar",New Henryview,45903,MS,943 Angel Flat,5227393540
311,2732,US,Miller-Foley,Tamiview,64232,GA,121 Kent Station Suite 735,954-896-0660
311,2733,US,Adams-Davis,Jasonfurt,84623,GU,8549 Peterson Spur,879-280-0583x26973
311,2734,US,Blanchard-Hall,North Scotthaven,83281,FL,095 Victor Gardens,001-332-885-9683x451
311,2735,US,"Jones, Brown and Bryan",Christopherville,28906,NY,26293 Hines Pass,+1-234-699-6052
311,2736,US,"Gardner, Barron and Thomas",Maldonadoland,97123,ID,58694 Chloe Village Suite 188,(899)317-8076
311,2737,US,King-Padilla,Lake Stephaniechester,14310,PW,01365 Dylan Branch Apt. 635,769.813.6472x598
311,2738,US,"Nelson, Shepherd and Higgins",New Rachel,79359,NC,54143 Cody Unions Suite 267,263.625.1531
311,2739,US,"Walker, Weaver and Carter",North Arthur,05293,GA,047 Carter Turnpike Suite 691,913.459.5184x691
311,2740,US,"Turner, Morrow and Thomas",New Susanberg,64613,GA,98783 Jesus Centers Suite 559,861.335.5220x227
311,2741,US,"Burns, Tapia and Johnson",Port Georgeton,72728,MI,172 Payne Station Apt. 311,001-789-468-3540
311,2742,US,"Nguyen, Sanders and King",Johnsonmouth,52453,ME,90088 Meza Unions,001-515-872-7506
311,2743,US,Hernandez PLC,Port Katrina,43580,AL,86531 James Points Suite 842,4942184446
311,2744,US,Vincent-Lopez,Wendyfort,83770,FM,73139 Margaret Corners Apt. 808,001-229-538-0743x85729
311,2745,US,Gamble Ltd,Cookville,42099,FM,7337 Jones Motorway Apt. 778,001-976-259-7324x605
311,2746,US,Smith-Taylor,North Carmenmouth,01877,VA,368 Mark Circles Suite 024,+1-455-426-7469x3443
311,2747,US,Pierce Group,Port Charles,26247,AL,732 Kimberly Hollow,484-400-0453x4446
311,2748,US,Rivers-Mckee,New Charles,20624,NJ,3347 Jackson Brooks,684-643-7628x255
311,2749,US,"Martin, Clarke and Crawford",Diazside,65034,NE,30087 Brian Drive Apt. 591,(893)718-2446x4956
311,2750,US,Wolfe-Smith,South Ronaldberg,37162,AS,30961 Steven Fork Suite 857,+1-749-541-8442x654
311,2751,US,Michael-Richardson,Josephport,11293,MA,4915 Gilbert Estate Suite 185,+1-389-676-8116x55089
311,2752,US,"Brown, Warren and Henderson",Port Nathanview,73170,WV,48690 Michelle Drives,(678)922-4909x3427
311,2753,US,"Phillips, Morris and Martin",West Matthewmouth,53731,HI,937 Brittany Island Apt. 043,7169042637
311,2754,US,"Rodgers, Villegas and Case",Peterhaven,48016,NY,6050 Harrison Ranch Suite 539,(791)688-1940
311,2755,US,"Hinton, King and Barber",New Sara,92573,MP,8058 Brent Lights,+1-620-654-2602
311,2756,US,Mccarthy Inc,Robbinshaven,37407,RI,74368 Weaver Bypass Suite 013,001-942-323-5504x405
311,2757,US,Holloway Ltd,Andersonhaven,84994,AZ,11041 Stephanie Pass,360.349.6022x50920
311,2758,US,"Weaver, Nguyen and Martin",South Donaldberg,64675,AZ,612 Elliott Trafficway,297.360.4027x183
311,2759,US,Williams Ltd,Tinastad,19702,MA,03518 Joshua Island Suite 649,878-697-9269x1161
311,2760,US,Reyes-Santiago,East Ryan,29757,TN,829 Gordon Row,001-476-882-4584x85166
311,2761,US,Cooper LLC,Heatherport,43764,HI,54168 Kendra Crest Suite 214,623.280.3270x554
311,2762,US,Washington LLC,Port Glennbury,20928,AL,920 Lynch Bridge Suite 266,436-776-3485
311,2763,US,"Blanchard, Franklin and Edwards",East Heatherville,20111,AK,27968 Richardson Port,(252)711-7780x0281
311,2764,US,"Stuart, Lewis and Smith",North Nicholas,94446,DE,0214 Linda Road Apt. 783,701-507-7250x210
311,2765,US,Schultz Ltd,Port Williamborough,67069,SC,135 Krista Tunnel,311-987-2742x933
311,2766,US,Reynolds-Jones,Rollinsville,15439,MN,955 Escobar Springs Apt. 780,+1-885-457-6341
311,2767,US,Walker-Santana,Anthonyburgh,92006,IL,93045 Ponce Harbors Apt. 298,(203)477-9054x25317
311,2768,US,Ford-Washington,North Sharon,82998,PR,887 Amber Motorway Apt. 650,8318235483
311,2769,US,Flores PLC,Henryside,28080,FL,530 Chad Junction,001-352-223-9315
311,2770,US,Terry-Stephens,Bobbyfort,74814,NJ,81089 Angela Parkways,308.398.5000x388
311,2771,US,"Frey, Anderson and Johnson",Johnsonfurt,04313,ID,4961 Richard View,6728807934
311,2772,US,"Gray, Smith and Riley",East Jasonshire,32116,NV,4600 Rollins Common,+1-249-623-5920x273
311,2773,US,"Molina, Burns and Foley",Marcuston,14461,ME,01116 Johnson Key Apt. 210,753.753.5423x6537
311,2774,US,"Baker, Davis and Reid",South Laura,41143,HI,148 Chase Locks Apt. 894,(858)354-7398x9301
311,2775,US,Best PLC,West Henry,17478,PW,50716 Susan Drive,001-217-711-4675x30157
311,2776,US,West-Johnson,West Johntown,19652,WI,679 Emily Crossroad Suite 404,(783)624-2009
311,2777,US,Williams PLC,Davidmouth,79871,UT,6426 Jennifer Station Apt. 132,(362)812-7414x055
311,2778,US,"Mejia, Francis and Mcdonald",New Casey,16715,TX,349 Miller Wells Suite 648,282.607.9520x757
311,2779,US,"Waters, Cruz and Patel",Lake Melissa,11036,MH,03763 Tony Harbors Apt. 674,812.918.2725
311,2780,US,Dudley Ltd,Stewartborough,85070,CT,416 Murray Street Suite 609,857-354-1579
311,2781,US,"Green, Hernandez and Mayer",West Devin,72221,GA,788 Kaiser Drives,853.942.2132
311,2782,US,"Willis, Valenzuela and Robinson",Ashleyside,83719,OR,99394 Kelly Landing Apt. 443,(780)319-4094
311,2783,US,Chavez-Johnson,South Charlesport,66364,OR,505 Gabriella Villages Suite 236,+1-807-668-2637x40685
311,2784,US,Diaz-Taylor,West Michelleberg,38318,ND,6546 Lewis Pass Suite 930,001-370-404-6660x5226
311,2785,US,Washington-Gonzalez,West Eugenefurt,35601,VT,919 Jessica Views,406.369.3548x910
311,2786,US,Baker Inc,West Lawrenceside,14047,MO,83399 Smith Highway Apt. 563,(477)903-6193
311,2787,US,Keith-Stewart,Dillonside,62284,MI,4379 Morse Tunnel,001-375-325-4217
311,2788,US,Fox-Dawson,Ashleyburgh,98368,MS,9459 Mark Forest,354.299.0495x114
311,2789,US,Smith PLC,Olsenburgh,49774,OK,9471 Trevor Ramp,(566)969-5981
311,2790,US,"Smith, Riley and Simpson",Lake Daniel,24796,WV,9707 Davis Port Suite 674,2029867416
311,2791,US,Hodges PLC,Brandonview,62915,ND,5661 Nichole Road,(640)282-8727
311,2792,US,Collins-Patrick,New Aliciaton,33913,LA,607 Stephanie Valleys,(275)787-9432
311,2793,US,Johnson Inc,Elizabethfurt,44542,PA,075 Glover Trail Suite 422,936.406.9434
311,2794,US,"Rhodes, Riley and Bates",North Michelle,17523,OK,617 Shelly Pine Suite 481,+1-382-464-9094
311,2795,US,Oneal-Webb,Ronaldborough,04894,WV,5840 Lee Parkways,001-743-666-6470
311,2796,US,"Kennedy, Leon and Riley",Wilsonton,57734,PA,0713 Julie Burgs Apt. 878,327-924-4069x53517
311,2797,US,Cline PLC,East Chris,32987,DE,36132 Andrew Track Apt. 959,208-774-9503x3467
311,2798,US,Barron-Harris,Danielport,08388,HI,9562 Claudia Pass,661-580-2882x3988
311,2799,US,Harrison-Martinez,North Williamland,73230,UT,75309 Martin Spur Apt. 486,+1-418-720-4129
311,2800,US,Oconnell PLC,East Caleb,34004,UT,6863 Kyle Point Suite 041,451-366-9553
311,2801,US,"Garcia, Vazquez and Shelton",Marieview,86614,NC,8899 Victor Underpass,473.309.8392x228
311,2802,US,"Krueger, Smith and Wilson",Sarahborough,35786,TX,71932 Mark Course Suite 791,250.964.1977x32036
311,2803,US,Rivas PLC,Johnsonborough,59801,MP,5767 Byrd Crest Suite 131,001-292-299-3223x947
311,2804,US,Gomez Group,Wilsonfurt,86791,MO,8568 Laura Camp,001-299-673-4829
311,2805,US,Smith-Ward,East Joanna,83570,MO,56259 Hernandez Walk,670.791.4428
311,2806,US,"Jacobson, Davis and Cohen",Smithfurt,87072,WV,133 Paige Park,526.429.2875x045
311,2807,US,"Moreno, Petersen and Turner",Lindseyhaven,08585,DC,6998 Hunt Fields Suite 251,001-308-796-6417x28855
311,2808,US,"Murphy, Harper and Jefferson",Jamesstad,22551,IL,14611 Brian Stravenue Suite 597,001-494-522-3413x2426
311,2809,US,Stewart-Gilbert,Morrisview,47334,UT,35661 Lee Stream Suite 417,001-565-470-7794x91200
311,2810,US,Oneal-Valdez,Leetown,23661,CO,870 Valerie Drive Suite 671,938.323.3797x1302
311,2811,US,"Gomez, Robinson and Clements",East Ryan,05744,CO,363 Brooks Fall Suite 420,+1-660-302-1912
311,2812,US,Schneider-Branch,Montgomerychester,68741,ND,8932 Cynthia Mission,+1-648-948-7415x2031
311,2813,US,Dickson-Byrd,Port Nicolasfort,40396,NM,366 Freeman Passage,944.499.8564
311,2814,US,Richardson-Ferrell,Stewartstad,41660,MO,9233 Luis Manor,001-291-530-6831x29285
311,2815,US,Cabrera-Lee,Christinafort,98285,AZ,1515 Michelle Underpass Suite 217,3083781329
311,2816,US,Collier PLC,Lake Krystal,79905,ND,58273 Juarez Rapids Suite 598,001-689-720-8582
311,2817,US,Odonnell-Smith,Lake Cody,31533,GU,3359 Gibson Road,(412)425-3769x848
311,2818,US,"Green, Davis and Brown",Micheletown,86910,NV,015 Walker Prairie,580-475-7644
311,2819,US,Trevino and Sons,North Elizabeth,65982,GU,32893 Kerri Canyon Suite 988,4693440637
311,2820,US,"Lewis, Jordan and Joseph",Lake Nathanburgh,96815,OH,49638 Michael Lane,+1-571-569-9175x541
311,2821,US,Robertson LLC,North Deborahtown,05524,CO,589 Daniel Union,543-742-4941x561
311,2822,US,Summers-Bennett,South Jameshaven,60798,MA,6191 Kimberly Rest Suite 904,001-901-527-2419x7502
311,2823,US,Spencer Group,Michaelside,92336,MI,75777 Tran Flat Apt. 186,233.272.6568x372
311,2824,US,Edwards-Lara,Michaelland,43483,CA,827 Jeffery Unions Suite 021,921-472-1998x9823
311,2825,US,Scott PLC,East Victoria,34179,WA,071 Tina Stream,502.453.0072
311,2826,US,Castaneda-Bowman,Josephview,36954,AR,37488 Brown Junction Suite 800,(472)552-9449x309
311,2827,US,Houston Ltd,North Michael,87771,GA,32018 Joseph Throughway,(426)345-6098x0787
311,2828,US,Walker PLC,Tomton,40755,AR,74930 Mary Spurs,382.795.5363
311,2829,US,"Yates, Ford and Stein",Vaughanbury,73357,VT,7260 Jason Via Suite 063,(999)799-0670x231
311,2830,US,Suarez Inc,West Johnberg,14084,NE,96522 Laura Ports,364.847.1334x18129
311,2831,US,"Chung, English and Ferrell",West Melanie,55166,WY,81848 Fox Village,(277)971-1090x9332
311,2832,US,"Sanders, White and Horn",North Paul,49092,NE,591 Gamble Cliff,(782)209-1003x667
311,2833,US,"Daniels, Fitzpatrick and Hall",Gibsonmouth,90243,SC,58936 Kennedy Row,558.568.5873x25744
311,2834,US,"Mcbride, Terry and Moore",West Karen,99914,KS,399 Christopher Station,(986)421-1375x96488
311,2835,US,Bennett PLC,Kellerborough,74144,LA,182 Rubio Radial,+1-354-490-0103x8012
311,2836,US,Chen-Roberts,East Brian,75485,NV,959 Laura Summit,803-639-2132x8390
311,2837,US,Good LLC,West Paulshire,29256,MN,03994 Jessica Squares,733-303-4228
311,2838,US,"Stanley, Martin and Roberts",West Sara,50861,MA,948 Ortiz Shores,555-369-9033x6545
311,2839,US,"Peterson, Parker and Turner",Woodport,83840,IA,3329 Brown Walks,220.661.1217
311,2840,US,Wells Group,Anthonyside,37458,ID,2417 Chapman Ridges,482.276.9817x164
311,2841,US,"Sharp, Stokes and King",South Leslie,10029,TN,7842 Wilson Squares Apt. 658,+1-678-971-1967
311,2842,US,Peterson-Robinson,South Dylanmouth,80894,NJ,6999 Bell Junction,803-828-9262x4753
311,2843,US,Castro-Krueger,New Shelley,40693,MT,455 Watson Cliffs,475-359-5839
311,2844,US,Alexander-Vargas,Danielleport,50566,MH,956 Lopez Alley,255.944.3644x93747
311,2845,US,"Odonnell, Nolan and Marquez",New Katherine,88474,VA,169 Martinez Lakes Suite 628,001-848-406-3351
311,2846,US,"Sullivan, Green and Trujillo",New Samanthachester,60208,MS,77200 Jeremy Walks Apt. 939,8204014501
311,2847,US,Stark-Abbott,Aarontown,81407,AZ,2247 Kevin Via,530-256-9605x8082
311,2848,US,Ross PLC,Lake Wayne,51980,ID,5642 Peter Walk Apt. 759,201.719.0804x794
311,2849,US,Ewing PLC,Zacharyhaven,66988,DC,120 Stephanie Estates Suite 811,516-489-5065x731
311,2850,US,"Morgan, Murphy and Taylor",Bakerberg,68706,MO,7190 James Field Suite 828,001-478-208-9707x947
311,2851,US,Orr-Anderson,Lake Troystad,84480,AZ,92776 Flynn Field Apt. 124,+1-709-986-0436x6899
311,2852,US,Campbell Inc,Jeremychester,33312,DC,64219 Sanchez Inlet,(510)387-5986x0786
311,2853,US,Campbell LLC,Reevesshire,20581,VI,248 Thomas Isle Apt. 606,001-214-903-5195x730
311,2854,US,Jenkins-Esparza,West Abigail,39723,ND,114 Smith Locks,553-734-9569x2401
311,2855,US,"Collier, Hansen and Hamilton",Robertport,68777,FM,852 Amy Expressway,787-743-2362x9825
311,2856,US,Davis LLC,South Alexaview,99089,GU,06794 Terry Village,899-412-0111
311,2857,US,"Lopez, Vazquez and Moss",Joanneview,15691,VI,397 Jody Ridges,904.792.2105x6121
311,2858,US,Cox LLC,Powersmouth,70475,ND,9944 Anderson Landing,221-220-8655
311,2859,US,Johnson-Jensen,North Michael,71623,ME,63441 Rodriguez Forks Suite 124,9362012782
311,2860,US,"Randolph, Henry and Williams",Albertfurt,31460,GU,8879 Peterson Ports Apt. 006,(591)469-6708
311,2861,US,Daniels PLC,Port Michael,72284,ID,01704 Morales Canyon Apt. 381,(906)603-2612x4433
311,2862,US,"Peck, Reed and Hunter",Donovanburgh,63577,VI,7072 Hamilton Isle,+1-799-779-8968x620
311,2863,US,Gray and Sons,East Paul,68991,IA,33919 Taylor Run Suite 702,+1-374-589-2823
311,2864,US,Benitez PLC,Liuville,18537,IA,5533 Garcia Way,396-646-8467x1947
311,2865,US,Hopkins PLC,Christopherchester,15702,SD,40539 Bryant Drive Apt. 133,001-936-314-3456x486
311,2866,US,"Chung, Peterson and Garza",Fryetown,27280,IL,60462 Crystal Bypass Suite 014,(275)752-6354
311,2867,US,Robles-Miller,South John,34357,PA,457 Nathan Manors,001-869-391-4982x50461
311,2868,US,Jones-White,West Laurafort,14654,CO,3069 Ricky Villages Suite 131,(812)598-8746
311,2869,US,Garcia-James,Lake Karen,25436,LA,119 Philip Ford Apt. 090,(358)822-8300x94634
311,2870,US,"Howard, Perkins and Alvarado",South Erikaside,90295,OR,9088 Bryan Ville,8307827363
311,2871,US,Ruiz-Brooks,Gomezview,24089,AZ,227 Smith Row Suite 465,001-667-301-6299x8858
311,2872,US,Haney-Howard,Brittanyview,38532,DE,605 Michael Mill Apt. 499,001-285-203-0838x9244
311,2873,US,"Decker, Cantu and Camacho",Ericland,73773,AS,23074 Roberts Squares Suite 340,507-749-0257
311,2874,US,"Ellis, Martin and Lamb",Patriciachester,58643,LA,9325 Nicholas Union Suite 427,+1-201-889-7239x8587
311,2875,US,Ortiz-Flores,Zacharystad,29773,AZ,6867 Angel Villages,9005953656
311,2876,US,Lopez-Leon,Wagnerfort,50988,CA,844 Larry Land,936.902.8690
311,2877,US,Maddox-Schaefer,Schmidtfort,26591,MN,6342 Reilly Keys Suite 462,8667527359
311,2878,US,Moore-Cunningham,Port Brettland,65879,VT,666 Fletcher Crossing Suite 630,+1-275-292-5797x7668
311,2879,US,Jackson and Sons,East Stevenchester,99311,MA,55857 Natalie Curve,840.621.1990
311,2880,US,Wilkerson Group,Ellisshire,37839,KS,749 Elizabeth View Apt. 503,382-873-6921
311,2881,US,"Chang, Reeves and Proctor",Port Anthonyfurt,52209,MP,9380 Angela Radial Apt. 781,001-278-295-2786x903
311,2882,US,Reed-Jackson,Drakeville,97132,MT,61370 Wesley Walks Apt. 107,455.927.8451
311,2883,US,"Padilla, Smith and Snow",Lake Vincent,70687,IL,877 Rodriguez Throughway Suite 797,+1-980-486-8476x25996
311,2884,US,Gonzalez Group,Lake Taylorshire,13288,FM,1020 Todd Mews Suite 118,+1-847-647-1799x388
311,2885,US,"Tucker, Ryan and Webster",West Peter,72149,NV,685 Jones Fork,327-773-1528
311,2886,US,"Middleton, Ramirez and Lee",Bowmanberg,78308,MP,516 Cassandra Squares,351-928-5891x3089
311,2887,US,"Terrell, Pratt and Glover",Catherinehaven,59065,FL,343 Megan Road Suite 741,(971)823-9889x1399
311,2888,US,"Schmidt, Hunt and Obrien",Port Joshua,65046,DC,367 Martinez Street Suite 637,308-597-3356
311,2889,US,"Mcintyre, Smith and Cook",Tylershire,49542,MP,3077 Lynn Crest,971.663.4578x48399
311,2890,US,Lewis and Sons,Port Jenniferborough,89762,PW,9297 Scott Causeway Apt. 247,301-303-8333
311,2891,US,Lawrence Group,Brewerview,45006,HI,696 Jennings Shoal Suite 282,376.563.7883
311,2892,US,Meyers Group,Webbberg,83470,IL,689 Wiley Village Apt. 383,001-864-854-8273x95481
311,2893,US,Ramirez PLC,Flowersville,04070,NY,968 Christine Inlet,+1-459-709-4721x5563
311,2894,US,Brooks PLC,Deborahhaven,17553,MH,40238 John Turnpike,+1-849-209-8731x33125
311,2895,US,"Cruz, Rios and King",South Victoria,76002,MH,5701 Martin Pass Suite 398,001-874-657-3641x492
311,2896,US,"Smith, Hansen and Waters",North Dianeshire,04078,FM,10796 Sarah Lock,+1-302-405-1093x282
311,2897,US,"Kelly, Castro and Howard",Port Davidshire,66048,CA,2833 Amy Junction,878-267-9630x23598
311,2898,US,Brown Inc,Elizabethhaven,27033,MI,415 Stephen Knolls,(833)757-0191
311,2899,US,Elliott PLC,South Marystad,13374,MI,0127 Smith Crescent,(796)676-4249
311,2900,US,Gutierrez-Miller,Port Mary,39738,NH,13258 Melanie Lodge,829-827-0653
311,2901,US,Thomas Ltd,North Krystalborough,61064,MH,148 Eric Trace,+1-683-258-7474x412
311,2902,US,Sanchez-Green,East Maria,98330,VA,58270 Jonathan Wells,001-552-485-9234x463
311,2903,US,Jones PLC,Timothyland,09771,NM,396 Lisa Corner,001-790-810-7623x785
311,2904,US,Rodriguez-Robinson,North Ryanport,30045,AZ,20663 Jody Mission,895.689.4832
311,2905,US,"Rasmussen, Nelson and Martinez",Wrightmouth,77842,MT,82331 Kennedy Way,364.993.3546
311,2906,US,"Griffith, Bryan and Anthony",Hickmanmouth,73260,NM,6866 Brooke Loaf,+1-585-607-5663x8623
311,2907,US,Carrillo Inc,South Ashleystad,70739,MP,495 Estrada Center,756.723.8025
311,2908,US,Mckay-Miller,Patriciaborough,20209,TN,46747 Denise Ford Suite 561,+1-604-924-4624x167
311,2909,US,Moreno-Jacobs,Kimberlyside,30685,OK,48318 Rebecca View Apt. 181,685-206-1879x9634
311,2910,US,Thornton-Moss,West Theodore,77911,WY,229 Patel Ford,001-209-791-7922x93989
311,2911,US,Nash-Martin,Beckerfort,04816,MI,037 Regina Club Suite 247,(765)390-5349x75744
311,2912,US,Rodriguez Ltd,Ashleyview,45052,MN,5623 Mariah Motorway Apt. 401,464.935.7161x70297
311,2913,US,Brown and Sons,Michaelmouth,89855,LA,726 Joseph Grove Suite 839,417-857-2308x961
311,2914,US,"Campbell, Huerta and Bailey",Christopherborough,62412,DC,2382 Amy Drives,665-484-6637x68287
311,2915,US,"Maddox, Sloan and Ramirez",Odonnellstad,74965,SC,158 Natalie Trafficway,499-647-6627x387
311,2916,US,"Daniels, Lee and Contreras",East Daniel,54050,PR,75361 Harris View,(399)653-7688x2409
311,2917,US,"French, Archer and Heath",Juliamouth,03190,IA,899 Yvonne Way Apt. 926,001-649-692-8982x174
311,2918,US,Carr-Romero,Webbshire,16894,WA,21961 Lopez Wells,4014029271
311,2919,US,"Montgomery, Smith and Logan",Parkerfort,45609,AK,0461 Sarah Crossroad Suite 714,216-873-9645
311,2920,US,Copeland-Miller,Whitneyville,13337,NH,9693 Daniel Ridge Apt. 973,001-552-273-6741
311,2921,US,"Nelson, Howard and Terrell",Kingview,18474,GU,83739 Linda Stravenue Apt. 713,(659)610-6183x55496
311,2922,US,Michael-Smith,Port John,47539,PA,1072 Page Shoal Suite 702,489.629.2147x6228
311,2923,US,Grant and Sons,Lake Leahhaven,38273,WY,75926 Hudson Forge Suite 888,388-728-1889x66727
311,2924,US,Ortega PLC,West Rodneystad,99328,WV,057 Ryan Freeway,+1-592-282-9811x8624
311,2925,US,"Lam, Davis and Klein",Lake Gailborough,95068,NC,0306 Sullivan Junction Suite 751,+1-242-838-1490
311,2926,US,Mcclain-Allen,East Michael,14867,VI,22377 Gomez Centers Suite 495,(622)449-8679
311,2927,US,Smith Ltd,Wandaburgh,64944,NJ,30937 Edwin Viaduct Suite 291,001-540-722-6808x146
311,2928,US,Schroeder-Ware,Spearschester,82463,PR,0791 Kayla Village Suite 057,+1-911-532-7235x6625
311,2929,US,Rojas Ltd,Riceport,46230,AS,5201 James Alley Suite 737,994-902-0712
311,2930,US,Benitez-Howell,North Ronniefurt,06069,NC,821 Sean Lock,(575)252-9327x673
311,2931,US,Horne PLC,Port Aaron,38451,ND,11608 Brewer Curve Apt. 649,620-627-8183x252
311,2932,US,"Barron, Glover and Haney",South Nicolechester,72977,DC,5671 Sarah Club,(648)644-1715
311,2933,US,Dickerson Group,New Brittanyfort,92518,ND,52349 Gail Run,726.599.5191x3205
311,2934,US,Baker-Ewing,Zacharyview,69144,HI,4233 Lane Port Apt. 914,001-972-400-8091x2573
311,2935,US,Williams Group,Cummingsbury,28157,NY,6525 Stevenson Brook,353-743-5356x50267
311,2936,US,Adkins Ltd,Matthewview,01410,LA,927 Carlos Shoals Apt. 790,779.880.4186x56738
311,2937,US,"Turner, Wade and Meyer",Lake Andrewville,87965,DC,390 Rich Forge Apt. 159,(636)604-0245x1719
311,2938,US,Anderson-Gilmore,West Jeremybury,66330,PA,10528 Jacob Shores Suite 349,001-458-475-6744x363
311,2939,US,Thornton-Walker,Stephaniemouth,63115,NY,3226 Woods Common,718-973-4777x8426
311,2940,US,"Stone, Bowers and Perez",North Cesar,13320,TX,42308 Angela Stravenue,001-472-560-3463x17890
311,2941,US,Kirby-Sanchez,Phamchester,76422,OR,178 Harmon Brook Apt. 745,688.232.2197
311,2942,US,Hicks and Sons,North Richard,35622,IA,59018 William Brook,(310)450-2538
311,2943,US,"Neal, Anthony and Mitchell",Cochranstad,83547,MA,665 Blackwell Islands,001-621-980-8595x44863
311,2944,US,Hunt and Sons,Yvonneton,52049,TN,109 Cardenas Way,527-661-9880x24274
311,2945,US,Figueroa LLC,West Jeffery,42998,VA,8148 Hall Spur,(583)918-5924x9347
311,2946,US,Flores Group,Gonzalezchester,30993,OH,6190 Paul Roads Suite 258,997.472.6257x6229
311,2947,US,Hunt-Olsen,West Marcus,48005,IN,42009 Susan Station Suite 952,+1-307-707-7188
311,2948,US,"Edwards, Erickson and Mckinney",South Briana,27503,MN,55916 Holden Fields Suite 967,3974389391
311,2949,US,"Davis, Smith and Castro",Port Christopherhaven,84588,SD,2063 Simpson Shoals,934-440-4890x217
311,2950,US,Bryant LLC,Andersonberg,62624,NE,91172 Ann Trafficway Suite 519,+1-728-570-4859
311,2951,US,"Elliott, Arnold and Woods",Garciachester,76543,NJ,687 Mcdowell Greens,001-911-384-7629x7494
311,2952,US,Le-Webb,Port Laurenburgh,92234,NV,309 Daniel Tunnel Suite 730,652-831-9134x3757
311,2953,US,Greer-Gray,Dustinside,52842,MS,5070 Gonzalez Passage Apt. 442,602-609-0167
311,2954,US,James Inc,West James,42758,NY,0685 Heather Pike,001-913-952-4624x7021
311,2955,US,Anderson and Sons,Lake Ronald,95417,OR,9109 Dorothy Curve Apt. 896,001-358-625-1749
311,2956,US,Diaz-Duncan,West James,39586,MT,8119 Taylor Stream,(713)577-5342x45912
311,2957,US,"Gray, Cooper and Benitez",Cohenborough,25730,DE,5939 Janice Centers,001-877-208-3954x06351
311,2958,US,"Romero, Collins and Davis",Victoriaview,73623,ID,386 Jessica Islands,001-851-828-1218x407
311,2959,US,Wright-Lowery,West Ashleytown,59181,OH,3361 Smith Manors,001-830-525-8366x8240
311,2960,US,"Holmes, Hall and Mitchell",Oconnellland,14600,NM,538 Powell Port Suite 644,231.225.4756
311,2961,US,Chavez and Sons,Fosterburgh,37692,DE,198 Jessica Trail Apt. 507,+1-253-873-3502
311,2962,US,Sharp-Becker,Lake Amy,17764,PW,146 Ayala Lane Suite 149,438.664.8878x87381
311,2963,US,Richardson-Hurst,Penningtonton,85073,GU,9124 Knight Brooks,(259)368-1664
311,2964,US,Adams-Willis,North Jennifertown,89981,HI,833 Debbie Union Suite 714,(970)731-2869x13214
311,2965,US,Barajas and Sons,Mistyside,56464,ID,21705 Scott Isle,480.947.9941x264
311,2966,US,"Hayes, Richardson and Fitzpatrick",South Kimberly,50936,MT,016 Vazquez Plains Apt. 476,(722)414-7119
311,2967,US,Kramer-Bailey,North Philip,58166,VI,95447 Kelly Manors Apt. 542,271.385.5168x770
311,2968,US,"Nelson, Ramirez and Jordan",East Mikemouth,97244,NE,56405 Lewis Fall,(925)538-6181
311,2969,US,King and Sons,New Loriton,95970,HI,8183 Morrison Curve,689-271-3738x872
311,2970,US,"Hartman, Kramer and Evans",East Jonathan,45457,AZ,113 Kara Plains Apt. 813,797.324.1742x2654
311,2971,US,Rodriguez and Sons,Port Debraville,29401,TN,0781 Mcmahon Meadow,+1-763-727-5934x87553
311,2972,US,"English, Ryan and West",Sanchezbury,68876,MP,4297 Soto Drives Suite 417,(439)967-7536x210
311,2973,US,Burgess PLC,North Scottshire,08411,FL,5670 Sawyer Orchard Apt. 214,545.350.1482x3479
311,2974,US,"Adams, Cook and Neal",Justinland,59246,AR,8367 Ibarra Springs Suite 968,001-279-292-8630x8253
311,2975,US,Baker-Brown,Vazqueztown,35815,AR,222 Williams Shoals Suite 660,001-264-206-4627x88663
311,2976,US,Gonzalez and Sons,Richardsonmouth,66588,AR,6775 Tiffany Ford Apt. 297,355.329.6489x39886
311,2977,US,Chapman LLC,Jerryton,43071,KY,2558 Kristin Passage,978-569-7728
311,2978,US,Johnson-Garcia,North Emilystad,28268,MI,952 Shaw Center,8965318009
311,2979,US,Daniel Group,Salinasstad,81704,IN,50103 Alex Court Suite 873,4195244189
311,2980,US,Patel-Hernandez,Stevenstad,86263,MD,1528 Campbell Track,001-259-487-1196
311,2981,US,Pollard PLC,Danielsland,83633,FM,839 Sharp Parks,001-952-671-2904x24082
311,2982,US,Garcia-Rice,Shortport,31161,IL,09009 Ricardo River Apt. 390,910-540-6331x476
311,2983,US,Williams PLC,South Kellyfurt,10275,VI,8530 Brennan Via,346.231.9452x362
311,2984,US,Dunlap Inc,Peckview,29911,NY,1263 Deanna Rue Suite 237,+1-463-445-9626x3535
311,2985,US,Warner-Green,South Ronaldchester,06608,FM,4592 Adams Ports Suite 176,824-393-2738x4887
311,2986,US,Boyer Ltd,Cindyside,19107,FM,69087 Susan Corners Suite 285,502.808.2064x60288
311,2987,US,"Ward, Ferguson and Johnson",West Lorihaven,01554,KS,398 Denise Pass,(496)275-0446x43077
311,2988,US,Bates-Williams,New Stephanie,91784,NH,809 Perez Mount,976-693-0451x0583
311,2989,US,"Rush, Hunt and Williams",Nancyport,18799,MN,868 Linda Keys,(307)378-8439x950
311,2990,US,Salazar-Klein,West Tara,22684,NE,87905 Walker Summit Suite 778,708-681-3057
311,2991,US,Smith and Sons,South Sheenafurt,20972,CA,238 Richard Corner,224-832-9429x284
311,2992,US,Rivera-Hall,Veronicaburgh,39670,NV,97357 Amanda Vista Apt. 853,723.619.5121
311,2993,US,"Schmidt, Alexander and Douglas",Williamsmouth,41329,WI,4090 Rodriguez Grove Apt. 563,708-223-2111
311,2994,US,"Travis, Hammond and Mercado",Erinhaven,55499,SD,141 Robinson Isle,001-757-988-4145x74735
311,2995,US,"Newman, Flores and Cruz",South Lisabury,40260,FM,7987 James Trafficway Apt. 975,353.504.5370x747
311,2996,US,King and Sons,Bradleychester,11599,OK,279 Benjamin Shores,(304)975-7097x414
311,2997,US,English-Johnson,Lake Victoriastad,80801,PR,85719 Flores Corners,(844)478-5894x4397
311,2998,US,Paul Ltd,New Ashleyfort,34801,OH,420 Krause Via Apt. 395,990-547-7186
311,2999,US,Boyd Ltd,Thompsonburgh,30059,RI,1513 Lambert Corner,349.771.3641x254
311,3000,US,Mills Inc,Nelsonfort,91190,AS,97865 Shannon Fords Suite 252,+1-374-770-4657x17377
311,3001,US,Hodges-May,New Emma,00776,MO,981 Andre Wells,482.796.3553
311,3002,US,"Washington, Kelley and Boyd",Smithberg,18003,CA,446 Garcia Manors,001-316-569-4594x83074
311,3003,US,"Matthews, Wilson and Phillips",Jordanberg,19643,NY,3476 Brittany Court Apt. 713,+1-460-683-8921x662
311,3004,US,Waller Group,Richardfort,26456,NY,056 Alan Light Apt. 175,(926)892-3383x31246
311,3005,US,Meza-Dennis,Port Samuel,70923,OH,84384 Wilson Spurs,+1-769-681-3221x249
311,3006,US,Mcfarland and Sons,East Ericborough,55661,CT,3805 Rebecca Parkways Suite 277,434.504.6650x46382
311,3007,US,Gutierrez PLC,New Nicholasborough,91222,CO,71776 Roberts Loaf Apt. 035,(260)694-4697x89550
311,3008,US,Dean-Camacho,Andersonmouth,69720,RI,1682 Castro Way Apt. 928,308-771-7682
311,3009,US,Morrow-Morris,Pierceburgh,22972,PW,47141 Donna Locks Apt. 177,(926)201-8357x84170
311,3010,US,Green Inc,Parrishstad,73637,PW,6957 Hinton Island,(966)266-4155
311,3011,US,"Oliver, Williamson and Conley",Bryanside,99315,KY,174 Sandra Plaza Apt. 804,001-400-495-6394x453
311,3012,US,Schmitt Ltd,Melissamouth,11789,SD,1759 Stein Walk Apt. 364,296.521.9764
311,3013,US,"Levy, Sweeney and Wu",South Heather,58349,UT,42145 Gonzales Circles Suite 896,+1-455-320-8620x76694
311,3014,US,Johnson-Lambert,Port Amyhaven,74660,PW,5786 Bryan Way Apt. 816,860.820.9628
311,3015,US,Cantu LLC,Lake Kimberlyshire,65605,MI,61851 Dixon Road Suite 204,378.281.5814
311,3016,US,"Neal, Lopez and Price",Douglasstad,58925,MI,078 James Summit Suite 480,+1-748-973-4057x1798
311,3017,US,Dennis-Nash,Richardport,26152,CA,08258 Dawn Curve Apt. 516,001-228-216-7279x6641
311,3018,US,Anderson and Sons,Josephburgh,08623,TN,310 Heather Walk Apt. 890,637-679-9851x96528
311,3019,US,Roberts-Brown,Helenfort,61882,NE,903 Jessica Squares Suite 819,500-401-5969x35419
311,3020,US,Eaton PLC,South Kathleen,78003,MD,36626 Meza Mission Suite 157,001-489-393-7038x726
311,3021,US,Gordon-Conrad,Lake Stacy,10300,AS,8794 Stuart Rapid Apt. 257,(760)444-9092
311,3022,US,"Martinez, Williams and Richards",New Anntown,20871,MA,2348 Ramos Terrace,+1-812-744-9778x72685
311,3023,US,Morrow-Short,Haleyhaven,37163,IA,4342 Barnes Terrace,(322)703-9480x533
311,3024,US,Mcgrath-Clarke,Port Danielle,84327,GA,945 Amanda Village Suite 214,+1-657-295-7676x024
311,3025,US,Rodriguez LLC,East Katherine,42126,VA,803 Martin Cove Suite 887,+1-444-815-0568
311,3026,US,"Dunlap, Esparza and Alvarez",Lindseyshire,67331,MS,5422 Melissa Extension Suite 720,001-581-672-7552x589
311,3027,US,Cooper Group,Port Jermaine,59088,LA,112 John Island,816-473-7497
311,3028,US,"Wong, Williams and Davis",Kimberlyport,17418,IA,475 Petersen Mountain,902-778-0620x922
311,3029,US,Cox PLC,Jessicastad,20115,VI,45142 Sullivan Mews,371.409.9964
311,3030,US,Willis-Diaz,New Pamelaville,14487,WI,197 Brennan Meadow,+1-541-211-7234x660
311,3031,US,"Johnson, Young and Garcia",New Theresaland,70061,AR,3134 Obrien Coves,001-890-932-8717x18560
311,3032,US,Hill Ltd,West Rebeccabury,24574,AZ,73558 Morgan Club,8626128891
311,3033,US,King Group,Lake Robert,95199,AK,031 Andrea Branch,+1-809-416-6665x085
311,3034,US,Murphy-Rogers,New Pamela,11964,TX,042 Sanders Plaza,(313)679-7275x458
311,3035,US,Smith and Sons,Port Valerie,96700,VI,9992 Nelson Union Suite 621,(378)955-5760x58789
311,3036,US,Lewis-Obrien,New Peter,04910,PW,84958 Richard Ville,001-459-596-3188x71879
311,3037,US,Rodriguez-Kim,Port Ashleyhaven,51408,MH,0558 Kevin Motorway,001-512-225-1575
311,3038,US,"Wilson, Baird and Ryan",Ashleyberg,69640,OR,041 Tammy Walk,7976929362
311,3039,US,Baldwin Inc,Port John,58149,IL,0808 Amanda Falls,001-238-485-6566x54862
311,3040,US,"Downs, James and Zamora",Goodwinmouth,68460,AZ,48916 Arnold Squares,916-551-1639x9319
311,3041,US,"Perez, Sawyer and Dawson",Hicksbury,82232,NJ,0425 Ashley Junctions Apt. 903,9696569459
311,3042,US,"Walls, Edwards and Pollard",Robinsonstad,14558,MP,543 Rogers Fall Apt. 213,282-402-4633x8328
311,3043,US,"Soto, Fleming and Morris",Davidmouth,31347,WV,78458 Foley Plaza Suite 285,243.731.1647x8961
311,3044,US,Griffith Inc,Campbellborough,31638,OK,075 Kevin Freeway,001-431-359-9988x7046
311,3045,US,Morrison-Rubio,Wagnerbury,06466,DE,606 Miller Well,(481)335-7631x1979
311,3046,US,"Wright, Copeland and Horton",New Amandaport,47624,AS,1878 Lewis Junction,+1-247-572-6795
311,3047,US,Huynh-Nielsen,Lake Matthewborough,21793,MD,5974 Cabrera Rapid Suite 042,(402)544-5890
311,3048,US,"Harding, Ayala and Zimmerman",West Anthony,34547,SD,798 Wagner Radial,(386)886-7149
311,3049,US,"Foster, Valentine and Horn",West Dianashire,73442,OH,01184 Michael Ferry Suite 405,379-958-9219
311,3050,US,Riley-Hernandez,West Robertaberg,07242,PA,9177 Conley Manor Suite 007,(403)422-5857
311,3051,US,"Flores, Jensen and Garcia",West Taylorstad,49214,AR,680 Hodges Plains Suite 509,921-369-2177x6797
311,3052,US,Murphy-Hurley,North Megan,04147,MS,778 Torres Land,570-530-3687
311,3053,US,"Jones, Cook and Deleon",Port Jennifer,15460,IN,48742 Tanya Groves,001-399-235-2414x39840
311,3054,US,Schaefer-Hansen,South Kevinhaven,66070,AR,276 Shannon Station,+1-386-628-2509x9424
311,3055,US,White-Carey,West Jacobtown,08425,KY,3886 Alexander Ports,818-265-6140x35440
311,3056,US,Rogers and Sons,West Angela,78026,FM,8697 Fernando Avenue Suite 983,(277)539-7834x127
311,3057,US,Gomez-Atkinson,South Daleton,21064,MD,965 Lambert Points,733.941.7205x046
311,3058,US,"Nelson, Long and Francis",Thomasmouth,14001,IL,40132 Cooper Mission,739.478.5037
311,3059,US,Sanchez LLC,Colleenburgh,05947,NY,5019 James Trail Suite 436,(791)353-2763x956
311,3060,US,Curtis-Buckley,Deleonview,97938,NY,1313 Coffey Station Suite 611,758.288.4577
311,3061,US,Soto Group,Elizabethside,99526,MP,11181 Bruce Lake,(385)289-3082
311,3062,US,Johnston-Cohen,Lucerofort,77529,MP,745 Sanchez Mountains,+1-537-828-3009x3063
311,3063,US,"Garcia, Williams and Moore",Deleonberg,92176,AS,8277 Mckenzie Trace,(501)283-2551x213
311,3064,US,"Wright, Howell and Lee",Ryanburgh,54095,VI,40017 Patrick Lake Apt. 447,883.433.6707
311,3065,US,"Novak, Holmes and Fleming",Lauratown,45268,DC,408 Jimenez Track Suite 100,(975)978-9868
311,3066,US,"Wilson, Maynard and Hamilton",East Stephanieport,71514,ID,5367 Lewis Mission Apt. 872,557.831.8291x313
311,3067,US,Cole and Sons,Campbellfurt,96919,FM,22544 Barrera Run,396.939.2669
311,3068,US,Kane-Long,North Hunter,38255,CO,984 Lawrence Mount Suite 847,867-656-9485
311,3069,US,"Krause, Wright and Levine",New Latashahaven,79143,WV,155 Elizabeth Summit,703-735-6264x0859
311,3070,US,Evans PLC,Spencerburgh,74084,CT,59605 Patrick Common Suite 977,+1-319-476-7314
311,3071,US,Clarke-Noble,Paigechester,05793,MD,206 Brown Mission,(802)441-9053
311,3072,US,Harris-French,New Mark,56896,PA,3625 Fleming Land,381-990-1170x7821
311,3073,US,Hill-Bates,Johnsonmouth,47304,DC,5071 Christina Shoals Apt. 588,213.722.8754x2890
311,3074,US,Mcdonald-Jones,Lake Anna,87541,IL,0448 Ashlee Mountains,900.286.5787
311,3075,US,Davis-Stewart,Sophiashire,35211,IL,59668 Ashley Terrace,730.873.9370x7348
311,3076,US,Rivera-Parker,Lake Brianshire,63102,KS,5792 Andrade Station,655.831.6650x43448
311,3077,US,Barber-Roy,Lake Danielmouth,60935,CO,30248 Rebecca Ports Apt. 320,(472)757-5226
311,3078,US,Phillips-Walker,Nicoleburgh,94277,DC,11796 Davis Hills,(208)254-9124x866
311,3079,US,Morgan Group,North Joseph,61021,NH,143 Jennifer Stravenue,446-235-8521x1017
311,3080,US,Mendoza-Bell,Mendozaberg,81960,NJ,33565 Lee Drives Suite 601,(588)545-2969
311,3081,US,"Austin, Jimenez and White",Willisfort,06972,NJ,9087 Jamie Station,581.869.7507
311,3082,US,"Reed, Bailey and Lawson",Lake Jamiemouth,39751,MO,522 Walls Fork Apt. 968,+1-460-910-2569
311,3083,US,"Henderson, Bean and Franklin",Schroederport,57363,NC,327 Rogers Groves Apt. 555,4837484036
311,3084,US,Campbell-Clay,Knightberg,70168,VA,92689 Douglas Course Apt. 858,+1-853-739-2957
311,3085,US,Nicholson PLC,Donnaberg,42343,MH,08000 John Plaza Apt. 074,326-400-9103
311,3086,US,"Williams, Contreras and Thomas",Lindseyport,99160,NV,2269 Mitchell Parks Suite 386,618.963.4555
311,3087,US,Perry Inc,Porterstad,41239,AL,29899 Knight Coves Apt. 762,258-587-3145
311,3088,US,"Wright, Wood and Clark",Garymouth,26262,WV,08127 Obrien Garden,+1-919-400-1128x401
311,3089,US,Green Ltd,Phillipfort,64303,SC,68908 Victoria Lodge Apt. 542,282.691.9698
311,3090,US,"Melton, Haley and Larson",South Virginiatown,85667,AK,9197 Smith Mission,643-747-8217x3891
311,3091,US,Smith-Jenkins,Danielleburgh,02647,DC,6428 Carpenter Land Apt. 529,(642)509-0425
311,3092,US,Walsh PLC,East Jenniferfort,73211,AZ,2244 Samantha Harbors Suite 332,988.745.9305x069
311,3093,US,"Love, Hernandez and Bailey",West Kristen,20869,WI,876 Baird Trace Apt. 696,369-601-6442x370
311,3094,US,Morgan LLC,Lake Bradleystad,14970,NV,7861 John Landing Suite 662,(790)591-1963x2362
311,3095,US,Warren-Lewis,Brownborough,88234,FM,688 Rose Gardens,823.616.4958
311,3096,US,"Miller, Cisneros and Snyder",Anatown,28696,FM,1460 Benjamin Ridges,(587)224-4111x397
311,3097,US,Ochoa Inc,West Melissashire,51022,WV,6910 Calhoun Lights,432-663-1424x382
311,3098,US,"Hill, Lopez and Conrad",West Johnport,13018,AZ,0975 Victoria Locks,2668543113
311,3099,US,Alexander LLC,Port Elizabethland,80171,WV,28522 Larry Flats Apt. 006,(930)950-4782
311,3100,US,Parker LLC,Parkborough,96675,SC,5267 Montgomery Plaza Apt. 519,+1-517-973-7660x625
311,3101,US,Moore-Flores,Josephville,46343,IL,0860 Dixon Ports Suite 018,(714)896-8736x894
311,3102,US,Black Ltd,Lake Maryport,81654,VA,167 Morris Burgs,+1-531-909-3888x2956
311,3103,US,"Mcconnell, Perez and Walton",Morenohaven,73647,WI,96223 Joseph Cove,625-234-0444
311,3104,US,Mercado-Todd,Port Loriville,23504,MD,7956 David Ridge Apt. 530,993-763-3959
311,3105,US,Wells-Burke,Harringtonfort,94674,VI,27651 Schwartz Estate Suite 100,001-569-800-4181
311,3106,US,Harrell-Johnson,Claytonland,01421,PR,11745 Emily Summit,289.234.7731x01106
311,3107,US,Smith PLC,Breannabury,63751,AZ,24555 Bethany Circles Apt. 222,(265)609-8017x05694
311,3108,US,Ramos-Payne,Travisview,83123,IL,20045 Leslie Fall Suite 365,(385)386-9744x30278
311,3109,US,Barber-Parker,Rodriguezhaven,44034,CA,54048 Kimberly Keys,+1-276-982-5413x2146
311,3110,US,Hart-Rush,Jamesbury,81227,PR,784 Ortiz Keys Apt. 547,(574)845-3138x6782
311,3111,US,Nielsen Group,Jessicaberg,83536,ID,405 Thomas Cliffs Suite 573,(628)436-1381
311,3112,US,Shelton Inc,New Timothy,32372,TX,036 Timothy Isle Suite 295,(624)729-3267
311,3113,US,Atkinson Inc,South Erica,03832,NJ,817 Charles Courts Suite 012,703-960-3608x2781
311,3114,US,"Howard, Warren and Silva",Kellystad,83414,GA,93199 William Locks,855.423.1335
311,3115,US,Hunter-Reed,Port Amanda,83246,WI,4860 Brandon Lodge,+1-532-890-0042x19989
311,3116,US,"Paul, Henry and Lee",West Robert,96985,MO,2062 Joseph Camp,(449)398-8934
311,3117,US,Wilcox-Wilson,West Davidborough,16643,HI,52776 Cummings Knolls Apt. 532,425-847-5957x624
311,3118,US,"Garcia, Mccall and Murphy",New David,05727,GA,45852 Vanessa View Apt. 167,(308)238-8846
311,3119,US,"Russell, Macias and Russell",Chelseaport,02155,WY,9425 Melissa Isle Suite 297,759-333-8419x62198
311,3120,US,Watson-Buck,New Stephanie,38264,WV,753 Marshall Forge Suite 592,766.211.3176x1586
311,3121,US,Zimmerman-Wagner,Brownside,59064,GA,10676 Glenn Shores Suite 405,(202)201-8732x85658
311,3122,US,Rowe-Burton,West Emilyview,55518,MA,24030 Riddle Squares,508.985.4234
311,3123,US,"Schroeder, Wolf and Young",Cynthiaton,68100,RI,365 Mahoney Mill Suite 601,+1-910-784-3990x16358
311,3124,US,Scott Inc,East Leslietown,02150,RI,840 Deborah Grove Suite 991,001-795-640-1774x9503
311,3125,US,Carr-Schwartz,Rebeccabury,95076,AR,135 Rodriguez Falls Suite 400,+1-893-287-5598
311,3126,US,Becker-Coleman,Jameschester,59436,ID,0278 Davidson Fields Suite 218,381-877-4558x4891
311,3127,US,Garcia-Allen,Jacquelinefort,38705,HI,99143 Michael Alley,+1-797-207-1020x23492
311,3128,US,"Church, Powell and Dunn",Port Andrew,67330,MT,981 Erik Glens,5074826931
311,3129,US,Mueller-Velez,North Danaburgh,17303,PR,163 Melinda Green Suite 342,+1-210-555-8911x9831
311,3130,US,Adkins LLC,Port Shaun,27030,KS,184 Mack Station Suite 380,455.840.5558x6445
311,3131,US,Myers-Johnson,Port Jasmin,12440,AS,1916 Tina Passage,348-235-7531x4808
311,3132,US,Mccormick and Sons,Lake Jerry,19082,RI,93002 Sean Branch Suite 473,+1-958-200-8174x411
311,3133,US,Moore-Allen,Lake Toniport,53313,MO,98199 Dixon Field Suite 843,517-265-0360x291
311,3134,US,Craig-Moore,New Alyssaton,77225,WI,6524 Ronald Dale Apt. 430,506-732-5295x6910
311,3135,US,Mitchell Ltd,West Justinmouth,81864,VT,185 Danny Brooks Apt. 892,716-634-7016
311,3136,US,Warren Ltd,Davidborough,82692,MT,76197 Alex Inlet,+1-811-910-9498x9905
311,3137,US,"Orr, Melendez and Mckay",Greenton,65792,RI,84042 Lisa Mall Apt. 340,566-933-1393
311,3138,US,Morales Group,Joseside,76655,PA,8744 Harris Walks,(941)275-9164
311,3139,US,Reynolds-Rowe,Port Brianview,77793,CO,70947 Tonya Dam,763-915-7761
311,3140,US,Shea-Solis,Markville,29940,MS,301 Owen Springs Suite 529,001-967-324-3470x1492
311,3141,US,Glover and Sons,Jensenfort,41288,FM,906 Bolton Bypass,863-964-3044x979
311,3142,US,Lucas-Maddox,Scottton,53941,NM,12800 Kevin Cliff,+1-510-609-8253
311,3143,US,Ross PLC,Sethburgh,74191,DE,36595 Murray Road Suite 146,557.549.4528x82508
311,3144,US,"Bowen, Marshall and Williams",East Meredith,25617,MN,797 Thomas River Suite 256,001-637-246-8639
311,3145,US,Stewart-Tucker,Aliciashire,31887,TN,40360 Wade Row,271.250.6138x0649
311,3146,US,Bean PLC,South Jamesside,30404,MH,0479 Rodgers Corners,(912)736-5289x39335
311,3147,US,"West, Scott and Carter",West Denise,59908,FM,37720 Conrad Port Apt. 453,9399519468
311,3148,US,"Wilson, Allen and Bell",East Erikahaven,48488,KY,66581 George Alley,+1-966-672-1625x685
311,3149,US,Evans LLC,Adrianton,67190,SD,05726 Carson Drive Suite 615,001-365-243-9105
311,3150,US,Diaz-Cline,Weeksmouth,32647,NC,65599 Jason Coves,(299)731-5230
311,3151,US,Coleman Group,Douglasborough,39318,AS,94657 Lester Ridges,001-681-564-8462x431
311,3152,US,Graham-Allen,North Rachelchester,24325,MI,1280 Flynn Flat Apt. 553,300-694-6748x041
311,3153,US,Bryant-Richardson,East Brittany,88727,CA,746 Robert Mountain Apt. 831,(746)753-0722
311,3154,US,Jones Group,Lake Jesse,34400,OH,555 Hunter Crest Apt. 892,488.275.6999x08569
311,3155,US,Patel Ltd,West Dennis,67060,NV,756 Kennedy Rue Apt. 584,371-247-9685
311,3156,US,Sanders-Ward,Shellyberg,03856,PR,0836 Johnson Mountains,244.296.4113x58927
311,3157,US,"James, Hansen and Hernandez",New Brian,37872,MD,6248 Nelson Ports,001-498-315-9517x74340
311,3158,US,"Vasquez, Brown and Jackson",Hardinview,68269,IL,48634 Michael Estates,638-667-4171
311,3159,US,"Bell, Montgomery and Hartman",East Wendyview,44208,AS,458 Davis Via Apt. 484,001-738-389-3304x49818
311,3160,US,Lewis Ltd,Gibsonshire,61052,PA,08607 Kelly Prairie Apt. 332,001-863-912-5177x6983
311,3161,US,"Martinez, Oneal and Ray",Melissaton,68712,MD,40128 Timothy Corners Suite 421,(258)487-0657
311,3162,US,"Huynh, Green and Cummings",North Tammy,69659,DE,185 Herrera Run Suite 009,251.968.5052x93541
311,3163,US,Griffin and Sons,New Mariaberg,24331,MI,6544 Ryan Ways Suite 468,9234407026
311,3164,US,"Patterson, Rodriguez and Huffman",Port Jimmyville,38631,MD,707 Kelly Village,+1-814-694-4111
311,3165,US,"Tate, Wright and Kirk",Desireeshire,88546,PR,096 Johnston Islands Suite 590,7085073501
311,3166,US,Rice-Taylor,West Annafort,69342,IN,090 Wilson Bypass,(490)928-0133
311,3167,US,"Smith, Wilson and Macdonald",Port Kennethside,25205,NH,56719 Jacobs Run Suite 568,(210)569-0884
311,3168,US,"Simpson, Flores and Byrd",Bennettborough,89520,MD,7953 Scott Ranch Apt. 957,705-479-3760x2885
311,3169,US,"Farmer, Mathews and Dixon",East Pamelaview,52164,CA,22580 Bond Pass Suite 951,905-659-6728
311,3170,US,Conner LLC,Fordhaven,67924,MO,16239 Robert Row,324.644.3807x7442
311,3171,US,"Cook, Atkinson and Williams",Emilyview,93456,AS,644 Michael Center Suite 958,632-666-2528x71694
311,3172,US,Santos LLC,Andrewschester,31505,MA,461 Katherine Flat Suite 513,9294990303
311,3173,US,Bean LLC,Salasstad,04368,PR,5214 Gay Village Apt. 106,+1-664-467-6376x07606
311,3174,US,Schwartz and Sons,Lake Michelle,71052,NC,38416 Elliott Mission Suite 740,380-276-8130
311,3175,US,Nguyen Ltd,West Carolview,96031,MH,61167 Glover Mission,431.533.4117x027
311,3176,US,Dennis-Duncan,East Kimberly,66905,WV,717 Edwards Centers Apt. 483,+1-491-520-6155x989
311,3177,US,Quinn-Owens,Vanessaberg,25739,VI,5515 Annette Park Suite 410,(675)385-8834x62580
311,3178,US,"Miranda, Jones and Rodriguez",Gordonside,00673,HI,59542 Williams Road,344.626.2047
311,3179,US,"Cunningham, Johnson and Williams",Julieshire,48340,ID,30666 Williams Junction Apt. 369,(738)222-0502
311,3180,US,Lucero PLC,Ronnieside,26023,MH,3789 Conley Radial,766.581.9864x86466
311,3181,US,Martin-Wright,Timothyville,21860,DE,70119 Debbie Fork,001-457-937-3932x50192
311,3182,US,"Dodson, Middleton and Patterson",Combstown,29975,DE,3718 Tammy Pines,(305)433-7753
311,3183,US,"Hill, Griffin and Wheeler",East Christopher,98693,SC,66444 Doyle Route,942.717.8783x005
311,3184,US,Ballard Group,Sarahaven,25586,MS,289 Fuentes Wells Apt. 063,5077218265
311,3185,US,Daniels Inc,North Amyside,54026,WV,94321 Marshall Prairie Apt. 549,810-297-5877x6987
311,3186,US,"Griffin, Brown and Lawrence",West Joseph,21671,NV,93177 Tracy Curve Apt. 096,(594)316-2031x59157
311,3187,US,Hahn-Lopez,Catherineville,51119,AK,50351 Tiffany Squares Suite 040,5814982228
311,3188,US,"Schultz, Estrada and Smith",Michaelport,22412,KY,197 Molly Port Suite 124,(822)861-6733
311,3189,US,Richardson PLC,Jonathanburgh,39116,RI,541 Eugene Mission,653-757-9539
311,3190,US,"Holden, Munoz and Martinez",Lake Marcville,42236,ME,65319 James Lane Suite 203,446-712-8054x39132
311,3191,US,"Cook, Hodges and Gibbs",North Cristianville,38824,TX,7836 Hensley Mountain Suite 826,(332)898-6188
311,3192,US,Bell PLC,East Lindsaymouth,01255,KY,24021 Brown Prairie,249-321-4171
311,3193,US,"Davis, Sheppard and Flores",East Pamelaview,71809,VA,4204 Lee Shores,(200)226-8397
311,3194,US,Lee-Adams,Jamesville,01706,DE,1150 Collins View,(666)913-9611x076
311,3195,US,Carter Ltd,South Craig,89200,NC,61485 Hamilton Vista Apt. 081,984-965-0320
311,3196,US,"White, Lloyd and Davis",Flowersview,80935,IN,47684 Perez Tunnel,+1-683-648-6301
311,3197,US,Kirk-Villegas,Lake Evanberg,74167,KY,29543 Jeremy Walk,001-803-952-9472x3900
311,3198,US,Hunt Ltd,West Gary,38206,WY,33113 Shawn Orchard Apt. 421,469.479.7099x845
311,3199,US,Murphy Ltd,Tatehaven,90244,ND,554 Jacqueline Stream Apt. 058,363-708-1832
311,3200,US,"Nguyen, Thompson and Griffin",Wadehaven,63425,WI,0591 Deanna Port Suite 288,(446)335-8593
311,3201,US,Howell LLC,Paulfort,51413,ND,78292 Hunter Plains,001-398-851-5519x657
311,3202,US,"Lynch, Cannon and Kemp",North John,03845,KS,3548 Jacob Cape,(468)292-0058
311,3203,US,"Allen, Cooper and Carter",Rachelhaven,14321,LA,507 Jennifer Cliffs Suite 804,(957)221-1872x88435
311,3204,US,Brooks LLC,North Roberthaven,55858,AL,8403 Emily Burgs Suite 953,(850)985-8042
311,3205,US,Reynolds Group,Castroport,99204,OR,4692 Jensen Mall Apt. 465,640.635.2621x20407
311,3206,US,Ruiz Inc,Port Jerrymouth,30441,RI,04080 Gonzalez Mission,(531)358-6904x5132
311,3207,US,Sanchez Group,New Feliciaport,72822,TN,86370 Eric Meadows,570.379.4142x8248
311,3208,US,Hill-Simmons,Lake Rebecca,94922,AS,0180 Salazar Ranch,700.365.9534x79576
311,3209,US,Lynch Inc,East Clintonberg,12297,AK,032 Murray Motorway Apt. 224,(539)748-4184x9869
311,3210,US,Thomas Ltd,Adamview,57623,NC,3536 Parks Meadows Suite 170,(477)659-1107
311,3211,US,"Lewis, Rodriguez and Joseph",Mendozatown,14287,AK,775 Richardson Terrace,(995)894-6738x52219
311,3212,US,Pacheco-Potter,South Christopherton,54018,KY,0024 Hernandez Prairie Suite 668,6519194725
311,3213,US,Hardy-Wilson,South Emily,67768,MA,40002 Linda Views,(473)560-5171x36445
311,3214,US,Scott-Knight,Barberside,47710,CO,6125 Guzman Squares,(792)331-8314x25603
311,3215,US,"Hoffman, Kennedy and Preston",New Dale,34205,SD,61504 Parker Neck Suite 390,8206891409
311,3216,US,Bennett-White,Wendyside,22757,PR,4307 Kevin Corner Suite 471,001-357-949-9647x23661
311,3217,US,Jones-Snyder,Port Sean,89728,TX,049 Jones Cove Suite 247,+1-289-214-6534x61924
311,3218,US,Ramsey Inc,New Wesley,83873,MI,481 Thompson Neck Apt. 129,640.747.2117
311,3219,US,"Bird, Mayer and Lara",Lake Robert,62403,PR,0620 Fuller Circles,886.248.9714x396
311,3220,US,"Osborne, Frye and Larsen",Hayestown,88752,AK,33034 Gregory Orchard,810-481-9390x15405
311,3221,US,Cunningham-Murphy,Craigfort,43444,IL,7690 Davis Path Suite 319,(390)535-7906x224
311,3222,US,"Johns, Mcdaniel and Willis",Patriciahaven,63521,DC,5114 Eugene Canyon Apt. 731,+1-306-952-6776x7639
311,3223,US,Johnson Ltd,West Jennifer,09037,AZ,86479 James Neck Suite 114,888.624.4815x642
311,3224,US,Jensen Group,Sarahville,46088,DE,1314 Neal Summit,001-355-514-6230
311,3225,US,Schaefer-Pham,East Melissa,52557,NE,68530 Haney Hill Suite 014,001-836-864-4690x246
311,3226,US,"Ramirez, Kelly and Martinez",Joneshaven,75655,IN,94723 Martin Stream,388-707-1963x142
311,3227,US,Price Group,North Sabrina,20088,ME,081 Obrien Mountain,+1-832-648-3191x5942
311,3228,US,Simpson-Anderson,Jacksonfurt,02683,NM,709 Hodge Dale,001-685-713-2909x71373
311,3229,US,"Lee, Stokes and Pratt",West Susan,73738,LA,277 Jason Knolls Apt. 948,826.916.7645
311,3230,US,"Callahan, Lutz and Sanders",Scottmouth,92243,NY,340 Valentine Divide Apt. 970,001-346-683-2273x5947
311,3231,US,"Howard, Rogers and Allen",Elaineville,06714,OK,647 Tammie Motorway Apt. 707,001-843-748-7500x2980
311,3232,US,Carroll-Mitchell,Lake Patrickhaven,43288,CO,57720 Pitts Cove Apt. 616,756-493-9821x6119
311,3233,US,Taylor-Ortega,Port Melissaton,70847,IA,07537 Susan Viaduct,522-576-9036x2644
311,3234,US,Mooney Group,Michaelview,89085,WV,2777 Andrew Dale,960.731.6508
311,3235,US,Daugherty-Crawford,Lake Barry,41621,MP,771 King Glens,323-918-1140x731
311,3236,US,Mullins-Odom,East Richard,63463,AK,6987 Lewis Hill Suite 547,001-922-230-3085x938
311,3237,US,Pugh-Washington,East Lisaborough,34275,NV,31227 William Common,6882870344
311,3238,US,"Marshall, Wells and Hodges",Port Kelly,25266,MO,59685 Wade Springs Apt. 890,(605)226-8667x656
311,3239,US,Smith-Donaldson,North John,41060,FM,063 Joseph Harbor,+1-940-931-3383
311,3240,US,Jackson-Rubio,Georgehaven,43004,CO,756 Ross Isle Suite 691,+1-216-754-6368
311,3241,US,Scott Group,Christopherton,49741,SD,527 Miller Keys Suite 322,+1-466-842-6519x7621
311,3242,US,Orozco-Mcfarland,West Kristinfort,00812,MA,787 Russell Forest,528-933-2383x5627
311,3243,US,Miller Inc,Port Monica,01175,WA,45409 Strickland Vista Apt. 301,001-513-648-2655x12878
311,3244,US,"Mcgee, May and Solomon",Garciafurt,31197,PA,90355 Connie Motorway Apt. 965,5174727338
311,3245,US,"Zimmerman, Wong and Mathews",North Susanbury,12802,NC,65894 Michele Pass,881.364.5376
311,3246,US,Rodriguez-Nash,North Suzannefort,40162,HI,711 Humphrey Court Suite 227,(641)409-5975x685
311,3247,US,Ortiz Group,East Josephview,35538,IN,542 Jennifer Summit Suite 097,448.538.9392x42811
311,3248,US,"Butler, Aguilar and Robbins",New Alyssa,59087,NM,13503 Cordova Green Apt. 395,6392788630
311,3249,US,Roberts-Wheeler,Powellville,95096,NC,7463 Emily Springs,9348946702
311,3250,US,"Smith, Perry and Johnson",East Amandaport,94392,ID,9035 Gray Stravenue,367-420-9069
311,3251,US,Dunlap PLC,East Donnachester,29013,CA,38808 Martin Row,001-866-929-2319x1226
311,3252,US,Brooks-Walker,South Diamond,97862,MH,9987 Kerry Valley Suite 893,+1-518-852-1479x599
311,3253,US,"Lewis, Harris and Lowe",Port Angela,97354,GU,2895 Patton Crest Apt. 458,(261)497-8048x189
311,3254,US,"Williams, Fox and Liu",Port Sarahview,05184,NH,488 Carl Circles,5075057377
311,3255,US,"Todd, Kent and Carey",West Michelleshire,84964,MO,843 Gregory Burgs,925.444.0813
311,3256,US,"Washington, Kennedy and Singh",Port Codymouth,08715,MP,6513 Ryan Rapid,001-813-338-4346x31847
311,3257,US,Collins Group,New Emily,58999,NY,404 Barrett Overpass Suite 932,001-608-928-4188x94695
311,3258,US,Harris Group,Scottborough,54529,OH,81173 Patricia Island,(415)562-7831
311,3259,US,Thomas-Fleming,South Jonathan,63253,MS,0301 Smith Route Suite 309,(359)777-1436x917
311,3260,US,"Lambert, Salinas and Brown",Parkerport,53592,DC,1397 Barnes Lodge Apt. 464,+1-505-375-2072x486
311,3261,US,"Odonnell, Allen and Harris",East Ericville,56895,AK,2650 Edwards Union Apt. 368,306-297-2257x2312
311,3262,US,White-Gray,Edwardfort,24940,MD,0964 Freeman Corner,(753)954-3469x9480
311,3263,US,Wilkerson Inc,Boydland,63921,NH,763 Cheryl Stravenue,(437)532-3514
311,3264,US,"Zimmerman, Morris and Strickland",Kennethbury,24549,LA,632 Cory Plaza,001-526-888-2708x65021
311,3265,US,Shaw Group,New Nicoleland,96531,VT,2744 Patrick Squares Apt. 484,(762)750-4118
311,3266,US,Bailey-Patterson,New Patriciahaven,68294,IA,9090 Walter Key Suite 456,001-833-352-5261x5982
311,3267,US,"Williams, Stewart and Johns",Andersonton,56660,MS,60265 Nancy Light,253.273.2342
311,3268,US,Donaldson LLC,Barnesfurt,81130,SD,9268 Amy Valleys Suite 309,6957233631
311,3269,US,Chen-Gillespie,West Henrystad,49516,PR,96757 Jordan Mews Suite 804,(410)500-6218
311,3270,US,Rose-Harris,Lake Savannah,58768,OH,48904 Knight Junction,(866)364-5702
311,3271,US,Woodard-Hicks,West Bradleyview,13900,FL,34505 Miles Lake Apt. 847,(523)762-2882x96071
311,3272,US,Harper-Sweeney,Burkeport,32751,MD,513 Owens Islands Suite 349,(277)287-3715x2733
311,3273,US,Taylor-Bass,Thomasmouth,12014,CA,6947 Gary Oval,265.907.3314
311,3274,US,Jacobs-Wang,North Ronaldbury,88417,GA,02123 Brandi Wells Suite 120,785.583.0656x33536
311,3275,US,Brewer and Sons,Chaseside,57138,WY,2364 James Stream Suite 750,+1-991-897-5554x904
311,3276,US,"Reynolds, Garza and Ferrell",Baileyshire,44145,MH,3590 Gonzalez Harbor,(507)257-7661
311,3277,US,Smith Group,North Brittanyfurt,58121,NM,88422 Snyder Rapid,606.592.9055
311,3278,US,"Jones, Hoffman and Howard",New Joseph,71180,AZ,41260 Mason Inlet,(558)459-5801
311,3279,US,Nelson-Washington,Timothyfort,86329,LA,531 Heather Plaza Suite 527,+1-593-366-2548x010
311,3280,US,Jennings-Hayden,Johnsonland,69577,TX,786 Kristina Motorway Apt. 806,797-333-8143x59733
311,3281,US,Peterson LLC,West Christopher,96105,NJ,258 Robinson Views Apt. 922,(765)782-3814x49328
311,3282,US,Guzman-Black,West Jaimeborough,62391,VA,122 Jessica Lakes Apt. 564,(800)756-1410x48868
311,3283,US,Brown-Baker,Jenniferfort,24295,NY,08121 Cole Gardens Suite 126,277.727.3014
311,3284,US,Wong Inc,Latoyamouth,53480,NV,161 Sherri Crossroad Suite 798,453.539.6193x81078
311,3285,US,Gibson-Butler,Port Dontown,87644,NM,709 Erik Groves Apt. 818,439-479-0174x0397
311,3286,US,Ramirez Ltd,Port Luisborough,71654,AZ,2923 Bailey Mills,001-898-291-4685x64922
311,3287,US,Thompson-Olson,Jessicaton,12887,KS,27139 Martin Loop Apt. 617,613.853.8990x9695
311,3288,US,"Price, Bradley and Wiggins",West Angelicaton,96828,NV,5611 Rodgers Green,5742991155
311,3289,US,Kelly PLC,Leeport,30394,WY,070 Courtney River Apt. 950,+1-650-586-6109x1650
311,3290,US,"Byrd, Fox and Hartman",West Lauraburgh,11933,NC,20362 Downs Terrace Apt. 365,(443)569-4207x54255
311,3291,US,Acosta-Knight,Lake Joanne,37248,CO,688 Katherine Shoals Suite 285,(300)273-8895x01805
311,3292,US,Wilson-Fuentes,New Susanborough,11604,WV,0411 Wagner Crossroad Apt. 825,257.770.2980x71956
311,3293,US,Hicks LLC,Thomasmouth,84616,NC,366 Livingston Trail,+1-780-709-7245
311,3294,US,Davis and Sons,North Michele,48948,MO,44045 Shaw Greens,975.362.6914x2292
311,3295,US,Cruz PLC,Sullivanmouth,41959,VA,831 Brian Village Apt. 234,+1-393-823-6451
311,3296,US,Salazar-Walters,Figueroachester,01155,OH,9466 Jeremiah Flats,2358622135
311,3297,US,Ruiz-Anderson,Lake Crystalshire,49535,ND,0121 Haley Causeway Suite 715,395-593-3725
311,3298,US,Ferguson and Sons,Baileychester,72140,FL,573 David Mission,234.405.3399
311,3299,US,Morgan-Hernandez,Riverashire,31428,MP,00163 Thomas Curve Apt. 010,+1-932-483-1110x3974
311,3300,US,"Flynn, Harper and Watson",Sarahshire,83804,LA,130 Salinas Divide Apt. 610,(883)649-6061
311,3301,US,"Spencer, Wilson and Harris",Romeroburgh,42330,VA,110 Matthew Overpass Apt. 612,(860)661-4245
311,3302,US,Phillips Ltd,East Bryan,91804,ND,87333 Scott Ford Suite 534,347.446.4023x0554
311,3303,US,Moore and Sons,West Katherine,78764,SC,1060 Patricia Causeway Apt. 367,(891)923-5791x00331
311,3304,US,"Rowe, Woodard and Hodges",South Gregoryfort,01541,OK,9514 Jennifer Circles Suite 585,377-754-4816x07172
311,3305,US,Ortiz-Chapman,Whitestad,36070,SD,40648 Jones Divide,604.693.9641x1774
311,3306,US,Martinez and Sons,Millerton,60847,MD,00012 Debra Camp,(856)420-2835
311,3307,US,"Brown, Robinson and Wagner",Brianmouth,36527,CA,65871 Brandon Center,222-232-7132
311,3308,US,Meyers-Cruz,East Christinebury,10282,PR,6971 Terry Mall,(967)682-1456
311,3309,US,"Hayes, Murphy and Jackson",Martinezstad,68805,MT,613 Mcdowell Cliff,761.937.9886x7449
311,3310,US,Alexander Group,South Michael,78104,DE,9963 Cesar Ranch,(738)888-3402
311,3311,US,Ortiz PLC,New Lindseyburgh,60336,IA,08737 Cobb Extensions,+1-244-835-6480x7894
311,3312,US,Kim and Sons,Port Matthewfurt,41046,IN,34622 Erickson Harbors Suite 287,001-622-831-3040x05129
311,3313,US,"Lopez, Leon and Evans",Jamesport,07027,IA,70320 Robert Roads Apt. 362,(239)783-8424x8120
311,3314,US,Dunlap-Walker,South David,21699,NY,85000 Jessica Oval,(357)394-1050x3197
311,3315,US,Manning Ltd,New Stephanieside,98415,FL,85547 Douglas Green,667.650.6344x709
311,3316,US,White-Baker,Sullivanview,39517,LA,61920 Potter Squares,(522)603-8767
311,3317,US,Silva Inc,Michelleville,19169,DC,182 Newton Skyway,001-814-906-5340x2926
311,3318,US,"Robinson, Henderson and Patel",Anthonyborough,65362,FM,3197 Green Fork Suite 280,587-305-2845
311,3319,US,Kelly PLC,Williamsland,87322,TX,139 Beverly Walk Apt. 086,2443159385
311,3320,US,"Jones, Richards and Dominguez",Archerstad,28256,IA,59743 James Fords Suite 118,(451)648-6402
311,3321,US,"Shaw, Brown and Goodwin",North Jill,68463,NV,743 Lee Keys,+1-262-913-1841
311,3322,US,Reid PLC,New Angelafurt,49584,OK,1732 Kenneth Estate Suite 138,(417)255-6517x39426
311,3323,US,"Mccoy, Henderson and Pacheco",Lisabury,35026,NC,05847 Amber Heights Apt. 244,788.543.0050x7353
311,3324,US,Scott LLC,New Erin,45068,TN,786 Dennis Trace Suite 003,322-825-6246x775
311,3325,US,Robbins-Cisneros,North John,10496,NM,16244 Carl Street,+1-596-817-6000x40839
311,3326,US,"Foster, Russell and Foster",South Patricia,67035,PW,588 Courtney Mountains Apt. 035,+1-958-645-3779x7341
311,3327,US,King Inc,Susanberg,75058,DE,135 Booker Burgs,232-808-0468x990
311,3328,US,Reynolds-Duran,East Julie,85695,PW,840 Rodriguez Squares Suite 524,469.738.9502x005
311,3329,US,Owen-Ramirez,Curtisburgh,39219,WY,613 Ellis Club Suite 400,328-480-1434
311,3330,US,Howard-Heath,South Stevenfort,20531,GA,39069 Gross Inlet Apt. 231,9122512833
311,3331,US,"Alexander, Morton and Johnson",East Harryburgh,61053,OK,66324 Stephanie Brook,214.578.4152x35882
311,3332,US,Anderson LLC,New Thomas,07698,CO,9314 Edward Plain Suite 919,(793)537-2974
311,3333,US,Reed-Mccarthy,Thomasshire,39493,DC,7633 Lisa Corners,620-451-4498
311,3334,US,Zamora-Pierce,Scotttown,15928,DC,97864 Huff Locks Suite 885,001-205-218-0970x1315
311,3335,US,Martin-Lara,New Thomas,10060,GA,822 James Falls Apt. 223,3975012682
311,3336,US,Adams and Sons,Kingbury,54922,VA,39827 Andrew Manors,(494)939-7242
311,3337,US,"Lopez, Phillips and Simmons",South Matthewberg,22485,NV,8887 Justin Spurs Suite 539,647.297.0328
311,3338,US,Hines-Jordan,Ryanshire,92200,ME,7920 Joyce Lodge,421-807-5791
311,3339,US,Maldonado-Wells,Lake Jeffreychester,31260,AS,00465 Eric Trail Suite 828,9753359482
311,3340,US,"Frye, Peters and Martinez",East Amy,12994,MS,18498 Justin Fields Suite 570,+1-917-675-3433
311,3341,US,Velez-Dean,Karenmouth,48047,WI,95276 Gail Plaza,4054634743
311,3342,US,Carroll-Kennedy,Kevinstad,42079,AK,58790 Wagner Center Suite 067,+1-792-244-9392x31820
311,3343,US,Hurley-Gardner,Madisonhaven,91111,PW,94347 Conway Walks Suite 979,282.368.6245x8314
311,3344,US,"Fowler, Rodriguez and Webb",Johnsonbury,81898,ID,9835 Jerome Dam Apt. 967,250.663.7932x554
311,3345,US,Baldwin Ltd,Michaelfurt,21459,ID,96774 Jonathan Walk,+1-914-567-1701x6452
311,3346,US,Thomas-Gaines,North Jeffreyport,93615,WA,694 Roberts Port,445-200-4017x7675
311,3347,US,Hall PLC,Wendyland,15109,MD,926 Parker Point,+1-641-808-6724x0305
311,3348,US,Gilmore-Bates,Harringtonmouth,57095,NY,93298 Lee Mount Apt. 112,+1-582-998-8380x416
311,3349,US,Curry-Ramos,Hallshire,47165,MO,8493 Marcia Overpass Suite 362,814.917.2228x3048
311,3350,US,"Thomas, Mills and Rogers",Burtonbury,69794,SC,9623 Braun Branch,+1-821-464-6671x9342
311,3351,US,Patel-Anderson,East Ashley,34150,IN,71152 Patricia Key,001-278-714-8180x2054
311,3352,US,"Anderson, Nunez and Gilbert",Alexanderville,96569,OH,905 Pacheco Parkway Apt. 400,455-825-2654x6067
311,3353,US,"Kelley, Merritt and Wright",Alishatown,75596,NE,09567 Morris Shoal Apt. 764,001-478-891-3390x0746
311,3354,US,"Garcia, Brown and Rivera",South Sarahside,28637,MN,6631 Jones Rest Suite 405,276.870.4151
311,3355,US,Strong Ltd,Douglaston,53455,AR,9934 Susan Fall Apt. 488,914-957-9560x56073
311,3356,US,Gill PLC,Lake Johnathan,21782,AK,25322 Richard Creek Suite 173,214.442.1402x0921
311,3357,US,"Mcneil, Mason and Klein",Lopezstad,42138,MH,754 Wendy Motorway Apt. 954,925-521-1169
311,3358,US,Morales-Nelson,North Tiffanyview,26347,NY,2684 Andrea Street Suite 053,+1-700-890-5848x136
311,3359,US,Winters-Cooper,Fosterbury,26486,AZ,54373 Michelle Mission,(398)275-1464x60625
311,3360,US,Payne-Valentine,North Elizabethport,46070,ME,662 Carter Plain Suite 301,(831)999-5662
311,3361,US,"Cooper, Howard and Horton",South Juanfurt,85480,DC,765 Sandoval Squares,+1-912-951-1339
311,3362,US,Molina Inc,Carlosside,40912,AR,157 Loretta Freeway Suite 619,001-206-528-3600x65116
311,3363,US,Green Inc,Lake Miranda,48720,WV,1264 Joseph Mill,001-282-806-3315
311,3364,US,"Trevino, Carr and Butler",North Erin,11242,HI,38712 Johnson Fort,001-571-653-4871
311,3365,US,"Johnson, Patel and Lee",Kentmouth,83252,CO,495 Thomas Terrace,(476)450-0744x914
311,3366,US,Burton Group,New Susanton,45267,NH,79321 Mitchell Hollow Apt. 987,418-826-1998x905
311,3367,US,"Franco, Hoffman and Davis",Jonestown,54479,OR,625 Kenneth Key Apt. 696,217.877.1813
311,3368,US,Martin and Sons,Wagnerview,21546,IL,660 Michael Skyway,574.899.4531x10290
311,3369,US,Shaw-Hill,Collinsside,31841,NY,3187 Medina Cliff Apt. 132,885.482.1062x612
311,3370,US,Smith-Lambert,Lake Nicolas,04342,FL,249 Wilkins Dam Suite 958,5693530203
311,3371,US,"Morgan, Wilson and Knight",New Michael,28574,NH,35491 Beard Parks Suite 140,544-553-7600x677
311,3372,US,Hughes LLC,Robertburgh,12645,FL,37164 John Valleys Suite 873,(670)300-7116x917
311,3373,US,"Gonzales, Hicks and Parsons",Lake Janeview,72835,NV,46010 Wallace Oval,(731)543-0171x106
311,3374,US,"Bell, Taylor and Mccarty",New Jack,68074,OK,8551 Jessica Estates Suite 494,287.509.3467x44846
311,3375,US,"Deleon, Ortega and Hughes",Thompsonstad,59524,WA,2787 Juarez Stream,827-381-6131
311,3376,US,Carlson PLC,Port Darinmouth,67543,MN,6572 Andrew Squares Apt. 208,833-224-1254
311,3377,US,Cummings and Sons,Amandastad,89013,ID,190 Shepherd View Suite 749,(271)394-7125x09370
311,3378,US,Wilson Ltd,Jamesfort,63176,MH,6284 Randall Lights Apt. 283,001-767-675-7298
311,3379,US,Marshall Inc,Ashleyshire,96778,CO,2152 Alice Drive,314.710.4687
311,3380,US,Davis-Lopez,Pattersonmouth,10242,PW,5650 Mayo Lights Suite 655,6569057236
311,3381,US,Peters-Smith,New Alex,55819,NJ,462 Mario Crescent,+1-782-422-4884x5819
311,3382,US,Stevens-Bruce,North Michael,95118,NV,8823 Ward Forges Suite 327,(292)935-1994x038
311,3383,US,"Beltran, Ford and Edwards",Dorothybury,88443,NY,83866 Day Brooks Suite 367,001-643-439-5956
311,3384,US,Perez LLC,Beverlyton,70364,CA,25803 Anderson Parkway Apt. 962,764.995.6917
311,3385,US,"Green, Johnson and Harris",Mezaberg,20123,AR,336 Richard Lodge Apt. 275,+1-745-542-5337x980
311,3386,US,Middleton Ltd,South Carolfort,83244,OH,30744 Douglas Rest Apt. 051,+1-422-306-3870x78159
311,3387,US,"Wilson, Harper and Collier",Cookstad,83236,NV,4157 Bentley Plains Apt. 866,716.548.9593
311,3388,US,Martinez-Trujillo,East Amandaport,72692,NV,4456 Mariah Wall,2059331640
311,3389,US,"Orozco, Cruz and Palmer",West Annefurt,48233,TX,017 Andrews Route,283.679.7857
311,3390,US,Brown-Kim,Coleton,03818,LA,2769 Aguilar Trail,334-610-7443x03208
311,3391,US,Golden Inc,Danielside,53153,VT,23596 Maxwell Ford Suite 248,+1-875-548-2948x712
311,3392,US,Moore-Barnes,Hernandezborough,63069,CO,82866 Erin Plaza Apt. 901,244-801-4015x25030
311,3393,US,"Fritz, Cline and Carey",South Melindaville,88536,ID,099 Mccarty Spurs Suite 672,001-668-211-1041x4517
311,3394,US,Baker-Guerrero,West Stacy,96436,CO,0190 Hutchinson Knoll,993.313.8955
311,3395,US,"Owens, Harper and Torres",Morganbury,18453,IA,3379 Alyssa Falls,502-326-6528x26481
311,3396,US,Flowers LLC,North Karen,83140,KS,564 Santiago Corner Apt. 220,610.384.2565x8928
311,3397,US,Obrien-Gallegos,New Davidberg,99426,HI,2648 Holt Spurs,001-564-617-3141x08878
311,3398,US,Velez-Spencer,Michaelview,32356,LA,43680 Tracy Centers Apt. 879,700.340.8532x1757
311,3399,US,Hoover-Jennings,Joshuatown,65517,MO,14576 Stacy Center,(625)314-4648
311,3400,US,Singleton and Sons,Munozland,63906,MP,85864 Tony Cliff,+1-357-301-6394x3665
311,3401,US,Ortega Group,Shaneland,79631,NC,0621 Anderson Parks Apt. 818,(856)395-4571x752
311,3402,US,Hancock-Donaldson,South Carolburgh,64790,GU,72207 Michael Glen,(902)263-4960
311,3403,US,"Stone, Lucas and Garcia",Danielleburgh,11889,WV,15538 Daniel Crest,(839)608-3022x377
311,3404,US,Cobb-Harris,East Adamshire,94795,SD,71703 Campbell Avenue,219.399.3196x4076
311,3405,US,Gregory-Johnson,Katherinebury,69179,MN,691 Rodriguez Fords,(570)243-9179
311,3406,US,Anderson Inc,North Colleenhaven,62280,ND,95656 Michael Oval,(493)912-3689
311,3407,US,"Whitney, Haas and Silva",Mitchellland,83926,LA,746 Sonia Views Suite 601,294.934.3378x0489
311,3408,US,"Leon, Larson and Velasquez",North Jessica,20542,NY,351 Lisa Rue Suite 256,244.231.2169
311,3409,US,Silva-Carpenter,Hoopertown,52292,UT,700 Long Isle,001-396-621-4926
311,3410,US,Kelly PLC,Debrachester,90730,NM,8363 John Corner Apt. 338,(446)460-9373
311,3411,US,Guerrero Inc,Tiffanyton,57772,NM,201 Williams Shoal Apt. 144,001-465-444-9986x9065
311,3412,US,Martin-Torres,West Christopherland,36877,MN,6445 Santiago Drive Apt. 080,(708)404-5895x428
311,3413,US,Davis PLC,Lake David,39864,VI,497 Amanda Manor,(716)601-0794x5098
311,3414,US,"Willis, Ward and Ruiz",Richardland,75085,VI,2178 Waller Avenue Apt. 667,+1-665-543-8853x80533
311,3415,US,Bennett Ltd,South Ricky,70503,DE,88500 Lisa River Apt. 776,(982)680-7273x586
311,3416,US,Black Inc,Maryhaven,57489,OK,0309 Courtney Mountains,428-937-9000
311,3417,US,Ramsey Group,Port Steven,78306,IN,894 Shelton Green Apt. 725,+1-784-294-1922x892
311,3418,US,Lynn LLC,Brettton,51925,NV,0393 Espinoza Park,001-567-212-2373x9220
311,3419,US,Morse-Watson,Laurenfort,07920,DC,0790 Christina Canyon Suite 812,001-216-204-9018x9265
311,3420,US,Ponce PLC,West Noahborough,41004,IL,1135 James Knoll Apt. 746,+1-516-920-2688
311,3421,US,Bell Inc,Andrewburgh,39552,MP,12351 Perez Ports Suite 724,001-849-237-6313x10855
311,3422,US,Cherry-Richards,Fosterport,87032,SD,77758 Jesse Meadow Suite 864,502.860.1680x474
311,3423,US,"May, Roberts and Neal",West Karlfurt,30574,MA,53053 Allen Neck Suite 253,001-892-991-4696x8512
311,3424,US,Chapman Ltd,Chapmanview,87824,IN,4025 Thompson Trace,+1-640-703-5324
311,3425,US,Ortiz-Patel,East Manuel,51745,MO,7386 Yoder Motorway,978.386.8671
311,3426,US,"Lee, Smith and Delgado",Port Kelsey,24810,VT,7227 Dillon Drive Apt. 232,001-307-756-8188
311,3427,US,Brennan-Griffin,Scottchester,13709,WA,69210 Jennifer Circle,+1-524-850-0496x870
311,3428,US,"Garcia, Trujillo and Farmer",East Shane,84349,AR,261 Kim Keys,843.229.5064
311,3429,US,Burnett LLC,Davidchester,01422,NJ,986 Palmer Forks,7982366416
311,3430,US,Higgins-Price,Castillobury,70959,WI,5171 Howard Expressway Suite 149,209-205-3904
311,3431,US,Cross-Green,Port Sarahchester,74476,IN,83700 Edwards Manors Apt. 337,+1-920-463-8076x969
311,3432,US,"Johnson, Brown and Nelson",Ericberg,33121,OR,91638 Smith Curve Suite 683,735.648.6691x425
311,3433,US,Nguyen LLC,Ericashire,20669,WY,338 Morales Roads Suite 582,508-834-1585x839
311,3434,US,Williams-Dodson,South Jessica,21470,PW,9507 Ronald Motorway,654.474.2905x78958
311,3435,US,"Charles, Velez and Campbell",Stokesburgh,49770,OR,91238 Mason Path Apt. 350,225-585-3868x3511
311,3436,US,"Gomez, Villarreal and Elliott",Owenstad,53121,IA,8531 Linda Knoll Suite 429,(577)382-3681
311,3437,US,Sanchez-Anderson,Georgeport,81322,WV,976 Kerr Shore,549.300.0603x22969
311,3438,US,"Clayton, Mack and Rodgers",Mariochester,20958,MD,251 Turner Light,001-953-701-9384x4047
311,3439,US,Ward Ltd,Vanessafurt,24176,OH,53021 Olson Place Apt. 476,278.539.0183x844
311,3440,US,"Mueller, Brown and Williams",Christinaburgh,24022,WY,9061 Chase Crossroad Apt. 530,336.879.8328
311,3441,US,Webster-Anderson,North Courtneyside,24529,SD,328 Erik Islands Suite 444,969-935-8354x10326
311,3442,US,"Henderson, Benton and Fisher",East Aaronview,37702,ME,04868 Ronald Mount Suite 614,389-506-5937x930
311,3443,US,"Stark, Garcia and Cook",Rodriguezshire,95924,PA,91856 Todd Hills Suite 758,(421)687-5406x5702
311,3444,US,Peters-Hernandez,Osbornebury,02256,SD,761 Danny Shore Suite 133,912-631-5033x7774
311,3445,US,Kennedy-Young,Ramseytown,06773,ID,66317 Melendez Spur,(828)804-4241
311,3446,US,Walton Group,New Marilyn,81894,MP,3457 Sanders Views Apt. 482,+1-527-878-9348x4333
311,3447,US,Harding PLC,Port Adamville,78508,AK,761 Marshall Fords,(520)663-3995
311,3448,US,Smith Ltd,Jenniferstad,46301,UT,14530 Alvarado Run Apt. 002,(790)707-7376
311,3449,US,Johnson-Roberts,Jessicafurt,24757,HI,369 Wells Key,280.429.9912
311,3450,US,"Trevino, Martin and Perez",Hilltown,10995,VA,6289 Scott Rue,+1-230-781-5550x78613
311,3451,US,"Mccarthy, Harmon and Smith",North Ginamouth,56327,VA,99072 Lozano Plains,8905852594
311,3452,US,Cross PLC,Torresshire,49923,HI,41349 Stacy Knolls Suite 959,(228)492-1672x234
311,3453,US,"Ellis, Barrett and Ward",South Rachel,84315,MP,9953 Joseph Streets Suite 689,(676)213-6173x6965
311,3454,US,"Rush, Morris and Farmer",Christensenberg,81282,CA,304 Christopher Springs,001-430-412-1550x017
311,3455,US,Mckenzie-Gates,Gutierrezview,10524,NC,2948 Noah Route Apt. 685,+1-706-998-4349
311,3456,US,"Gomez, Mack and Craig",East Madison,62121,CA,6277 Mariah Alley,+1-507-394-8355
311,3457,US,Foster Group,East Angelaville,50256,KY,20963 Stephens Viaduct,001-579-221-2959x160
311,3458,US,Day-Garcia,West Jennifer,62724,FM,92291 Gonzalez Grove Suite 191,+1-487-587-5827x356
311,3459,US,Price Inc,East Taylorton,26827,DE,2510 Emily Corners Apt. 900,(537)409-8617x292
311,3460,US,Delgado PLC,Port Tracy,55585,CA,07073 Sara Overpass,875-976-2837
311,3461,US,Nielsen-James,Lake Shawn,31398,WA,35472 Johnson Pine Apt. 599,708-756-8861
311,3462,US,Hogan-Stewart,Lake Valeriemouth,89121,VA,76679 Romero Dale,458.946.6234x4962
311,3463,US,"Ruiz, Villarreal and Barton",Smithfort,04454,NC,91343 Thomas Manor,(643)412-1885x18216
311,3464,US,Serrano Inc,New Amberside,50381,WY,80995 Boyle Spur Apt. 010,953.504.8476
311,3465,US,"Olson, Wyatt and Sullivan",Olivertown,82143,NM,23502 James Road Apt. 023,001-529-314-9673
311,3466,US,Powell Inc,Moorestad,76882,SD,058 Mcguire Station Apt. 956,693.886.5160
311,3467,US,"Webster, Martin and Williams",Wandaside,23883,ND,13591 Garcia Lodge,001-957-505-9482x92984
311,3468,US,Smith-Russell,New Emily,32150,ID,59072 Odom Rue Suite 162,+1-756-226-6578x16574
311,3469,US,Shaw and Sons,Brandonberg,90585,VA,19237 Edward Manor,(891)791-5726x5213
311,3470,US,"Terry, Mathis and Fitzgerald",New Vicki,39520,IL,8400 Duran Underpass Suite 861,584-835-8149x18824
311,3471,US,"Sweeney, Golden and Kelly",North Michellechester,21108,GA,1210 Rebecca Rue Suite 432,805-669-0171
311,3472,US,Nelson-Wilson,Port Stephanie,09769,NV,841 Brooks Shoals,(727)483-1169
311,3473,US,Walls Ltd,New George,22826,AR,24007 Gina Trace,+1-612-718-7854x27020
311,3474,US,Chavez-Terry,New Ashley,03252,WV,31682 Stephen Pike Suite 275,420.961.3419
311,3475,US,Lee PLC,Stanleymouth,04719,GA,5311 Bradley Hills,+1-378-666-4391x326
311,3476,US,Rogers-Greene,Joshuatown,69461,IN,1291 Sweeney Route Suite 095,(763)762-7422
311,3477,US,Johnston and Sons,Anthonyshire,76135,NC,557 Crystal Skyway,547.465.2868x384
311,3478,US,Mendoza-Davidson,Davisland,41208,IN,83350 Warren Neck Suite 446,+1-771-474-9095
311,3479,US,"Haley, Daniels and Cole",Orrchester,92904,MN,17091 Troy Mountains,+1-486-349-6465x8894
311,3480,US,"Collins, Watson and Flores",Port Saraview,04279,OK,4369 David Landing,955.725.1612x95401
311,3481,US,Calhoun-Boyd,West Wendy,63391,AZ,1052 Michael Loop,001-633-900-3741x7271
311,3482,US,Pierce-Williamson,East Helenton,10312,MI,87047 David Square,8243263632
311,3483,US,"Ramirez, Graham and Harrington",South Caitlinbury,65555,CT,83538 Wilson Mill,210.663.8151
311,3484,US,"Terrell, Macias and Fuentes",South Timothy,87870,GA,02100 Dunn Prairie Apt. 626,(556)880-4285x03885
311,3485,US,Woodard-Donovan,Priceborough,36116,NJ,352 Katelyn Hill,+1-218-304-7188x3031
311,3486,US,Norman and Sons,Greenton,87129,MD,98567 Norman Ferry Apt. 544,(847)897-6185x7438
311,3487,US,Howard and Sons,Kathrynland,72065,SD,538 Desiree Greens,783.911.4100
311,3488,US,"Moore, Carpenter and Adams",Lake Rosefort,53670,MD,48272 Matthew Cape,001-639-268-0116x82187
311,3489,US,Doyle-Scott,Lake Gary,59666,IA,562 David Run Apt. 949,951-331-9894x8470
311,3490,US,"Simpson, Marsh and Estrada",West Richardtown,14186,IL,765 Bell Locks Apt. 105,(306)581-0696
311,3491,US,"Ochoa, Wise and Rhodes",Jeffreyfort,10661,UT,23477 Juan Stravenue,(590)923-8813
311,3492,US,Cunningham PLC,New Tracybury,22299,VI,108 Michele Street,440-393-0694x827
311,3493,US,Mckenzie-Mitchell,West Raymond,59636,WY,42546 Jerry Park Apt. 731,(756)896-6146
311,3494,US,Scott and Sons,Pachecoton,41695,IN,920 Jeffrey Avenue,3987989396
311,3495,US,Collins-Walker,Davidhaven,12914,MH,462 Alexis Causeway,522.587.1164x8878
311,3496,US,"Tucker, Townsend and White",West Jason,43968,IN,4027 Morrow Isle Suite 074,668-381-1346
311,3497,US,"Holden, Guerra and Patrick",Michealborough,69792,OK,75009 Ortiz Common,588-901-9394x349
311,3498,US,Hall LLC,Johnville,45274,TN,675 Michael Greens,(845)275-2621x33879
311,3499,US,Smith Inc,Matthewhaven,33095,WV,91646 David Circles,001-728-333-1090x6929
311,3500,US,Schaefer LLC,New Gregoryland,68983,MH,09132 Costa Cliffs,229-504-7270
311,3501,US,"Pena, Nielsen and Hartman",Charlesburgh,48157,TN,3034 Rogers Islands,(550)924-3604x110
311,3502,US,"King, Hart and Deleon",Port Katrinaton,39274,SC,26649 Mooney Station Suite 437,001-961-309-2594x4528
311,3503,US,Mills-Jones,West Kristen,12805,MN,919 Brittany Extensions Suite 847,001-316-471-1007x985
311,3504,US,"Garcia, Brown and Phelps",Aguilarfort,16097,NV,343 Nicole Land Apt. 303,001-752-960-2486x9663
311,3505,US,Campos Ltd,Thomasburgh,88797,WA,8241 Murphy Forest,(584)709-3942
311,3506,US,Clark and Sons,Nguyenchester,36575,CO,2309 Shannon Parks,268.891.0087x29242
311,3507,US,Swanson PLC,Burnsbury,78895,VI,325 David Mall,001-383-231-7430x17199
311,3508,US,Morris-Figueroa,Blairport,45125,MP,974 Pamela Haven,001-492-873-0559x3194
311,3509,US,Schultz Inc,Lake Haroldshire,48215,SD,589 Barry Club Suite 780,639.256.2381x277
311,3510,US,Hayden Ltd,Merrittmouth,41102,ND,1366 Robert Points Suite 344,+1-376-421-9821
311,3511,US,Snyder PLC,Bridgettown,87813,UT,60253 Laura Plaza,205-899-1470x9265
311,3512,US,Hammond-Weiss,East Emily,79862,MS,357 Ricky Corner,001-883-229-4111x686
311,3513,US,"Parker, Greene and Bailey",South Williamton,39709,AK,92277 Amanda Mews Apt. 453,3048703194
311,3514,US,Ramsey-Nelson,East Mary,43347,OH,46708 Riggs Island Apt. 437,371.225.6981
311,3515,US,"King, Bowman and Shepherd",Michellebury,14458,NY,6701 Gordon Courts,854.632.1812
311,3516,US,Reed Group,Rickystad,83617,SC,9120 Jeffrey Isle Apt. 422,001-482-769-6195
311,3517,US,Brooks-Fox,New Cory,57015,DC,6792 Reeves Cape,+1-554-813-3179x46238
311,3518,US,"Harris, Lane and Smith",South Jeffreyport,36118,WA,04746 Brooke Falls,266-932-1603x808
311,3519,US,Solis Ltd,Coryborough,26125,GA,4975 David Inlet Apt. 188,5977901437
311,3520,US,Adams-Smith,East Ericbury,30969,WY,19298 Cindy Divide,+1-782-800-5508
311,3521,US,"Davis, Kim and Park",Kathleenview,50067,HI,32216 Amanda Spring Apt. 621,630.602.7134x6253
311,3522,US,Hamilton LLC,Lake Brian,14401,AL,8033 Cynthia Motorway,001-969-250-0872x33951
311,3523,US,"Brown, Cordova and Harris",Port Hailey,18354,GU,826 Mccarthy Keys,726.824.4863x98771
311,3524,US,Martinez-Gill,North Alexandrabury,41482,NE,215 Joshua Ports Apt. 835,(975)861-7139
311,3525,US,Anderson-Marshall,West Christopherburgh,42707,MO,8781 Michael Mountains,(756)337-0082
311,3526,US,Lee Inc,Krausechester,95830,ID,5384 Murray Freeway,862.834.2528
311,3527,US,"Smith, Scott and Cross",East Michael,47112,MP,82407 Laura Isle Apt. 899,885.950.5920x63370
311,3528,US,"Nicholson, Johnson and Taylor",Sarahfort,81362,OH,21628 Jason Tunnel Apt. 355,+1-688-871-4219x236
311,3529,US,Ross-Campbell,Angelaview,44319,IA,435 Mcbride Pass,001-784-671-5415x970
311,3530,US,Hensley LLC,Jeremyport,94805,MI,56657 Ronald Springs,(856)426-5859
311,3531,US,"Burnett, Long and Williams",North Annamouth,73124,GU,45988 Joshua Rapid,+1-861-776-4432x907
311,3532,US,"Anderson, Johns and Mitchell",Valenzuelaview,74882,MH,8506 Santiago Underpass Apt. 446,294-859-9248x591
311,3533,US,Chung Ltd,Port Juan,30921,MO,1288 Tanya Causeway Suite 910,848.824.1794x65225
311,3534,US,Bishop and Sons,Port Aaron,48327,MH,51327 Vincent Views,(854)366-2230
311,3535,US,Holmes-Arias,West Brandon,12461,ID,95975 Monica Vista,(279)965-9314x917
311,3536,US,Howard-Mcdonald,Benjaminbury,51364,FM,42011 Leonard Dale,762-936-4063x86360
311,3537,US,Wells-Williams,Gutierrezfort,07036,IA,05111 Tracy Motorway,(713)786-7293x83586
311,3538,US,"Mccarthy, Clarke and Anderson",Amandamouth,94357,MA,6353 Haley Mills,873.684.1107x34294
311,3539,US,Stevenson Group,Port Jerryborough,71826,MO,85825 Christine Divide,612.328.1618x23329
311,3540,US,"Strong, Cantrell and Huff",Port Timothymouth,14752,NC,7750 Miller River,4504783126
311,3541,US,"Gonzalez, Bartlett and Ortiz",Lambertshire,27999,MT,78680 Debra Villages,+1-400-752-2389x241
311,3542,US,Lee-King,Monroechester,55326,CA,070 Barnett Fields Suite 116,274-913-5270
311,3543,US,"Smith, Mercado and White",Lake Sheilashire,63898,MH,2834 Morgan Place,8022914672
311,3544,US,"Peters, Brown and Conley",South Sheilaburgh,27806,NY,89520 Kara Roads Suite 900,987-810-9126
311,3545,US,Dyer PLC,New Wandahaven,91517,UT,103 Ashley Ranch,001-981-903-5741x2315
311,3546,US,Freeman and Sons,North Nicholeburgh,72807,FM,291 Theresa Stream Apt. 316,209.584.0863
311,3547,US,Carrillo-Beck,Ronnieborough,36519,KS,8858 Barnett Square,001-489-831-9293x198
311,3548,US,"Clark, Lopez and Greene",Francesville,20811,IN,66033 Tamara Mission Apt. 588,(715)265-3123x41577
311,3549,US,Scott Ltd,Davidchester,74469,PR,77123 David Mill,(909)924-4873x722
311,3550,US,"Williams, Davis and Collier",Michaelton,07478,TX,76130 Melissa Mill Suite 208,9964492716
311,3551,US,"Obrien, Andrews and Walker",Williamsmouth,83364,IL,9230 Kennedy Highway,(373)531-6719x88466
311,3552,US,Rojas and Sons,Hernandezville,94282,TX,789 Lopez Harbors,+1-825-845-2524x161
311,3553,US,Shaw and Sons,New Michael,11731,NJ,1848 Joe Summit Suite 733,641-768-3789x265
311,3554,US,Henry PLC,Rodriguezborough,23225,AK,33103 Shannon Stream,001-936-519-1343x1691
311,3555,US,Willis PLC,East Michael,07514,CT,528 Mcbride Loaf,+1-838-625-3077x60132
311,3556,US,Rodriguez Ltd,Brooketown,55629,WY,6793 Sarah Fields,(270)953-6105x15134
311,3557,US,"Thomas, Kent and Bell",West Paulshire,06338,VA,53399 Nolan Fields Apt. 172,633-897-1902x23334
311,3558,US,Brown Group,Port Jasontown,70643,MS,649 Tyler Divide,628-698-1856x091
311,3559,US,Johnson PLC,Lake Jessica,50822,MN,193 Nathan Lane,451.447.2678x9044
311,3560,US,Oliver Group,Williamville,77136,UT,31718 James Spur,(316)845-4653x399
311,3561,US,Lewis Group,Lake Daniel,23644,MN,73537 Herman Union,001-712-749-2085x554
311,3562,US,Phillips PLC,North Dianefort,49617,KY,709 Suzanne Plaza,921.598.0093
311,3563,US,"Wade, Dillon and Flynn",East Kayla,87182,IN,32790 Heather Fort Apt. 253,+1-404-591-0089x1458
311,3564,US,Lambert PLC,Flowerstown,51048,ME,7259 Burns Club,712-770-2295x7286
311,3565,US,"Johnson, Holder and Thornton",Owenville,97724,SD,580 Phelps Spurs Apt. 728,(445)451-8814x3133
311,3566,US,"Miller, Gross and Sims",Jonesmouth,25878,AR,5413 Travis Groves Suite 421,001-439-974-2458x882
311,3567,US,"Shelton, Fitzgerald and Vasquez",Jamesbury,23575,NM,20390 James Mission,(454)249-1792
311,3568,US,Brooks Inc,Michaelside,52307,DC,5740 Clarke Mall Suite 277,(364)234-6820x725
311,3569,US,Lewis-Bowers,Patelstad,54446,WY,04274 Davis Route Apt. 708,+1-504-804-5067
311,3570,US,Jackson Ltd,Jenniferburgh,02356,IL,7148 Anthony Streets Suite 576,(585)677-7381
311,3571,US,Gutierrez and Sons,Martinezstad,85168,NJ,328 Carter Plains,(978)659-6831
311,3572,US,"Martin, Gray and Harrell",Port Brianport,81917,ND,22507 Russell Cove,+1-751-666-3425
311,3573,US,Aguilar LLC,South Karenmouth,24166,PW,01468 Carl Haven Apt. 209,417.938.8022
311,3574,US,"Ross, Martinez and Munoz",Lake Benjamin,05915,IA,102 Rollins Lakes,721-546-7616x4729
311,3575,US,"Young, Day and Ayers",South Rachel,37915,AR,879 Sean Ferry,2755256363
311,3576,US,Smith and Sons,East Heatherton,74875,PA,2290 Hall Hills Suite 013,(235)927-7642x6493
311,3577,US,Conrad and Sons,Morganbury,96621,WA,7361 Nathaniel Ways,5847406844
311,3578,US,Johnson Group,Lake Amber,46398,OH,29906 Williams Corners Suite 958,+1-528-686-6095x625
311,3579,US,"Duncan, Williamson and Diaz",Davieschester,28747,NJ,3805 Dawn Fields,566.550.7834x348
311,3580,US,Burgess-Marquez,North Jeffrey,14373,GA,845 Swanson Cliffs Apt. 742,6285281088
311,3581,US,"Sanchez, Marquez and Garrett",East Christopher,32571,SD,107 Lopez Orchard,+1-396-728-8478
311,3582,US,"Garza, Ross and Bell",Ericland,64020,UT,0821 Courtney Rest,629-823-1078
311,3583,US,Haynes-Schultz,Zimmermanmouth,93729,CO,27388 Diana Wells,001-297-841-3973x177
311,3584,US,Nguyen-Rodriguez,West Emilymouth,72023,LA,211 Christine Inlet Suite 354,3062217488
311,3585,US,"Hughes, Henry and Sanders",Lake Keithstad,55298,MI,63857 Casey Road,(584)770-8145x08237
311,3586,US,Harrington Group,Lake Michael,26405,GA,5899 Kristin Springs Apt. 730,001-201-291-3468
311,3587,US,"Perez, Hanson and Davis",Joshuaberg,56689,AR,7615 Anna Circles,001-633-810-4347
311,3588,US,Harvey-Arellano,North Robert,25867,NY,88614 Breanna Hollow,+1-698-954-5749
311,3589,US,"Allen, Conner and Brown",West Kevin,36029,AK,919 Glover Mill Suite 556,001-677-694-2049x09095
311,3590,US,Torres-House,West Ryanstad,89662,MI,717 Amanda Track,(731)430-0781
311,3591,US,Wallace-Daniels,Chanburgh,16901,MS,0277 Jeremy Grove Apt. 262,981-998-9240
311,3592,US,"Henderson, Murphy and Lewis",Maychester,40984,MD,9671 Smith Road Apt. 647,001-524-222-1315x50902
311,3593,US,Bentley-Yang,Port Jonathanville,54592,OH,60408 Howard Freeway Suite 598,+1-564-832-2490x179
311,3594,US,Rogers LLC,Williamston,69032,AR,92823 Lindsey Lodge Suite 462,929-699-4450
311,3595,US,"Cabrera, Potter and Mcbride",East Jillfurt,48055,PA,6121 Lewis Avenue,(583)306-6862
311,3596,US,Griffin LLC,Jasonhaven,68946,HI,41369 Garza Shoals Suite 546,837-738-1674x7427
311,3597,US,"Murphy, Miller and Gibbs",East Elizabethport,39091,AS,8086 Daniel Road Apt. 352,+1-264-925-9154x33974
311,3598,US,Farrell-Schwartz,Austinhaven,36279,WI,5179 Ashley Place,472.991.8844x3766
311,3599,US,Thomas-Hicks,Stephanietown,83503,WI,23492 Pacheco Coves,422.641.1883
311,3600,US,Burch-Fields,Patrickburgh,69656,ME,876 Freeman Rest,965-395-9300x6985
311,3601,US,Boyd Inc,New Kellyburgh,26354,IN,5081 Wright Crest Apt. 016,725.307.3931x836
311,3602,US,"Clements, Cooper and Henderson",Port Megan,69749,NM,703 Ryan Estate,(249)347-2865
311,3603,US,"Holmes, Cooper and Mosley",West Joseph,22823,MN,62280 Shawn Corner Suite 105,001-487-825-4290x7433
311,3604,US,Lucas-Jackson,North Brandi,76896,RI,015 Cynthia Greens,421-350-6849
311,3605,US,Perkins-Watson,New Vickie,93897,VA,66919 Jackson Loop,505-692-8265x509
311,3606,US,"Bruce, Thomas and Galloway",Richardfort,07717,FM,272 Parker Highway Apt. 121,(810)660-6558x98840
311,3607,US,Bowen Inc,East Jonathantown,42971,PW,88123 Lopez Trail Suite 527,001-561-506-5087x2800
311,3608,US,Mann-Guerrero,Hannahburgh,79134,UT,35364 Abigail Loop,503-822-5648
311,3609,US,"Hill, Mendoza and Jones",Robertsfurt,86367,CA,451 Michael Courts,375.475.2515x656
311,3610,US,Jackson Ltd,North Toddborough,56628,NM,339 Derek Summit,(246)227-1811
311,3611,US,"Humphrey, Garcia and Simpson",South Andrewfort,81020,MN,687 David Pine,001-889-977-7976x7505
311,3612,US,Wolfe-Little,Pamelafort,38422,MA,63532 Harris Green,471-616-3703x95483
311,3613,US,"Kaufman, Harris and Coleman",New Eugeneland,24230,NV,394 Nancy Light,001-327-960-2804x30663
311,3614,US,Daniels-Alvarez,Port Jamieland,34179,MN,916 Castillo Spur,+1-467-513-2562x928
311,3615,US,"Washington, Pearson and Williams",East Carrieport,78657,GA,391 Todd Dale Apt. 998,2718488466
311,3616,US,Roman and Sons,Janicemouth,53721,NY,0947 Moore Shores Apt. 654,+1-363-696-0979x52552
311,3617,US,Garner Group,Davidberg,41794,PA,71097 William Glens,473-662-8053
311,3618,US,Hicks Inc,Richardtown,63093,MI,96861 Blevins Mall Suite 043,+1-613-724-6765x817
311,3619,US,Cooper-Mitchell,Bushberg,95229,MA,41124 Hoffman Mission,695-386-7237x811
311,3620,US,"Fischer, Davis and Wilson",Brianborough,43124,WI,878 Quinn Mill,568.595.3555x70593
311,3621,US,Chapman Group,Butlermouth,71312,PR,8294 Sandra Lodge,+1-383-446-9162x73083
311,3622,US,"Smith, Delacruz and Frost",Hendricksfort,08876,PW,2732 Christian Cove Suite 112,963.248.3452
311,3623,US,"Bush, Moore and Baker",Lake Sarah,53077,UT,33902 Odonnell Spring Apt. 462,739-736-2169
311,3624,US,Rios-Perez,Port Kristinabury,84231,IL,264 Lang Fall Suite 005,735.373.7952x7079
311,3625,US,Martin-Marshall,Lake Kristin,69994,AL,3584 Schultz Neck Suite 760,001-518-786-7826x51505
311,3626,US,Riley Ltd,New Steven,99598,WI,47766 Peterson Green,+1-927-772-2144x43874
311,3627,US,"Walters, Mays and Mathis",West Kevin,84131,CT,932 Larry Key,001-929-824-7196x041
311,3628,US,"Garner, Rodriguez and Jones",North Andrewfurt,91574,GA,550 Parker Union Apt. 167,(922)816-6548
311,3629,US,"Nelson, Powell and Calhoun",Lake Kelseystad,81116,PW,8492 Smith Wells Suite 622,247-807-5983x52578
311,3630,US,Lambert-Jackson,Zacharyland,34125,IL,669 Kevin Oval,427-997-9251x986
311,3631,US,"Barnes, Thompson and Davis",Patriciaside,09517,LA,5737 Campbell Ville Suite 513,801-501-0071
311,3632,US,Coffey Inc,East Michaelchester,60490,NH,13320 Hernandez Mills Apt. 396,+1-463-432-6620x5256
311,3633,US,"Lane, Christian and Cook",Rachelfort,19023,NY,1591 Castro Mall,228-855-0294
311,3634,US,Walton PLC,Port Joseph,04872,WY,51497 Ortiz Trace Suite 975,453.774.9525
311,3635,US,Smith-Hunt,Cohentown,64217,SD,76336 Garcia Shoals,+1-715-715-9472x8412
311,3636,US,Salinas-Byrd,North Charlesside,28001,MO,6005 Richardson Keys,001-516-409-1179x49382
311,3637,US,"Spencer, Frye and Davis",Michaelfort,15271,NM,470 Beth Overpass Apt. 109,3909433706
311,3638,US,"Griffin, Peters and Thompson",South Keithfort,81786,PR,367 Miller Springs,996.316.7667x1571
311,3639,US,"Tyler, Williams and Alexander",South Matthew,64710,MD,9619 Eric Park Apt. 467,488-351-8851x3636
311,3640,US,Henry Group,North Colin,63245,WY,5563 Hudson Glens,394.540.3336x7026
311,3641,US,Foster-Brown,West Ian,82607,MH,90729 Smith Bypass,538.894.8037
311,3642,US,Smith PLC,North Catherinechester,19404,FL,81959 Rodriguez Mews Suite 667,595-413-4985x9827
311,3643,US,Ellis Group,East Haley,70921,OH,19461 Andrew Stream Suite 082,(872)269-6774x565
311,3644,US,Bowers Ltd,West Ryan,99008,KS,9523 Roger Squares,+1-971-974-5033x571
311,3645,US,Branch Group,South Michellefurt,24173,HI,6159 Darlene Forges,652.530.3931x1026
311,3646,US,Webb Ltd,Tammyside,19361,VT,22991 Tammy Shores Suite 002,(820)674-3464x818
311,3647,US,Mathis LLC,Beanmouth,93283,OR,88052 Baxter Ridges Suite 568,(951)989-0247x2323
311,3648,US,Brandt-Ferrell,South Aprilland,28652,FL,1709 Michael Skyway Apt. 164,+1-637-380-8507x900
311,3649,US,Snyder-Howe,New Robertborough,73570,PW,021 Frank Corners,658.423.7918x58467
311,3650,US,Mcconnell-Miller,Bowmanhaven,20974,MH,75320 Lawrence Walks Apt. 734,5138357465
311,3651,US,Moore-Williams,Pamelabury,75266,AZ,45804 Johnson Estate Apt. 059,+1-475-259-5121x286
311,3652,US,Ward and Sons,North Jeffreymouth,03414,NM,56164 Jamie Shoals,+1-648-403-2821
311,3653,US,Washington-Gardner,New Justinchester,71260,MH,251 Weaver Streets Apt. 084,(356)542-3245x4541
311,3654,US,Patton-Wood,Jackmouth,19046,MO,328 Hardy Port,959.998.5101
311,3655,US,Martinez Group,Thomasfurt,41727,VA,372 Angela Neck Suite 359,(208)349-3646x696
311,3656,US,Torres-Smith,Petersenchester,24536,FL,6297 Mark Station,001-543-309-1778x8600
311,3657,US,"Simmons, Simpson and Carrillo",Garciachester,94581,KS,4169 Lisa Flats Apt. 290,521-840-8017x483
311,3658,US,Moore PLC,East Donaldport,82647,TX,3046 Stephanie Neck,375-734-3576x0540
311,3659,US,Harris and Sons,Meredithborough,25879,NC,94956 Karen Plaza Apt. 745,959-786-5731
311,3660,US,Phillips Group,North George,73569,MS,1616 Brown Walk Apt. 063,(303)404-8210x2368
311,3661,US,"Harrison, Vega and Tucker",Watkinsfurt,01372,WY,209 Wendy Valleys,(415)595-6460
311,3662,US,"Edwards, Macias and White",East Wesley,33954,KS,1839 Krueger Meadows,001-850-284-1843
311,3663,US,Sherman-Lopez,New Jamesberg,57998,ME,0834 Stacie Well,001-430-783-0040x98956
311,3664,US,"Dean, King and Hubbard",Margaretmouth,27002,CO,5998 Vincent Parkways,(934)644-8590x072
311,3665,US,"Bell, Bradley and Ortiz",Smithhaven,40899,CT,44074 Martin Wells,(257)225-9130
311,3666,US,"Decker, Clark and Moran",Gregoryshire,79394,LA,8275 Dustin Meadow Apt. 371,(775)619-9936
311,3667,US,Henderson and Sons,Barbarafort,77194,MN,51090 Benjamin Dam Suite 879,307.248.3776
311,3668,US,Lopez LLC,Fritzland,59640,IN,5860 Dustin Isle Apt. 670,001-325-877-3475
311,3669,US,Quinn PLC,Martinfort,10871,NY,52809 Perry Village,974-897-0652
311,3670,US,Moore Ltd,East Jennifer,26419,VT,01614 Yvonne Crossing,269.245.2763x0965
311,3671,US,Hammond-Rodriguez,Phillipshaven,13073,AS,978 David Groves Apt. 406,223-514-2413
311,3672,US,"Carpenter, Wallace and Patton",South Michael,07825,NV,0631 Laura Islands Suite 511,001-472-263-1727
311,3673,US,Villarreal-Davidson,Margaretport,76586,GU,86362 Erik Court Apt. 867,+1-525-928-3187x0450
311,3674,US,"Snow, Burnett and Carter",East Kimberlyfort,50070,IN,475 Friedman Ranch,533.416.9650
311,3675,US,"Smith, Moore and Jacobson",North Reneeton,71504,MO,4369 Chandler Skyway Apt. 595,391-210-6891
311,3676,US,"Rivera, Berry and Sanchez",Hicksbury,91823,AK,2988 Paul Neck,448-530-7558x485
311,3677,US,Allen Group,West Vanessaburgh,49303,PW,587 Jennifer Well,487.822.3589x140
311,3678,US,Miller-Thornton,Port Angel,47746,IL,7033 Brian Locks,001-545-267-8975x4640
311,3679,US,Ali Ltd,South Robert,50190,IL,9984 Hector Row Apt. 689,679-708-4058x7737
311,3680,US,"Wilson, Johnson and Callahan",North Adam,16121,KY,8757 Quinn Prairie,(822)800-8441
311,3681,US,Brooks-Ford,Tiffanyfurt,55754,NJ,155 Hicks Dale,001-689-924-6737x5679
311,3682,US,"Rivera, Mason and Taylor",Nicholasburgh,14904,NE,700 Collin Plaza Apt. 272,(431)975-5134
311,3683,US,Noble-Erickson,Garrisonshire,84225,OR,70709 Mcmillan Ramp Suite 640,782.299.3667x1340
311,3684,US,Perry Ltd,Port Kendramouth,25052,GU,969 Holden Pine,(315)392-0642x32180
311,3685,US,Coleman-Medina,New Ryanport,89308,NC,39322 Kevin Tunnel Suite 279,4838470804
311,3686,US,White and Sons,Karinabury,38559,HI,305 Mason Divide,210-823-1038
311,3687,US,"Jones, Gonzalez and Mitchell",East Stephanieborough,98637,MS,22082 Washington Ridge Apt. 002,(623)712-6753x62487
311,3688,US,Martinez-Moore,Wilkersonshire,80056,CO,0663 Casey Green Apt. 011,538.399.2146x1191
311,3689,US,Valentine and Sons,North Mark,05179,NE,84323 Lindsey Skyway,(601)848-7354
311,3690,US,Brooks PLC,Maddenview,02692,DE,71435 Hernandez Estates Suite 154,7833563014
311,3691,US,Baker-Salazar,Perryview,56998,NY,9906 Nathaniel Tunnel Apt. 459,609.418.4882
311,3692,US,Jones Inc,Pettyberg,71533,NC,1956 Jeffrey Lane,354-895-0924x314
311,3693,US,Cook-Davidson,Lake Ralphstad,09155,AK,22774 Kevin Haven Apt. 221,708-411-1921
311,3694,US,Smith PLC,Lake Annettestad,56042,VT,6834 Hensley Passage Suite 127,567.927.1067x885
311,3695,US,Payne-Sherman,South Aliciaport,53339,PR,07693 Ford Island,620-899-7236x5878
311,3696,US,Ferguson-Le,East Joseside,83234,MP,41090 Christopher Fort,(200)657-8838x50274
311,3697,US,Weaver and Sons,West Tracyfurt,94529,SC,088 Michael Meadows Suite 096,967-682-6803x7941
311,3698,US,Diaz-Cunningham,Michaelshire,12698,LA,74157 Alyssa Extensions,(864)578-7487
311,3699,US,Andrade Ltd,Kimberlyberg,96666,MP,4938 Steven Ports Suite 310,723-743-5424
311,3700,US,"Hernandez, Erickson and Matthews",Robertview,55781,ND,97131 Robert Court,358.681.6659
311,3701,US,Meadows-Vasquez,North Kimstad,41797,MI,74348 Stevens Cliff Apt. 963,001-341-862-7622x67991
311,3702,US,Miller-Gordon,Lake Christopher,58213,SC,04339 Ricky Parkways Suite 226,+1-878-287-0901x08163
311,3703,US,Diaz LLC,New James,06750,RI,82158 Jackson Isle,501-432-1557
311,3704,US,Burke-Williams,Brownmouth,12998,KY,822 Jason Canyon Apt. 909,(308)707-1015x955
311,3705,US,"Kennedy, Espinoza and Lewis",North Deborah,94973,KY,295 Faulkner Bridge,(241)493-3755x2155
311,3706,US,Hendrix-Rodriguez,Glassfort,09181,OK,513 Krause Forges Apt. 633,(388)739-3963x0446
311,3707,US,Hays-Gray,Acostaburgh,60771,NM,53815 Amanda Port,261.784.7461x275
311,3708,US,Cobb and Sons,Duffyborough,51298,PR,30176 Johnson Union,(480)477-2121
311,3709,US,Hamilton-Hernandez,East Kylechester,58473,VT,041 Tara Crest,(824)961-7469
311,3710,US,Cabrera Group,East Heatherchester,77292,MT,54622 Norris Crossing Suite 129,001-927-256-5711x9958
311,3711,US,Davila and Sons,Daniellefurt,62001,NY,2359 James Lake Suite 787,614.427.9730x7157
311,3712,US,Harper-Price,West Kevin,86636,ID,105 James Corner Apt. 155,463-541-5551
311,3713,US,Martin-White,Hillside,78865,GA,5160 Smith Viaduct,915-707-2389x542
311,3714,US,"Shaw, Hudson and Mata",Lake Andrew,90268,AS,207 Alexander Crossing Suite 210,(253)590-3915x9596
311,3715,US,"Campbell, Bell and Guerrero",Lawrencebury,98560,MI,7500 Moses Knoll,(516)464-8734x32492
311,3716,US,Smith-Smith,Port Alexchester,28501,MT,45789 Perez Villages Apt. 677,450-441-6269
311,3717,US,Klein LLC,Port Chelsea,29812,VI,500 Malone Mountains,001-963-512-0426x285
311,3718,US,Stewart-Rubio,Robertfurt,18353,MI,218 Dustin Alley,316-224-3271x95932
311,3719,US,Myers-Schwartz,Lake Jessica,93501,TN,023 Jorge Ranch Suite 177,(465)570-2316x283
311,3720,US,Lutz and Sons,West Kim,89986,MH,08119 Mendez Valley Suite 075,+1-408-659-9735
311,3721,US,"Phillips, Rodriguez and Mendoza",New Darlene,66480,UT,94053 Reilly Mountain,(725)274-2367
311,3722,US,Flores-Jackson,Joannville,76761,WY,757 Frey Bridge Apt. 108,(328)819-4659x402
311,3723,US,Hill and Sons,Trujilloshire,13482,HI,9525 Lewis Common Suite 616,841.248.3157x8152
311,3724,US,Collins-Lynch,East Kristyville,05997,NV,6795 Madden Common Suite 778,746-490-2330
311,3725,US,Webb LLC,Lake Eric,01991,NH,4821 Nicholas Streets Apt. 265,+1-901-774-8638
311,3726,US,Guzman PLC,South Stevenshire,17998,WY,196 Schmidt Stravenue Apt. 923,001-912-723-5630
311,3727,US,"Rosario, Harper and Tucker",South Lindahaven,98143,AZ,173 Melissa Ports Apt. 198,+1-433-524-8236x88312
311,3728,US,"Thomas, Adams and Golden",New Loriborough,39731,ME,4868 Tran Wall Apt. 926,001-471-534-8814x844
311,3729,US,Parks-Shea,New Brittany,54782,VI,03690 Herring Extension Suite 050,(672)851-6844x731
311,3730,US,"Suarez, Townsend and Porter",South Manuelbury,23291,AK,74520 Katie Overpass,001-408-215-8939
311,3731,US,"Jackson, Martin and Higgins",South Garyview,20582,DC,35927 Rebecca Camp,5532300556
311,3732,US,Lopez Ltd,Donnashire,76894,DC,05967 Ryan Island,(491)287-7342
311,3733,US,Mendoza Inc,East Ashley,12139,NJ,767 Bell Land,970.548.3215x6323
311,3734,US,"Austin, Thompson and Callahan",Hernandezton,63798,FM,3106 Diana Summit,544-344-5237x6468
311,3735,US,"Garza, Wilson and Bailey",South Margaretstad,56284,MI,4409 Kristi Branch,232-970-8930
311,3736,US,Roberts LLC,Kimberlymouth,51920,CT,0458 Wood Roads Apt. 446,4263093048
311,3737,US,Harris Group,New Justinfort,36954,OH,9188 Scott Mission,674-392-6713x290
311,3738,US,Woods-Barber,West Gary,12194,CA,8888 Michelle Ville,+1-872-948-0656
311,3739,US,Dunn-Carter,New Jeffreytown,10054,TX,6018 Jose Hollow,4932251450
311,3740,US,"Johnson, Richardson and White",North Alexis,08433,CT,127 Julie Ports Suite 281,5902620327
311,3741,US,Allen-Schroeder,South Kathy,74908,OR,94811 Eric Ports,564.307.2051x5853
311,3742,US,"Stewart, Bauer and Bradley",Rickyside,99062,PW,01008 Brian Pines,(489)490-3637x03616
311,3743,US,Bolton PLC,South Lauren,52003,FL,987 Liu Roads,+1-702-808-5254
311,3744,US,"Carter, Wheeler and Burke",Lake Timothymouth,93771,NC,72419 Richardson Divide,001-625-967-3421x42677
311,3745,US,Brennan Inc,West Timothybury,02993,VA,243 Leroy Springs Apt. 863,825.443.6597x51075
311,3746,US,Salazar-Anderson,Ericberg,23600,AS,60579 Carr Estates,202.637.2953x4322
311,3747,US,Nielsen-Walker,Joshuamouth,20062,GU,1867 Snyder Extension,925.799.8498x6017
311,3748,US,"Fischer, Mckinney and Cox",East Jill,92402,NV,6741 Lawrence Junctions,738.991.4621x89417
311,3749,US,Warren-Bowman,Walkertown,60636,MO,993 Maddox Trail Suite 327,545-483-9187
311,3750,US,Jones-Flores,Roberttown,56777,TN,6490 Jacqueline Mountains,001-218-994-4997
311,3751,US,Parker LLC,Angelicaburgh,16566,IA,497 Elliott Prairie Apt. 538,896-512-5559x2214
311,3752,US,"Lowery, Mann and Briggs",Liville,10299,NE,9839 Jeffery Centers,632.832.3591x66107
311,3753,US,Goodwin-Clark,North Megan,56510,DE,48657 Christine Spur,778-777-5507x18102
311,3754,US,"Moran, Daniels and Todd",East James,36164,OR,75556 Weiss Station Apt. 709,661-770-8460
311,3755,US,Washington-Hawkins,Patriciaborough,90144,AK,39590 Byrd Hill,001-611-283-2410x246
311,3756,US,Walker-Joyce,Lake Johnland,80141,AZ,1190 Kenneth Harbors,936-916-7268
311,3757,US,Booth Ltd,Wintersside,33042,SC,8356 Craig Loaf,001-917-533-8719x1838
311,3758,US,Jackson PLC,Cortezchester,28426,NV,06036 Timothy Port Apt. 860,+1-747-273-2752x88209
311,3759,US,"Durham, Lynn and Massey",West Williamshire,73624,SC,79191 Brady Plaza Apt. 452,354-367-7521x082
311,3760,US,Lewis-Shelton,East Anthonyside,81160,WI,1919 Rickey Ramp Apt. 268,001-975-239-5322
311,3761,US,"Pierce, Petersen and Hunter",Millerborough,94180,IA,6951 Williamson Crossing Suite 481,001-991-559-7781x46589
311,3762,US,Howard-Williams,Port Adamhaven,23245,NC,759 Cynthia Stream,5463588639
311,3763,US,Copeland PLC,Batestown,94402,RI,206 Elizabeth Hill Suite 984,001-331-426-4738x68808
311,3764,US,Francis-Davis,South Annetteton,58299,NV,510 Shawn Islands Apt. 676,+1-383-642-6903x59110
311,3765,US,Morris Inc,New William,75172,GA,7162 Jason Green Suite 048,+1-374-469-6105
311,3766,US,Hurst Group,Alvarezfort,94693,AZ,8655 Adam Grove Apt. 746,+1-606-247-6405x904
311,3767,US,"Arnold, Wright and Navarro",Richardsberg,10284,MA,0644 Rodney Ferry,7346684389
311,3768,US,Griffin-Miller,Rowlandton,34923,NC,7358 Baker Greens,+1-412-946-1570
311,3769,US,Bradley PLC,New Anthony,16184,WV,55810 Katrina Centers,001-888-603-2542
311,3770,US,"Fleming, Baker and Valencia",Nicolefurt,87127,MH,142 Moreno Oval Apt. 470,001-675-412-4179
311,3771,US,Cook-Chapman,East Bryanland,82295,MI,85024 Garcia Expressway,763.266.8709x8904
311,3772,US,"Gonzalez, Hooper and Tapia",Whiteton,61190,MT,68922 Allison Spur Suite 832,(497)703-6758x8135
311,3773,US,"Johnson, Olson and Kelly",Loganshire,07999,AR,98497 Kenneth Mountains Apt. 340,229-441-9145x89297
311,3774,US,"House, Johnson and Russell",New Tammyfurt,28426,MO,13130 Jones Lodge Suite 215,(205)369-8735x2690
311,3775,US,Wagner-Gay,Bergport,66543,KY,99475 Barrera Station,887.393.3235
311,3776,US,"Campos, Gibson and Johnson",Lake Robert,49563,MS,212 Christopher Lock,+1-943-479-6270x464
311,3777,US,Pena-Hunt,West Margaret,71593,TX,8236 Loretta Bypass Suite 277,789.828.3881x298
311,3778,US,Allen Ltd,South Nathanchester,78717,MN,26796 Shannon Cliffs,001-564-869-4871x12567
311,3779,US,Ellis LLC,West Megan,57433,MA,621 Matthew Vista,(849)816-1612
311,3780,US,"Miller, Anderson and Lynch",Michaelfurt,39600,WI,292 Mindy Lights,593.885.7359x405
311,3781,US,Howard-Wilson,South Codychester,31641,OH,494 John Alley Apt. 493,426.812.8822x753
311,3782,US,"Martin, Dillon and Lester",North Kristina,57501,OR,764 Price Shore,622.545.4846x630
311,3783,US,Chambers Inc,East Christian,19645,TN,45375 Edward Courts,+1-703-924-4133x224
311,3784,US,Galloway-Lewis,Vargasfort,00970,ND,82988 Bentley Haven Suite 721,413-820-8154
311,3785,US,"Fischer, Smith and Davenport",Palmerchester,71332,NJ,5616 Kyle Squares,275.747.4014
311,3786,US,"Becker, Merritt and Baker",South Jesus,07355,FM,3690 Sharon Plaza,3776630327
311,3787,US,Stephens and Sons,South Michael,01584,TX,086 Kelly Expressway Suite 603,561-317-3863x556
311,3788,US,Stewart-Chen,North Kevin,68784,MS,76728 Christie Way,604-983-7112x90631
311,3789,US,"Jones, Hall and Green",Jillfort,65563,SD,38244 Bernard Road Apt. 454,(626)665-7540x17209
311,3790,US,Young and Sons,West Vanessastad,79435,LA,41067 Burch Fields,(503)410-0652
311,3791,US,Davis and Sons,North Justin,22297,ME,149 Shawn Park Apt. 339,001-439-292-5358x161
311,3792,US,Barnes PLC,Dannyton,60653,MI,911 Strickland Track,(561)517-1322
311,3793,US,"Miller, Shaw and Boyd",Lake Davidborough,19814,NH,4927 Garrett Crescent,(403)750-0869x7446
311,3794,US,Nguyen-Anderson,East Zacharyborough,87708,MA,97434 Davis Village Apt. 071,001-892-210-7149x1823
311,3795,US,"Lin, Moore and Brown",Lake Ashleytown,54981,WI,473 Dougherty Circle Suite 164,518.789.8743x15772
311,3796,US,Mullins and Sons,New Chad,53475,MO,5937 Banks Key Suite 305,001-862-910-4771
311,3797,US,Bolton Ltd,East Terri,18533,WI,272 Austin Pike Suite 830,726.501.5550x15538
311,3798,US,Macdonald PLC,West William,86620,VI,769 Sutton Villages Suite 172,291-858-7920
311,3799,US,"Cole, Foster and Martinez",Davidmouth,93480,ME,2712 John Mountains,945-791-9322
311,3800,US,"Mitchell, Sullivan and York",East Kathyland,93204,MA,108 Garcia Corner Suite 664,+1-767-811-9614x004
311,3801,US,"Gibbs, Rogers and Bowman",Lake Preston,94820,TN,2832 Mitchell Estate,(892)426-6400x91417
311,3802,US,Hamilton-Petty,North Christopher,02794,CA,459 Burns Lake,001-829-566-7149
311,3803,US,"Alexander, Hunt and Parker",Mitchellshire,34788,DE,517 Albert Orchard,+1-217-485-3563x30980
311,3804,US,Brady-Ward,North Amyshire,07862,MD,959 Crane Valley Suite 538,521.247.7008x286
311,3805,US,Smith and Sons,Underwoodchester,33756,NH,8212 Tracy Run Suite 653,7179700934
311,3806,US,Kidd-Hamilton,Lake John,21270,AZ,56133 John Lights,(376)510-4058x715
311,3807,US,"Haynes, Gonzalez and Miller",Weavermouth,36166,PR,5905 Conner Highway,965-605-7143
311,3808,US,"Potter, Thompson and Welch",Joshuamouth,30253,NY,69466 Tucker Bridge,705-771-8866x8926
311,3809,US,Henry and Sons,Denniston,24692,ID,1912 Melanie Via Suite 698,+1-426-343-0237
311,3810,US,Russo-Caldwell,East Shawnborough,51502,KS,23533 Deanna Plains Apt. 883,695-238-7603x2991
311,3811,US,Hammond LLC,Lake Erica,97618,RI,89669 Moss Pine Apt. 324,236.557.1673
311,3812,US,Tucker and Sons,South Sheliaport,97672,TN,826 Kenneth Pines,791-931-3038x89965
311,3813,US,Mullins-Mcfarland,North Patrickburgh,04516,IA,6009 Woods Freeway Suite 644,+1-848-278-9995
311,3814,US,Armstrong Ltd,Krauseton,57616,VT,546 Preston Union Suite 484,545.915.6600x9775
311,3815,US,"Wright, Richards and Gomez",Lake Heathermouth,60340,OH,481 Timothy Tunnel Suite 863,001-586-691-0057x9648
311,3816,US,"Parker, Wilson and Hill",East Thomas,54928,NE,7224 Christina Lodge,(739)278-3111
311,3817,US,Allen Inc,Keithfurt,59582,VI,34044 Kimberly Walks Apt. 285,2796691476
311,3818,US,"Cunningham, Alvarado and Cohen",Jonesside,93597,OH,1337 Daniel Field,001-755-450-9544x549
311,3819,US,"Riggs, Riley and Hughes",West Joseph,73295,ID,293 Baker Locks,(748)975-0325x94140
311,3820,US,Mendez-Case,Jennamouth,78396,MO,31280 Sarah Village Suite 115,885.936.0384
311,3821,US,Delgado-Cole,New Lisaview,50519,PW,415 Vickie Club Apt. 222,001-990-795-7502x271
311,3822,US,Schneider-Smith,East Shawn,32958,HI,7862 Mullins Fall Suite 055,642-332-7297x02786
311,3823,US,Keller and Sons,Port Jenniferland,98656,PW,3874 Hickman Creek Suite 589,001-925-340-2642
311,3824,US,"Henderson, Wu and Campbell",Johnfort,26007,IN,602 Haley Glen Apt. 251,945.379.6488
311,3825,US,"Lawson, Gilbert and Green",North Tamaraland,99044,KY,61615 Tyler Station Apt. 960,+1-961-744-9482x2027
311,3826,US,Adams-Garcia,New Barbaramouth,69169,MN,74164 Jones Port,001-392-212-8185x7163
311,3827,US,Smith Inc,East Denise,86492,WI,35155 Jensen Junction Apt. 642,937-391-1569
311,3828,US,Donovan-Johnson,Arthurchester,55460,GU,178 Samuel Locks Suite 380,367.723.0079
311,3829,US,Bennett-Douglas,South Deniseville,45131,LA,2200 Jennings Mountain,001-687-884-8990x086
311,3830,US,Kelly-Dunn,Stewartburgh,04272,AS,429 Hudson Pines,+1-557-393-8341
311,3831,US,Levine Inc,Anthonyview,46794,NE,59401 Tammy Forest,982.797.2361x18577
311,3832,US,Moore Ltd,Stephaniefort,89014,RI,39821 Kevin Village Apt. 922,950-264-4234x168
311,3833,US,Shaw Inc,Briggsmouth,83065,TX,20992 Zhang Center,362.463.2749x256
311,3834,US,"Morris, Willis and Sanchez",North Johnton,05797,OH,58107 Larson Plains,336-802-9196
311,3835,US,Rice Group,Moorefort,20355,VT,581 Yvonne Path Apt. 548,200-931-0827x73164
311,3836,US,Richardson-Compton,West Nicole,02718,AK,0948 Parker Place,001-947-731-9788
311,3837,US,Gonzalez LLC,Lindseyburgh,30546,NV,75763 Clark Drive,001-711-751-3027x4664
311,3838,US,Hernandez-Bryant,West Jesseberg,67996,VA,619 Jacqueline Terrace Apt. 029,001-295-772-2935x5336
311,3839,US,Sanders PLC,Sierraton,37409,IA,238 Hickman Island,448-418-1479
311,3840,US,Henderson Inc,New Brandonton,07839,PW,7308 Jones Groves,825-738-3974
311,3841,US,"Hamilton, Sanchez and Montes",Allisonberg,22017,AZ,43648 Andrew Drive Suite 390,001-330-252-7347
311,3842,US,Anderson Ltd,Barbarabury,64275,AK,744 Elizabeth Burgs Suite 444,9373103795
311,3843,US,"Hammond, Ryan and Jones",Port Michael,34961,VI,116 Walton Isle Suite 927,7813064395
311,3844,US,Baldwin Group,Cochranburgh,30708,NM,40694 Alvarez Roads Suite 158,+1-477-800-6935x1741
311,3845,US,"Sanchez, Hicks and Daugherty",East Erica,74270,MA,83531 Peterson Mill,(715)247-3824x843
311,3846,US,Thomas-Perez,Lake Travistown,33722,AZ,280 Olson Forges,+1-542-205-1778x52637
311,3847,US,Walker LLC,East Trevor,25942,CO,0298 Miller Trail Apt. 912,(311)633-7399x20160
311,3848,US,Phillips and Sons,West Jonathanmouth,49887,TN,23260 Scott Crescent,6804945025
311,3849,US,"Vincent, Mcbride and Lucas",Sotostad,42480,VI,4103 David Rue,+1-813-859-9227x15957
311,3850,US,Gill LLC,Donnatown,29956,MO,0896 Jerome Ferry,214.431.0082x245
311,3851,US,"Morgan, Monroe and Obrien",New April,93748,IL,5149 Vanessa Plains Suite 616,001-797-612-4443x3828
311,3852,US,Kelley-Hopkins,South Charles,72047,OH,961 Abigail Burg,(617)770-3054
311,3853,US,"Elliott, Smith and Roberts",Davidmouth,72984,CT,5422 Susan Haven Apt. 401,634-799-7622
311,3854,US,"Reyes, Goodman and Hunt",Lake Meghantown,42306,LA,7894 Breanna Parkway,592.985.3870
311,3855,US,Smith-Contreras,Olsonburgh,64603,PW,810 Darrell Mill,(326)637-8920x0109
311,3856,US,Carpenter and Sons,Hamptonhaven,43324,DE,9827 Joseph Curve,+1-994-246-4399x4499
311,3857,US,Payne-Jones,New Rachelstad,56064,MI,3641 Ortiz Hill Suite 543,(471)507-7017x70181
311,3858,US,Parks-Nunez,Cookshire,09220,HI,871 Lopez Locks,+1-376-378-4123x156
311,3859,US,"Mooney, Watts and Robinson",Raymondmouth,07898,PW,4641 Allison Cliffs,(564)239-2119x213
311,3860,US,"Rodriguez, Tate and Steele",Burnsmouth,34094,MS,90756 Christopher Passage,+1-790-740-6267x49174
311,3861,US,Gutierrez-Miller,Carmenmouth,58266,FM,625 Fisher Lane Apt. 049,(261)780-3205x30649
311,3862,US,"Lyons, Ellis and Green",Port Kennethton,04354,NC,24887 Phillips Lights,513-829-8833
311,3863,US,Russell Ltd,North Nicoleland,10826,WA,5802 Amanda Pine Apt. 429,3383069513
311,3864,US,Henry Group,North Monica,04897,IN,002 Wells Port,957.801.7631
311,3865,US,Gonzalez Group,Port Joannatown,15743,NM,90629 Jonathan Islands Apt. 059,(625)244-9087x8015
311,3866,US,King PLC,New Brittanyland,18438,TN,37545 Mitchell Cape Apt. 155,+1-855-614-9034x79477
311,3867,US,Walker-Mendoza,East Trevor,37548,MD,776 Tammy Heights,+1-331-953-1141x233
311,3868,US,"Lewis, Walters and Sanders",Melissaberg,82914,VI,1530 Lee Union Suite 731,+1-609-233-2813
311,3869,US,Hoffman Group,Eugeneland,12282,NV,875 Murray Ville,274.746.2060x9010
311,3870,US,"Wang, Smith and Miller",West Mirandaborough,20319,VT,6034 Hayes Summit,980.404.7245x71267
311,3871,US,"Smith, Dennis and Mcintosh",North Margaretton,08890,MI,6807 Walter Greens Apt. 553,001-261-616-8478
311,3872,US,Gomez and Sons,Kimberlymouth,69076,OR,1964 Gonzalez Island Suite 394,(566)510-9958
311,3873,US,Richardson and Sons,Lake Isabellaborough,59590,FM,5992 Mora Stream,847-893-4423
311,3874,US,Mckinney-Cardenas,Evanberg,32174,MS,789 Horn Route,641-794-4664
311,3875,US,Krause Group,Lake Toddburgh,18255,DE,93206 Reyes Burg Apt. 737,(214)599-8129x1799
311,3876,US,"Reid, Brown and Barnes",Warnerchester,58566,HI,62198 Frazier Course Suite 102,4144505149
311,3877,US,"Medina, Spence and Anderson",Christopherstad,67010,ME,3174 Ibarra Skyway,(890)785-6417x504
311,3878,US,"Hill, Flores and Torres",East Alex,13666,PW,990 Bush Trafficway,(216)226-5771x22907
311,3879,US,Briggs PLC,Kristyhaven,18023,GU,38516 Nicole Ports,8336271766
311,3880,US,Benton and Sons,Dominicborough,04652,SC,119 Howard Station Suite 880,+1-873-561-2612
311,3881,US,"Rice, Gonzalez and Brown",South Thomas,61280,NE,985 Decker Curve,(326)305-6141x89234
311,3882,US,Carpenter Ltd,Josephburgh,74748,UT,425 Abigail Orchard,(239)971-9103x38928
311,3883,US,"Spears, Ramirez and Martinez",Gambletown,94640,FL,519 Timothy Ranch Apt. 169,346.427.9887x790
311,3884,US,Zhang-Lane,South Shawnmouth,27524,IA,30199 Ward Falls Suite 674,+1-768-485-0162x61481
311,3885,US,"Martinez, York and Key",East Matthew,85774,CA,0942 Christopher Walk Apt. 574,255-400-9861x918
311,3886,US,Mejia-Donovan,West Stephenfort,88024,FM,5496 Lisa Island,598-792-7058x87433
311,3887,US,"Perry, Frazier and Richardson",Sarahhaven,71099,KY,5541 Jennifer Ferry Suite 049,435-929-2305x6115
311,3888,US,Tucker Group,New Glen,00957,FL,0765 Salas Track Apt. 398,487-520-0002x34143
311,3889,US,Lewis-Atkinson,Crystalstad,46918,CT,203 Amy Freeway Apt. 790,646.309.3675x84576
311,3890,US,Kelley-Villarreal,Nortonville,13745,SC,711 George Rapid,671.569.4555x48124
311,3891,US,Martin Ltd,Lake Tammyhaven,64295,NV,6296 Loretta Mission Apt. 150,242.214.5100x97352
311,3892,US,Price and Sons,New Donna,71392,NJ,07901 Susan River,+1-350-945-2056
311,3893,US,"Craig, Mahoney and Davis",Kimstad,39077,NM,8473 Tyler Keys Apt. 987,+1-910-442-8832x22747
311,3894,US,Mcgee and Sons,Walterburgh,68629,FM,82769 Levy Extensions,(646)601-9308
311,3895,US,"Ford, Miles and Ray",Donaldberg,43219,IN,47684 Amanda Stream Apt. 015,433-947-0524x3452
311,3896,US,"Price, Potts and Hernandez",Port Kiaramouth,09697,WY,393 Jordan Trafficway,578.645.3748
311,3897,US,Wagner-Roberts,Valerieshire,83640,MT,403 Figueroa Freeway,6727102698
311,3898,US,Lin Group,Nicolemouth,92515,AK,6853 Phillips Hills Suite 748,802.822.5962x56147
311,3899,US,"Thomas, Berry and Valencia",South Samantha,64928,NJ,93930 Jason Spring Suite 464,291.714.2464x7400
311,3900,US,Garcia-Rodriguez,Nicholashaven,58275,AL,078 Conner Pines Suite 223,(296)623-4091
311,3901,US,Martin-Harris,Jessicafurt,46572,VI,431 Paul Stream,001-804-686-9357x23479
311,3902,US,Ho-Guerra,North Lauraview,65980,OH,911 Morgan Prairie Suite 626,+1-909-933-3173x61237
311,3903,US,Hogan-Hardy,Taylorburgh,84148,KS,584 Jennifer Turnpike Apt. 823,(656)775-4300x53685
311,3904,US,White Ltd,Coleport,66305,IN,75975 Lewis Harbors,521-932-9140
311,3905,US,Thompson Inc,Philipland,43853,NE,653 Long Gardens Apt. 898,(781)436-8336
311,3906,US,"Smith, King and Kline",Kellytown,12129,NJ,3702 Blair Gardens,001-511-437-4959x6624
311,3907,US,"Oconnor, Dunlap and Torres",Bethanyfort,58955,VA,61503 Donna Landing Apt. 197,(345)767-1068
311,3908,US,Ayala PLC,Lake Daniel,67958,WY,0916 Johnny Route,347-246-1082x808
311,3909,US,Jordan and Sons,Griffithshire,19091,PA,39820 Isaac Inlet Suite 313,001-520-847-1324x3936
311,3910,US,Ruiz-Logan,South Andrew,98871,MO,2561 Andrew Park,676-697-0339
311,3911,US,Evans-Moore,South Eric,25438,WY,82180 Cassidy Glens Apt. 897,+1-426-238-1522
311,3912,US,Holland-Harrison,Harriston,16595,IN,465 Wilson Locks Apt. 276,519-991-1908x781
311,3913,US,"Rodriguez, Smith and Mendoza",Lake Benjamin,16006,CA,607 Robert Cliff Suite 959,982.314.1274x925
311,3914,US,Nichols-Hutchinson,West Susanton,94554,KY,6673 Santos Way Suite 703,727-327-1067
311,3915,US,Tran-Martinez,West Alexa,02471,CO,79145 James Views,(984)453-8115x9576
311,3916,US,Williams Inc,Thomaschester,49297,AL,28849 Green Isle Suite 315,9689946491
311,3917,US,Rodriguez Group,North Tanya,18396,NV,329 Julie Brook Apt. 453,(345)412-5436x44489
311,3918,US,Hayes-Gomez,East Alecberg,51727,ME,760 Curtis Hollow Suite 472,001-902-507-9559x1498
311,3919,US,Barron and Sons,Lake Melissafurt,42607,FL,90490 Huynh Roads,(867)804-2647x05680
311,3920,US,Burton-Williams,Lake Rachaelside,52849,WI,36455 Moore Knolls Suite 226,(606)630-4416x728
311,3921,US,Robinson-Cox,Lake Mark,84952,VA,36916 William Plaza,001-475-508-6506x29859
311,3922,US,"Taylor, Lloyd and Yates",Watsontown,18166,OR,69743 Case Highway,001-567-473-1596
311,3923,US,Johnson-Patel,New Christopherville,42870,CO,94742 Benjamin Squares Apt. 639,899.220.1277
311,3924,US,Clark and Sons,West Stanleyview,45954,WA,34360 Smith Mountains,001-713-813-1437x632
311,3925,US,"Walker, Walker and Chavez",Lake Kaitlyn,43837,VA,667 Oneal Ford,951-403-0076
311,3926,US,Leon Inc,Leefort,23248,IA,03095 Dean Mountain Suite 127,243-565-4269x99845
311,3927,US,Wright-Reid,Colemanside,74311,AS,0924 Baker Canyon Apt. 004,(820)721-5853
311,3928,US,King-Rivera,Port Cheryl,49738,MI,764 Donald Forges,617-543-9711x611
311,3929,US,Fletcher and Sons,Port Jonathanborough,37838,FM,838 Gonzalez Hill,(663)201-5779
311,3930,US,"Oconnor, Nguyen and Hart",Carlsonbury,84829,NH,90768 Amy Courts,(936)511-1369
311,3931,US,"House, Johnson and Long",Port Chelseaton,12914,WA,2564 Graham Hills Suite 442,531-870-5895
311,3932,US,Goodwin-Howard,Westberg,31154,FM,0305 Brian Summit,3105253258
311,3933,US,"Perry, Lee and Maldonado",South Karenchester,29420,IA,71468 Joanna Square,+1-519-202-5448
311,3934,US,White-Li,South Johnburgh,90759,HI,65177 Kelly Throughway,317-903-8486
311,3935,US,Cuevas-Vasquez,West Terrimouth,24650,MD,31934 Lisa Gateway,(981)688-0176x471
311,3936,US,Williams-Duffy,West Jillhaven,85067,NM,5522 Isaiah Mill,225-832-4223x2069
311,3937,US,"Simmons, Smith and Brown",Bradleytown,25435,TN,86202 Jones Via,(442)981-1887x269
311,3938,US,Parks-Chavez,Nelsonport,06647,FM,9563 Thomas Creek,241-718-9565x930
311,3939,US,Sharp Ltd,East Alexandria,84683,KS,963 John Way,+1-214-916-7645
311,3940,US,"Henderson, Williams and Gibson",Murrayview,64502,DE,27244 Christian Point Apt. 623,9817365946
311,3941,US,Clark-Finley,Emilyport,07682,GU,0514 Jennifer Trafficway,261-932-4906
311,3942,US,Soto and Sons,Emilyview,43112,PA,8506 Daniel Keys Suite 285,001-932-933-1916x446
311,3943,US,Elliott-Thompson,West Bernard,41768,VI,12028 Allen Forge Apt. 392,542-354-6629x997
311,3944,US,Huber-Church,Lake Glenn,46354,GU,048 Stevenson Motorway Suite 088,735-811-0992x9598
311,3945,US,Oconnor-Nicholson,Port Timothy,04936,OR,866 Jennifer Key,001-340-475-7627x961
311,3946,US,"Reynolds, Jackson and Thompson",South Kellyshire,18801,WV,7898 Julie Via Suite 677,2748068174
311,3947,US,Nichols Ltd,Dennisport,41505,VI,1411 Kim Shoal,+1-805-391-3618x56201
311,3948,US,Phillips LLC,Lake Kristenfort,17406,VI,265 Rodriguez Flats Suite 023,(231)342-2354
311,3949,US,Mendez-Johnson,Lake Kevinmouth,68827,MI,057 Brown Club,232.583.4841
311,3950,US,Frank-Herrera,Allisonburgh,02745,DE,5453 Moore Drives Suite 703,001-446-328-2446x6831
311,3951,US,Alvarado Group,North Joshua,89767,FL,3491 Michele Well Apt. 421,529.697.2679
311,3952,US,Dunn-Ramirez,Chelseyville,06303,AK,98396 Randall Walk,001-618-613-3822x4492
311,3953,US,"Raymond, Mitchell and Chapman",Samanthabury,57016,PW,5626 Henry View,562.611.7864
311,3954,US,Harrison-Gibson,Yushire,91373,GU,228 Walker Light Apt. 792,+1-730-513-7688x58222
311,3955,US,Taylor-Foster,Lynnchester,04118,SD,32350 Tammy Forge,(812)948-5990x273
311,3956,US,Duffy-Brock,Pottsport,23729,AZ,028 Zachary Course Apt. 530,416.353.9331
311,3957,US,Parks-Jones,Jamestown,66995,NC,7947 Paul Avenue Suite 006,+1-262-873-7520
311,3958,US,Jones-Banks,Burnsshire,83832,MH,4053 Chelsey Camp Suite 794,+1-259-436-8243x431
311,3959,US,Zimmerman Ltd,North Rebecca,76900,FL,6631 Powers Union Suite 438,+1-360-873-0316x39591
311,3960,US,Rice PLC,East Gary,77705,IL,8300 Morales Via,535.467.2243
311,3961,US,Brown-Hudson,North Juliefurt,02538,RI,5309 Bell Fields,775-230-5776
311,3962,US,"Delgado, Watts and Johnson",West Julie,81645,AK,4012 Roger Light,992-375-8206x3661
311,3963,US,"West, Palmer and Baker",Georgeshire,03186,ME,7820 Miller Ville,369-587-8636x70724
311,3964,US,"Randall, Turner and Scott",Jamesfort,54626,AR,5562 Michelle Fall Apt. 752,379.575.8870x644
311,3965,US,Brown Ltd,Lake Jeffrey,93582,UT,587 Wolf Mount Suite 017,(819)482-1983
311,3966,US,Novak LLC,Gateshaven,95064,NC,375 Brady Road,318-721-0597
311,3967,US,Mckenzie Ltd,West Margaret,41891,IN,1695 Brian Glen Apt. 252,3458794748
311,3968,US,Foster Group,New Omar,65589,CA,454 Christine Squares Suite 447,224.433.5448x4423
311,3969,US,"Tucker, Wagner and Moore",Kruegerbury,57266,MH,429 Jones Hill,6334597829
311,3970,US,Diaz-Marshall,Lorifurt,19983,AZ,925 Jonathan Vista,001-564-288-5139
311,3971,US,"Chen, Blankenship and Lopez",New Patrick,18408,NH,05463 Rodney Ramp Apt. 581,333-279-7430
311,3972,US,Walker-Dixon,East Tammytown,76822,AK,5970 Jessica Flat,(537)917-7501x396
311,3973,US,"Harrison, Patton and Yoder",Murphymouth,29494,NE,1407 Manuel Ville,508-724-1699x515
311,3974,US,Walker PLC,Sarahport,63523,ME,84177 Davis Point,728-577-3824x877
311,3975,US,Johnson Inc,South Danielmouth,72155,CO,1850 Ramos Inlet Apt. 250,(627)737-0685x40544
311,3976,US,Harris-Lee,East Crystal,18910,GU,29876 Gross Gardens Suite 474,384.770.8217x76227
311,3977,US,"Jones, Jones and Garcia",Port Thomas,08895,AK,95714 Melton Turnpike Apt. 118,496.819.2085x010
311,3978,US,"Phillips, Harris and Martinez",Keithstad,07011,AS,079 Jimenez Skyway Suite 450,001-917-907-5934x94682
311,3979,US,Coffey-Green,Port Williamton,60280,PA,5127 Meyer Isle,001-444-662-5563x5655
311,3980,US,Smith and Sons,New Jenniferfort,32423,IA,38862 Daniel Junction Suite 691,434-444-4703x37305
311,3981,US,Morris and Sons,Angelaland,31712,MA,568 Ricky Fields,(282)207-0672
311,3982,US,Ellis Inc,Frenchville,10966,TN,948 Taylor Station,(495)321-2215
311,3983,US,Myers-Serrano,South Robert,78898,PA,0313 Kristine Plaza Apt. 392,309-585-1431x649
311,3984,US,"Carter, Smith and Burke",Gonzalezville,94416,NY,866 Hamilton Highway Suite 528,8859741247
311,3985,US,Newman and Sons,West Ashleyfort,50759,WA,463 Hendrix Mountains,(872)529-2649
311,3986,US,Andersen Ltd,Jenniferfurt,58383,FL,011 James Flat,243.999.2483x021
311,3987,US,"Gonzales, Mitchell and Moran",Nicolechester,87790,MO,38746 Debra Ports,803.315.8425
311,3988,US,Hernandez-Harper,North Michelle,41748,PA,7015 Jacqueline Run,928.954.7894x109
311,3989,US,Garrison Group,East Alexfurt,86456,PR,7981 Sandra Village Suite 759,+1-988-822-9716x087
311,3990,US,"Kim, Mcconnell and Powers",Williamchester,19895,PA,158 Patrick Rapids,(243)293-5941
311,3991,US,"Clark, Fuller and Henry",Marcusmouth,76240,RI,968 Laura Brooks,+1-793-535-3296x10917
311,3992,US,Webster and Sons,North Debra,23439,NM,1277 Heather Shoals Suite 592,2984520279
311,3993,US,Martinez Group,East Marcuston,33043,CA,0861 Thomas Points Suite 719,+1-785-788-6615x4550
311,3994,US,Potter-Davis,Reynoldsfort,67291,UT,969 Willis Roads Apt. 687,(587)288-7464
311,3995,US,Miller-Fernandez,Adamchester,63964,MT,7196 Lee Forks Apt. 594,(975)962-5528x7528
311,3996,US,Foley-Lopez,Bakerstad,30882,ME,37915 Elizabeth Falls Suite 635,001-331-947-0424x993
311,3997,US,"Brown, Rodriguez and Clark",West Catherinetown,56156,MT,8117 Sean Turnpike Apt. 029,(275)596-0245
311,3998,US,"Wagner, Doyle and Kelly",South Jessicaland,17811,MT,35705 Anita Common Suite 792,219.737.2907
311,3999,US,"Jones, Guerrero and Simmons",Chaseside,48806,UT,332 Henry Mountains,663.701.4211x77348
311,4000,US,Smith-Dixon,Garciaburgh,36795,CA,0474 Barton Creek,8752092068
311,4001,US,Watson-Alexander,Taylorton,74722,AZ,66802 Campos Route,(544)691-8762x7561
311,4002,US,Blair-Young,Jamesside,99040,VI,91121 Shepherd Shoal Suite 775,(604)474-7032
311,4003,US,Campbell-Frazier,Everettchester,89166,OK,7683 Taylor Manor Suite 141,(546)276-5358
311,4004,US,"Hernandez, Mann and Ramirez",West Sharonfort,73072,UT,07604 Boyd Flats Suite 267,255-736-3182x425
311,4005,US,Thomas-Daniel,West Jamesbury,79346,NJ,5290 Johnson Loaf,+1-772-758-2734x009
311,4006,US,Huffman Inc,East Melissaville,71593,DC,138 Mark Harbors,(754)822-6957x5657
311,4007,US,Lane-Joseph,North Sandramouth,33075,VA,76379 Morris Valleys Suite 352,494.909.7090x836
311,4008,US,Phillips-Lara,Johnmouth,21180,NV,958 John Mill Apt. 619,569-378-1463x707
311,4009,US,Johnson-Sullivan,New Dennisshire,07924,ND,2777 Daniel Field,001-271-623-8391x808
311,4010,US,Kramer-Oliver,West Jenniferton,45817,IL,4277 Roth Estates Apt. 522,001-295-472-1601
311,4011,US,Rodriguez Ltd,East Manuelhaven,19394,SD,630 Kathleen Locks,825-598-3942x775
311,4012,US,"Castillo, Morgan and Williams",West Robert,34046,MN,6514 Dixon Rapids Suite 585,001-333-544-1257x791
311,4013,US,Klein-Medina,Kaneton,23252,VA,770 Rogers Avenue Suite 985,+1-694-518-1452x73182
311,4014,US,"Compton, Macdonald and Walsh",Leahberg,12858,CO,4681 Collier Extensions Suite 339,+1-212-365-7852x53124
311,4015,US,Tyler Group,Port Justinhaven,63364,FL,6189 Scott Neck,598-886-4223x12999
311,4016,US,Cooper-Caldwell,Gonzalezfurt,28177,NH,0127 Gill Camp,001-346-379-5563x135
311,4017,US,Taylor Group,Georgeton,83252,NH,0649 Powell Greens,001-977-831-1712x51811
311,4018,US,"Jacobs, Rhodes and Vargas",Taylorport,31292,CO,721 Kennedy Crest,600-692-1101x93839
311,4019,US,Mckee Ltd,Ayersfort,14390,GU,54709 Velazquez Lights Apt. 886,+1-801-610-7379
311,4020,US,"Fuentes, Moore and Rivera",Vaughnside,22934,WI,87956 Kelli Curve Apt. 990,398-312-1149x22429
311,4021,US,"Sims, Carter and Jackson",Steventown,56052,FL,2517 Adams Square,(736)789-2445x2678
311,4022,US,Holt PLC,East Kevin,21825,MA,04178 Alex Stream,(449)804-3947
311,4023,US,"Esparza, Norton and Bell",Normanburgh,82700,MP,48137 Christine Square,(990)207-2137
311,4024,US,"Decker, Martinez and Franklin",South Mariabury,34353,IA,180 Miranda Squares Suite 874,386-452-0835
311,4025,US,Lopez Ltd,New Rebekahview,71055,KY,6068 Green Fall,848.892.3358
311,4026,US,"Butler, Green and Martinez",New Codymouth,96441,OH,7666 Wilson Lodge Suite 726,001-782-893-3724x065
311,4027,US,"Henry, West and Odonnell",New Gregoryberg,77970,PA,2809 Steven Parks Suite 455,2926230636
311,4028,US,Collier Ltd,Mirandaport,76398,SC,004 Jody Orchard,492.853.6392
311,4029,US,Kelley LLC,Jeffreyport,67556,WI,35296 Hill Corner Suite 674,718-515-6861
311,4030,US,Davies-King,Lake Jessicaport,32068,PA,93567 Daniels Harbor Apt. 371,517-990-7348x623
311,4031,US,Melton Inc,Jonesburgh,79611,VA,77769 Hays Harbor,001-247-893-9706x3566
311,4032,US,"Scott, Williams and Green",Jasonstad,83857,PA,9079 Michael Estate,818-397-1497x77929
311,4033,US,Walls and Sons,Millershire,16131,AR,6242 Reed Estates Suite 987,5206858279
311,4034,US,Edwards-Houston,Collinsberg,23787,CO,3363 Cindy Overpass Suite 413,387.203.0533x38912
311,4035,US,Vargas-Smith,Lake Linda,71964,TN,56256 Eric River,333.821.7406x5756
311,4036,US,Hester-Strong,East Sandra,96002,MH,548 Wilson Circles,402.933.2959
311,4037,US,"Vega, Mccarthy and Oliver",West Lawrenceberg,45784,AR,1567 Davis Gardens,(792)772-5731x009
311,4038,US,"Johnson, Bradshaw and Paul",Cherylburgh,66253,AL,7362 Garcia Course Apt. 151,(964)606-4133x67972
311,4039,US,Kelly Inc,East Debraville,74940,AK,44043 Perez Court Suite 837,(370)644-7210
311,4040,US,"Clark, Smith and Peters",Lake Heatherfurt,54534,AL,7088 Rodriguez Fields Suite 105,+1-702-380-2401x951
311,4041,US,"Ramirez, Gutierrez and Duncan",Bryanborough,65092,WA,252 Hughes Park Apt. 106,+1-254-536-2473x45041
311,4042,US,Matthews and Sons,Kimberlybury,28677,MN,197 Tran Fort Suite 035,001-681-655-3545x87710
311,4043,US,"Cabrera, Chavez and Herrera",Samanthaberg,24343,MI,3290 Cruz Station Apt. 125,+1-616-805-5457
311,4044,US,Grimes-Phelps,Chavezshire,61281,NY,593 Willis Shores Apt. 097,224.890.4349x35022
311,4045,US,Davis-Barnes,South Shannon,27187,NV,354 Andre Brook Apt. 049,724-912-8048
311,4046,US,"Waters, Martinez and Vargas",East John,65840,MA,5822 Ronald Haven,+1-820-543-3622x14940
311,4047,US,Martinez-Johnson,Gardnerfurt,68303,NJ,32143 Soto Well,219-582-2167x26325
311,4048,US,Edwards Group,South Charles,05018,WV,9979 Christina Trafficway Apt. 802,362-962-3762x96558
311,4049,US,Park-Ware,West Susan,34642,DE,8634 Reese Overpass Apt. 262,999-814-4301x438
311,4050,US,Frank Group,Stephenport,31992,WI,7445 James Forest,264.519.0937
311,4051,US,Cooper Inc,Lake Billyfurt,09992,CT,951 Duncan Mount,416.586.4720x81722
311,4052,US,Richardson Group,Turnerborough,18660,ND,83184 Edwards Light,001-942-358-2264
311,4053,US,Chambers Group,West Gregorymouth,83836,DE,2094 Lisa Plaza,284-578-6218
311,4054,US,Richmond-Williams,West Timothy,30108,IL,8896 Mayer Drive Apt. 901,842-574-7999
311,4055,US,"Freeman, Klein and Sandoval",West Ashley,91155,WV,289 Michelle Junction,444.730.4915x6087
311,4056,US,Wood-Calhoun,West Johnnyland,85009,AZ,2427 Grant Port Apt. 855,753-649-9729x2779
311,4057,US,Johnson LLC,Cherylstad,61656,WV,25509 Morgan Drives,524-794-2096x2577
311,4058,US,King Inc,Lake Daisy,12007,VA,866 Gonzales Mews Apt. 966,773.628.8862
311,4059,US,Stanley and Sons,West David,41077,MP,29917 Keith Heights Apt. 147,(722)324-9304
311,4060,US,"Villa, Richardson and Cannon",Dianashire,62868,TN,46185 Mullen Way,387-823-9857x9420
311,4061,US,Wilson PLC,Lake Melissaton,54395,MI,816 Stanley Land,(789)377-7894
311,4062,US,Brown LLC,Davisview,58447,SD,41424 Decker Wall,001-939-756-1967
311,4063,US,Carr-King,Amybury,90797,OK,143 Cody Mountain,635-970-2267x82443
311,4064,US,Santiago Group,Wrightfort,15188,PW,568 Brown Park Suite 850,874.221.5673x9852
311,4065,US,"Jackson, Johnson and Williams",Jessicaberg,79676,GA,0614 Melanie Drive Apt. 466,(818)882-2226x157
311,4066,US,Mitchell PLC,Davidberg,45541,KS,0940 Gonzalez Divide,375.423.1953
311,4067,US,Klein Group,Jacobchester,44921,NY,719 Chavez Plains,3533043004
311,4068,US,"Walters, Kim and Peterson",South Mariochester,59321,KY,0341 Hamilton Mission Apt. 017,2764017241
311,4069,US,"Hicks, Gutierrez and Williams",East Jonathanside,23557,AS,019 Jones Mall Suite 772,8593380207
311,4070,US,Estes-Hardin,North Mistyfort,50205,MI,3044 Angela Harbor Suite 011,+1-254-589-0881x55780
311,4071,US,Torres PLC,Port Kevinstad,92433,OH,0940 Jackson Underpass Apt. 462,+1-586-625-2675
311,4072,US,"Sandoval, Jensen and Wall",Johnsonbury,64340,ME,701 Alisha Prairie,619.507.1969x140
311,4073,US,Roberts-Morgan,South Jenniferburgh,81798,AS,741 Lewis Curve,943.598.1004x040
311,4074,US,Williams Inc,Andreaport,98911,GA,9013 Jamie Field Apt. 534,620-474-1132
311,4075,US,"Love, Byrd and Butler",North Mary,77260,MI,692 Veronica Prairie,(275)634-8134
311,4076,US,"Salinas, Bentley and Baker",Michaeltown,88805,GA,717 Navarro Summit Apt. 146,(314)745-6969
311,4077,US,"Soto, Stevenson and Mitchell",West Brittanyburgh,74069,MO,950 Noah Knoll Suite 525,812.618.3199
311,4078,US,Jackson PLC,East Waynefurt,77414,WA,5459 Melissa Pike,318.246.7449x85984
311,4079,US,Long-Tran,New Carolinechester,70062,AR,666 Norma Canyon Suite 659,(869)506-5275x383
311,4080,US,Cox-Jensen,South Heidishire,56805,SC,1001 Jones Isle,9667072875
311,4081,US,Santiago-Walker,West Jonathanborough,78403,MT,151 Martinez Way Suite 219,6936442617
311,4082,US,Castro and Sons,Sullivanland,32297,CO,509 Samantha Plain Apt. 060,5503026943
311,4083,US,Lopez LLC,Shawnfurt,47106,GU,409 Wong Rest,547-892-6448x38303
311,4084,US,Zamora Ltd,West Christian,77967,CT,6431 Anderson Harbor Apt. 382,530-583-6392x4649
311,4085,US,"Austin, Robinson and Greene",Port Marvin,94897,ND,014 Nicole Freeway Suite 809,001-871-231-7479x1486
311,4086,US,Wells PLC,Robertmouth,26628,FL,879 Gutierrez Shore Suite 912,(404)943-2569x4470
311,4087,US,Jacobson-Hunt,North Coryport,91607,SD,2238 Barbara Mountain Suite 508,580-719-8589x4490
311,4088,US,"Price, Moore and Peterson",South Thomasberg,51670,SD,735 Scott Roads,233-247-2556x0302
311,4089,US,Ross-Johnson,New Miguel,35929,NM,4444 Nancy Extension,+1-985-804-0618x80471
311,4090,US,Howard and Sons,Jonathanmouth,94139,KY,0437 Isabel Estate,771-272-1930
311,4091,US,Chan-Bell,West Danielle,51946,MH,3490 Stephanie Harbors Suite 794,001-916-696-7678x176
311,4092,US,"Haynes, Obrien and Hayes",Tatemouth,89033,RI,8143 Herring Mission Apt. 633,334.618.9209
311,4093,US,"Phillips, Payne and Morrison",Brandyfort,15420,CO,00275 Garcia Trace Suite 308,358-746-5286x51584
311,4094,US,Jones-Mcclain,Jennamouth,17949,AL,53080 Benitez Gateway,830-494-6926
311,4095,US,Wilson and Sons,East Amandaberg,47297,AK,0559 Aguilar Ford,442.806.7351x2761
311,4096,US,Morris Group,Lake Kaylaton,47142,MI,429 Velez Path Apt. 555,(553)455-3969x772
311,4097,US,"Price, Miller and Lambert",Port Sarah,85657,NV,25394 Spencer Stream,+1-459-460-8953x877
311,4098,US,Thompson-Daniels,Anthonyton,66405,AK,4876 Michael Cape,825.689.7740x439
311,4099,US,"Mercer, Brown and Davis",East Taraville,72659,KY,43091 Gail Pines Suite 928,461.645.3590x5504
311,4100,US,"Cameron, Miller and Jarvis",South Donna,80578,MO,69763 Simon Lodge,823.974.7843x272
311,4101,US,Patrick LLC,East Adamville,26138,SD,4883 Watkins Springs Suite 963,7892578713
311,4102,US,Murphy-Jackson,Johnsontown,03501,TN,8303 Monica Isle Apt. 326,356.244.3367
311,4103,US,Jacobs LLC,West Charlesview,68963,CO,3127 Cummings Shoal,356.479.3770x666
311,4104,US,"Dunn, Wallace and Bates",Griffithshire,78905,KS,85459 Murphy Mountain,+1-665-814-9468x010
311,4105,US,Torres-Mcdonald,New Kimberlyshire,29404,IL,83488 Buckley Light,(738)988-1503x7858
311,4106,US,Potter LLC,Kellyville,07451,MN,6242 Susan Greens Apt. 762,7816920578
311,4107,US,Jackson and Sons,Michellestad,03364,CO,9876 Eric Plains,(552)204-1387x7950
311,4108,US,Banks-Wilson,West Benjaminport,90484,OK,2540 Jennifer Radial Apt. 938,+1-623-920-4145x91027
311,4109,US,Martinez-Parker,South Michele,49923,RI,2890 Wheeler Parkway Apt. 130,+1-299-387-8627x92213
311,4110,US,Thompson-Kennedy,New Joshua,38460,SC,20625 Thompson Terrace,2187227109
311,4111,US,"Morgan, Adams and Contreras",West Danielfort,74241,NC,4279 Mark Stream,853.803.3499
311,4112,US,Mckinney PLC,Woodfurt,89874,HI,6180 Dakota Plaza Apt. 904,699-627-8938x31602
311,4113,US,"Washington, Miller and Jones",Ericksonshire,92210,AS,2432 Morris Grove Apt. 467,801-334-2872x2122
311,4114,US,Anderson PLC,Ericachester,80834,PA,37479 Glen Fords,423-748-6297x73474
311,4115,US,Perry Group,Port Patrickhaven,31762,OH,53226 Barry Spur,676.407.9648x733
311,4116,US,"Davis, Walker and Hicks",Christianshire,35529,FL,26865 Henry Ridges Apt. 741,+1-696-914-0450x3872
311,4117,US,Phillips-Black,Lake Anthony,15269,MH,532 Brown Inlet,861.558.4564
311,4118,US,Abbott-Finley,Thomasmouth,70271,NC,67070 Kristen Ridges Apt. 066,(374)376-8574
311,4119,US,"Johnson, Cummings and Richard",New Patrickborough,69454,IA,95782 Johnson Circle,237.425.7840
311,4120,US,Ponce-Kelley,North Davidland,31569,NJ,079 Audrey Villages,5016424316
311,4121,US,Hansen Ltd,New Lisaview,42947,RI,574 Mathews Crossroad,247-648-4123
311,4122,US,Moss and Sons,West Alexland,83803,KY,36163 Ramirez Gateway,415-936-9221x15208
311,4123,US,Moody-Robertson,West Kennethtown,80009,LA,451 Ramirez Isle Suite 275,814.691.1715x99388
311,4124,US,Hensley-Young,Thompsonborough,72301,MI,402 Angela Well,+1-437-363-5023x7178
311,4125,US,Mitchell-Clark,West Michaelburgh,96502,WY,8081 Gardner Walks,620.429.6978
311,4126,US,Smith-Johnson,North Clayton,30261,ID,7501 Roberts Vista Apt. 693,001-226-285-2343
311,4127,US,"Frank, Vance and Singleton",North Tiffany,17902,NY,2716 Michael Drive,+1-297-716-7144x455
311,4128,US,Duarte-Winters,West Faithchester,33962,AL,286 Johnson Village Suite 263,(960)613-0964x678
311,4129,US,Taylor and Sons,Laurastad,29611,KS,9781 Angela Knoll Apt. 816,579.551.3324x5395
311,4130,US,"Church, Davis and Gilbert",Lake Caitlynside,82817,CO,525 Jones Cliff,(707)364-7173x32368
311,4131,US,"Cook, Gutierrez and Kane",North David,36699,RI,210 Macdonald Parks,(683)485-8059x0933
311,4132,US,Jones-Cox,Port Amandamouth,16641,NH,56275 Martin Shoals,516.832.5404
311,4133,US,Garcia-Davidson,New Sarah,05372,CA,024 Kenneth Bypass Suite 779,001-218-354-3811x50742
311,4134,US,Davis-Grant,Watsonborough,56001,VT,04763 Colleen Island Apt. 407,266-513-1378x43260
311,4135,US,Krause-Carroll,Millershire,22304,OR,752 Matthews Corner,001-885-502-8870x3373
311,4136,US,Flores-Moran,Rachelport,56262,RI,33140 Chen Camp Apt. 684,592-234-3856
311,4137,US,"Shaffer, Mcdonald and Harrington",West Adrian,29866,NJ,6585 Desiree Gardens Suite 665,684.542.6215
311,4138,US,"Cook, Brown and Martinez",Jonesmouth,93700,AR,39218 Lewis Square,2308742722
311,4139,US,"Moreno, Bryan and Crawford",Ashleyhaven,31193,RI,3250 Angela Locks,+1-227-560-9398
311,4140,US,Perkins-Mason,North Neil,25671,PW,7715 Devon Mission Apt. 222,730-494-5810x858
311,4141,US,Young-Elliott,Frederickside,14641,PW,8499 Nancy Light Apt. 762,(450)976-4939x72390
311,4142,US,Bright PLC,Alexandrastad,39774,UT,414 Craig Parkways Suite 683,3404495583
311,4143,US,"Taylor, Mcbride and Lewis",New Joshua,65058,ND,309 Russo Vista Apt. 659,315.339.9000
311,4144,US,"Richards, Harrison and Melton",Brandonville,93210,RI,6294 Kimberly Curve Apt. 759,4396013841
311,4145,US,"Sexton, Flores and Harmon",Sanchezberg,54598,ID,3430 Patricia Highway Suite 437,755.843.7069x5459
311,4146,US,"Brown, Baker and Solis",Claudiastad,02014,AL,00225 Cruz Manors Suite 603,(487)870-5645
311,4147,US,"West, Moreno and Bowers",Claudiaside,35713,TN,8816 Martinez Pines,4777345130
311,4148,US,Taylor-Hayden,New Jessestad,82140,IL,409 Thomas Radial Suite 684,+1-353-830-0506x826
311,4149,US,Bailey and Sons,Port Jack,64774,VA,5763 Fuller Cliff Suite 281,(896)613-5799
311,4150,US,Chase Ltd,South Joelbury,48271,MN,503 Campbell Ports Apt. 261,4254488575
311,4151,US,Miller-Bailey,Lake Dawnfurt,92660,CT,714 Rachel Mountain Suite 534,312.930.2215
311,4152,US,Gaines-Wilson,Brandiport,53538,AS,09520 Chapman Valleys,001-717-784-2894x8796
311,4153,US,Hoffman-Hurley,East Johnville,29638,RI,55763 Patrick Union,503.826.1989x067
311,4154,US,Perkins-Walker,Downsberg,98956,NC,2229 Nancy Square,789-744-0535x3604
311,4155,US,Washington-Sanchez,Jeffreymouth,35546,WV,4113 Cheryl Mills Apt. 691,575-257-4217
311,4156,US,"Smith, Warren and Campbell",West Robert,88419,IL,773 Renee Turnpike,376-752-5386x3063
311,4157,US,Chen PLC,Lake David,14289,RI,79157 Drake Row Apt. 593,(732)380-5257x2238
311,4158,US,Rasmussen and Sons,Mariabury,29591,NV,87712 Valdez Trail Apt. 323,(216)478-7769
311,4159,US,Keller Group,Samanthamouth,38353,CT,95174 Lewis Orchard Apt. 909,+1-892-401-6582x61056
311,4160,US,"Sanchez, West and Perez",Stevenstad,69141,KS,1825 Angela Estate,+1-625-428-2151x83104
311,4161,US,Rush PLC,Carolville,35939,NY,75903 Campbell Views Suite 721,+1-724-989-8790x17143
311,4162,US,Gomez PLC,Duncanport,98082,SC,812 Kyle Corners Apt. 993,258.485.5237x3618
311,4163,US,"Campbell, Quinn and Wheeler",East Tonybury,24053,CT,11399 Cox Shoal,001-365-825-5087x27394
311,4164,US,"Petersen, Hayes and Harris",North Garrett,17914,OR,57555 Daniel Land,001-878-538-5550
311,4165,US,Yates-Ramos,Williamsonport,09011,CO,393 Frances Pines,2222074932
311,4166,US,Allen-Morris,Carolineview,22403,MH,911 Edward Station,(907)590-7834
311,4167,US,Cline-Nelson,West Ellen,65043,MO,222 Scott Centers,(524)465-2681
311,4168,US,Gray-Henry,Amyhaven,95769,UT,4983 Elliott Underpass Apt. 025,001-526-775-7313
311,4169,US,Fitzgerald-Joseph,Weeksstad,17628,IA,1936 Kelly Island,391-423-4335x796
311,4170,US,Ruiz LLC,East Kimberlyview,42157,IL,048 David Lane Apt. 550,001-576-412-8437
311,4171,US,Hines Group,South Davidchester,74700,RI,60843 Tyler Centers,846.365.2029
311,4172,US,Lawrence-Norris,Port Taylor,93742,TX,391 Antonio Gardens,812-529-1854
311,4173,US,Larsen-Howard,West Joanbury,62200,NV,83164 Diana Station Suite 486,001-827-701-2680x6133
311,4174,US,"Kelly, Olson and Parrish",Goodmanton,39026,IN,53283 Nathan Walk Apt. 236,001-923-485-9916
311,4175,US,"Cain, Arias and Silva",Kimmouth,97324,MI,92721 Casey Circles Suite 480,626-534-8142x113
311,4176,US,Burke Group,Lake Christinaland,17588,ND,964 Jacob Centers,2339893206
311,4177,US,Nicholson-Robinson,Port Kirkhaven,17961,OK,98146 Watts Hill,819.375.9938x51628
311,4178,US,Randolph-Miranda,North Kaylaburgh,46358,CT,5858 Payne Fork,(928)504-6575x219
311,4179,US,"Adams, Sanchez and Carpenter",Frankton,57241,NJ,018 Robin Tunnel Suite 889,(730)208-1463x655
311,4180,US,"Marshall, Turner and Perry",New Jessica,27108,NE,34438 Hutchinson Spring,001-838-793-8448x235
311,4181,US,Martin-Parker,West Kathleen,06466,UT,8240 Burke Falls,281-907-0627x52440
311,4182,US,"Carroll, Blackwell and Carroll",East Chrisborough,37930,GA,1996 Denise Hill,(326)427-7484x3509
311,4183,US,Acevedo-Garcia,Lake Christopherside,57086,NC,679 Kathleen Pines,001-513-868-3060
311,4184,US,Hawkins-Hess,Gravesside,46586,TX,20820 Bailey Motorway Suite 689,+1-996-704-5672x29249
311,4185,US,Carter Inc,North Courtneymouth,16733,AS,36615 Williams Overpass,(501)931-2479x7538
311,4186,US,Ryan-Kerr,Schultzchester,01931,WV,94058 Gary Islands,(784)354-5696
311,4187,US,"Solomon, Anderson and Davis",Youngborough,89186,PA,9863 Frye Pass,001-712-269-1741x074
311,4188,US,Boyle Inc,New Antonioport,66563,AS,570 Blake Harbors,(717)208-5184
311,4189,US,Brown-Brooks,North Samantha,07149,AR,14522 Phillips Stravenue,825-751-5386x5713
311,4190,US,Casey-Valentine,Moraleschester,54447,AK,9468 Curtis Hollow,(980)446-4641x9617
311,4191,US,Thomas-Ruiz,Michelleland,95120,HI,42497 Cunningham Haven,001-211-398-7078x21021
311,4192,US,Holmes-Oconnell,North Shane,16772,WA,7443 Adam Dam,3293226558
311,4193,US,Gray-Duncan,North Alyssa,33238,FL,82671 Allen Knolls,001-652-313-9625x5814
311,4194,US,"Edwards, King and Taylor",South Christine,66774,WI,53712 Jennifer Corners,355-240-5129x239
311,4195,US,"Davis, Gonzales and Hanson",Meghanton,93643,ID,0488 Park Village,+1-347-269-5729x52782
311,4196,US,Mills Group,South Jackfurt,71699,KY,0725 Angela Greens,+1-385-971-7177x074
311,4197,US,Smith Inc,East Kimberlyton,08275,CA,28587 Bryant Gardens,850.402.9789
311,4198,US,"Blackburn, Stephenson and Hanson",Lopezfurt,29719,NY,397 Jeff Lodge,263.815.4413
311,4199,US,"Acosta, Bennett and Ward",West Robert,13508,WI,992 Lisa Trail,(702)255-8786
311,4200,US,Powers and Sons,Kellyshire,84551,MT,68772 Patrick Mountains Suite 275,(445)285-9247x684
311,4201,US,Ortega Ltd,Timothyland,30960,MO,94959 Juan Hollow,563.537.7853
311,4202,US,Lopez-Smith,Billyside,05143,CA,3695 Charles Knoll,889.570.8909x67763
311,4203,US,Maldonado-Thomas,Lake Tammyfurt,53773,AK,4292 Robinson Curve,8627784207
311,4204,US,Sampson Inc,New Brianville,74886,IA,47676 White Springs Suite 394,001-847-404-4838x073
311,4205,US,Levy PLC,Port Curtismouth,40172,NJ,329 Martin Cliff Apt. 083,5374005643
311,4206,US,"King, Cummings and Singleton",North Robert,97133,GA,041 Melinda Forge,+1-413-256-8087x30538
311,4207,US,Barajas Group,Jessicachester,22631,SC,3336 Duncan Freeway Apt. 821,+1-680-974-1002x09425
311,4208,US,Smith Group,West Timothy,03228,OH,6862 Karla Inlet,7387091763
311,4209,US,Gordon-Case,Tracychester,62419,LA,5711 Latoya Terrace,(508)577-0298x91850
311,4210,US,King-Wallace,South Carlosfort,15521,MN,28057 Casey Divide,+1-350-418-2847
311,4211,US,Harper LLC,West Joseph,20129,VA,570 Jeffrey Walk,362-801-0385x18378
311,4212,US,Sutton-Chen,Adamsview,29894,VT,749 Vaughn Valley Apt. 567,484.742.7733
311,4213,US,Stark Inc,South Jack,97129,KY,46946 Nicholas Glen Apt. 628,001-443-682-0328
311,4214,US,Carter LLC,South Markberg,68964,PA,272 Christina Lock Suite 244,(900)240-4589x9964
311,4215,US,"Dunn, Wilkinson and Alvarez",East Scotttown,15621,VT,62161 Sean Valley Apt. 633,001-507-834-2253x64207
311,4216,US,Palmer LLC,Fisherfort,89157,NY,836 Adam Cape Apt. 591,968.405.9696x96211
311,4217,US,"Barker, Davenport and Stewart",Torresmouth,45773,LA,4011 Lewis Cape Apt. 345,001-313-243-1150x018
311,4218,US,"Fields, Brooks and Rodriguez",Smithbury,62681,NC,4387 Weiss Manors Apt. 191,9389890021
311,4219,US,Chan-Elliott,Lake Whitney,86378,AR,18252 Green Mall,518-357-7839x204
311,4220,US,Dominguez-Brown,Douglasmouth,58232,ND,0212 Jean Mall,001-720-816-9675x3447
311,4221,US,Weber and Sons,South Jacobfurt,94088,WY,6538 Erin Spur,292.683.6814
311,4222,US,"Hardin, Jones and Coleman",Port William,31061,AK,85759 Ward Mills,(634)686-7803x27674
311,4223,US,Howard-Thomas,Port Valerieborough,01771,ID,154 Cassie Crescent Suite 890,+1-774-811-6134
311,4224,US,"Johnson, Jones and Ellis",South Richard,23007,HI,40564 Summers Shore,533.984.9955
311,4225,US,"Morton, Jones and Simon",Lake Robin,94282,WA,518 Cox Turnpike Apt. 520,001-646-623-3064x22075
311,4226,US,Harrison Ltd,Hansonhaven,69279,NC,34557 Mendez Hollow Apt. 879,(261)439-0007x748
311,4227,US,"Wilson, Walsh and Cowan",Port Michael,15271,AL,27522 Melissa Street,304-363-1475x4367
311,4228,US,Henry Group,East Danielmouth,08021,MO,088 Mitchell Ranch,384-218-5487x81647
311,4229,US,Garcia-Howard,Conniemouth,73384,LA,43949 Jose Falls Apt. 673,(744)842-8509
311,4230,US,Miller-Snow,New Juanmouth,09131,GA,6106 Malik Lodge Apt. 069,351.924.6847x37058
311,4231,US,Rodriguez and Sons,Port Robert,01058,WA,19012 Angela Inlet,467-388-6381
311,4232,US,"Mcclure, Thomas and Williams",Rayshire,87648,SC,9020 Matthew Via Suite 379,001-505-329-6877x017
311,4233,US,"Warner, Cardenas and King",Kleinberg,07683,NH,4563 Warren Pike,296.546.3547
311,4234,US,Munoz Ltd,Lake Ashleyton,37468,TN,9655 Smith Road,(870)919-6966x48525
311,4235,US,Hall Inc,New Sherrymouth,55716,AS,599 Mcdaniel Ferry Suite 292,9184362720
311,4236,US,Snyder Ltd,Traciport,20004,MD,024 Aaron Forest Apt. 353,(482)985-3424x4551
311,4237,US,"Nelson, Walters and Davis",South Natashaland,30907,WI,4103 Stanley Alley Apt. 315,984-614-5481x884
311,4238,US,Rodriguez-Foster,Vincentfort,07402,ND,75792 Drake Flats Apt. 844,001-409-876-0850
311,4239,US,"Hall, Kim and Berg",Port Teresa,26315,LA,839 Olivia Inlet Suite 235,(854)975-9784x8843
311,4240,US,Noble and Sons,Huberfort,63379,MS,4292 Stevens Mount,441.609.4654
311,4241,US,Perez-Brown,Lake Reneeview,75239,NJ,56681 Gardner Forest Suite 875,663-680-4164x10148
311,4242,US,Miles-Bradley,North Amanda,90223,MT,21914 Schwartz Manor,001-367-247-1796x07050
311,4243,US,Clark and Sons,Bonnieborough,55561,NE,555 Kennedy Crest Apt. 927,824.580.4241
311,4244,US,"Santos, Pena and Little",Miguelmouth,36344,MH,81813 Edward Via Suite 474,+1-965-503-2481x8203
311,4245,US,Lin-Smith,Stephanieborough,46361,MH,9299 Cox Forks,(244)575-1630
311,4246,US,"Alvarez, Collins and Moore",West Charlotte,18011,FL,80829 Kristin Mill,001-302-641-9621x3063
311,4247,US,Fuentes LLC,Dannystad,80498,FL,790 Stephanie Village Suite 822,+1-204-269-9539x969
311,4248,US,"Walton, Green and Santiago",Thomasland,11572,WY,6121 Baker Bridge,+1-398-544-4041x31560
311,4249,US,Rose LLC,Christopherton,25659,LA,91218 Carlos Lane Apt. 879,001-799-468-0324
311,4250,US,Mendez-Warren,Lake Chad,48541,PA,237 Harris Walk Suite 413,(765)830-4352x731
311,4251,US,"Walters, Day and Andrews",Marcusbury,86358,MO,7781 Castillo Heights Suite 733,(663)457-2099x44940
311,4252,US,"Dorsey, Anderson and May",South Deniseland,08709,IN,9239 Jaime Greens Apt. 541,4892283263
311,4253,US,"Boyd, Diaz and Edwards",Michaelville,79914,NM,7395 Miller Meadows,(432)694-7726x9553
311,4254,US,Case-Hernandez,Port Barbara,72754,TN,354 Sarah Loaf,+1-293-736-8556x142
311,4255,US,Haas LLC,New Kristinfurt,66574,IL,839 Mark Spring,(655)800-3330x273
311,4256,US,"Reed, Madden and Wallace",Lake Vanessa,98308,KS,15033 Walker Inlet,995.561.9598
311,4257,US,Stewart-Choi,East Lisa,87688,CT,3171 Barnett Village,(948)676-2644x768
311,4258,US,Montoya-James,Lake Robert,57217,ND,43374 Harris Plaza,940-938-0319
311,4259,US,"King, Mitchell and King",Sawyershire,10890,IN,75646 Susan Heights Apt. 466,6458514815
311,4260,US,Brown Ltd,Stoutmouth,62267,UT,268 Santos Viaduct Suite 329,(586)813-7134
311,4261,US,Rosales LLC,Adamsborough,96592,CT,70749 Monroe Flats Suite 811,752-640-6993x11766
311,4262,US,Johnson-Lopez,Port Michaelview,37120,KY,38005 Jeffrey Grove,938.342.4724x27011
311,4263,US,Cooper PLC,Amberchester,97167,NY,40964 Trevino Summit Apt. 543,001-749-741-0355x862
311,4264,US,Willis Group,South Jennifer,11303,WV,9785 Curry Flats Apt. 676,(327)702-2606x72833
311,4265,US,Salas-Bauer,West Joshua,17695,FM,00828 Carolyn Isle Apt. 307,304-707-3118x63147
311,4266,US,"Glenn, Friedman and Gilbert",Grahamton,90052,OK,002 Victor Roads,+1-457-380-2801
311,4267,US,Parker and Sons,Amandaborough,57889,MP,78016 Angela Crossing,(321)311-5674x30558
311,4268,US,Barnes-Morales,Port Christophershire,09441,FM,7140 Maria Hills Apt. 624,602.866.8103x149
311,4269,US,"Graham, Pennington and Mcdonald",North Joshuaberg,21787,MN,8314 Brenda Cliffs,583.505.5876x8213
311,4270,US,Bennett Inc,Riverafort,28870,ID,51156 Jonathon Park,788-979-6140x208
311,4271,US,"Dickson, Hernandez and Robertson",Lake Debra,95692,LA,5185 Ware Mountains,974.241.7288x958
311,4272,US,Tucker-Bryant,West Gina,25373,KY,2119 Clark Orchard Apt. 319,6686220758
311,4273,US,Anderson-Wood,Lake Larry,44081,IN,2499 Harris Junctions Suite 610,879.376.2946
311,4274,US,"Frank, Cain and Williams",Port Jonathan,46335,NE,373 Noah Glen,001-951-222-5449
311,4275,US,Allen-Potts,Novakborough,79759,OK,290 Miguel Fall,001-217-531-4365
311,4276,US,Smith-Roberts,Wongburgh,74235,MI,665 Meyer Burgs,637.754.7603x830
311,4277,US,Quinn-Hamilton,Jamesland,12652,VT,92853 Bobby Cove,(313)215-3965
311,4278,US,Wood-Taylor,North Tiffanyview,12069,NE,085 Lowery Streets Apt. 790,001-859-573-7912x31003
311,4279,US,Walsh-Wilson,Lisabury,99829,WA,66755 Sherry Forks Apt. 237,785-366-2670
311,4280,US,"Taylor, Campbell and Wells",East Jason,45917,AK,2808 Cobb Crescent Suite 972,993-233-8168x08355
311,4281,US,Miller Group,New Rebecca,46682,DC,83417 Wendy Parks,+1-520-527-8096
311,4282,US,"Cunningham, Ellis and Mason",Jessicafort,19346,IA,56746 Green Rapids Suite 017,001-206-430-9360x4611
311,4283,US,Ellison Group,Abigailfort,78432,FM,405 Hunter Forest Apt. 335,001-725-411-4550x3398
311,4284,US,Campbell-Cook,Alexisland,38897,PW,587 Lawrence Bridge,+1-991-913-1998x3082
311,4285,US,Thomas Ltd,Lake David,97116,IA,3246 Whitaker Island Suite 530,280-304-1467x0109
311,4286,US,Patton-Cline,West Dan,44776,HI,750 Lee Crescent Suite 884,(572)976-0022x09653
311,4287,US,Collins LLC,Lopezport,21032,NH,477 Kelly Mews Apt. 461,001-370-848-5435x11587
311,4288,US,Mendoza and Sons,West Ericstad,71813,KY,14976 Newman Views Suite 326,399-870-1354
311,4289,US,"Taylor, Patrick and Rodriguez",Katelynside,03487,WY,0185 Todd Ports,895.545.5075x8837
311,4290,US,Castro LLC,North Yeseniafort,78742,NC,3145 Matthews Lakes,001-750-917-1257x938
311,4291,US,Graves Inc,Lake Shannon,25473,MO,037 Clark Mill Apt. 774,(895)806-6806
311,4292,US,"Meyer, Rodriguez and Aguilar",New Amymouth,14771,MI,74007 Hopkins Lake Apt. 413,+1-663-349-1209x8769
311,4293,US,"Velazquez, Soto and Flores",Danielland,46531,MO,142 Perez Plain,001-944-485-8868x63303
311,4294,US,Jones and Sons,East Ericborough,88753,SC,42877 Ayala Village Apt. 630,001-702-673-9955
311,4295,US,Anderson Inc,North Ryanville,54735,NY,643 Trevino Port Apt. 849,756-689-9888x4799
311,4296,US,George Inc,Johnsonborough,20641,ME,826 Salinas Pines Apt. 543,(415)701-1327x928
311,4297,US,Thompson Inc,Thompsonborough,96334,IA,8424 Norton Keys Apt. 617,548-239-7052
311,4298,US,Sullivan-Walter,South Mark,41919,WI,98136 Hanson Valleys,7487458789
311,4299,US,Stafford Ltd,Patrickside,05946,SC,724 Santiago Port Suite 147,272-469-0822x0137
311,4300,US,"Cordova, Mendoza and Weaver",Ryanton,23327,NE,2048 David Roads Suite 990,001-731-877-9199x413
311,4301,US,Cohen Group,Baileychester,24575,DE,870 Barajas Mall,970-879-1734
311,4302,US,Wright PLC,Hannahport,79584,SC,894 Martin Row,(684)334-7662x8871
311,4303,US,"Guerrero, Foster and Crane",Sheltonfurt,11916,AS,643 Andrew Ville Suite 423,336.775.3797
311,4304,US,Russell Ltd,Port Cynthia,06214,MH,3052 Charles Trail Suite 277,001-256-635-4664
311,4305,US,Lee-Lewis,Fitzpatrickburgh,33918,TX,4949 Adam Skyway Suite 144,+1-681-951-9036x54217
311,4306,US,"Johnson, Contreras and Lamb",Kellerview,84130,VI,297 Duffy Shoals,893.391.2729x9833
311,4307,US,Coleman-Whitaker,Castroside,57827,PW,0091 Leon Corners,(382)895-5512
311,4308,US,"Villarreal, Chapman and Brown",Fordmouth,13714,PA,4569 Dudley Shore Suite 093,+1-720-520-7182
311,4309,US,Reed-Wheeler,Nicolefort,88285,RI,360 Kimberly Ville Suite 600,+1-362-801-0466x3799
311,4310,US,"Ho, Smith and Conner",Coryville,52655,FM,03378 Christopher Circle Apt. 476,+1-248-322-0275x23778
311,4311,US,Bradley PLC,Kemphaven,92711,NC,212 Mitchell Run Suite 379,001-509-905-9618x089
311,4312,US,Park Group,Dianahaven,61188,IN,7489 Shane Centers Suite 755,283.247.9838
311,4313,US,Chambers-Jenkins,North Lisaburgh,80365,NM,7990 Jessica Expressway,001-676-716-5463
311,4314,US,Harris LLC,Lake Matthew,92170,OR,2607 Jeremy Expressway Suite 757,(892)814-6604x50964
311,4315,US,Moss Ltd,Dawsonhaven,51970,MI,638 Walter Forks,+1-901-838-6037x9443
311,4316,US,Hernandez-Lawson,Coleburgh,22468,RI,0488 Grant Plaza Suite 624,001-712-913-4045x4454
311,4317,US,Collins Ltd,Port Nicolebury,57648,GU,372 Angela Crossing Apt. 649,550.624.1476
311,4318,US,Riley Ltd,South Elizabeth,21022,WI,4920 Hernandez Springs,+1-921-748-1004x332
311,4319,US,Garcia Ltd,Warrenmouth,61132,CA,8193 Gutierrez Estate Apt. 811,001-742-851-5324x42472
311,4320,US,"Maxwell, Avila and Henderson",Smithtown,68404,ME,8209 Michelle Square,7435521356
311,4321,US,Owens-Nichols,Port Erika,28434,RI,835 Sawyer Lane Apt. 401,282.651.2695x135
311,4322,US,"Weiss, Dawson and Higgins",Austinborough,06314,NY,13241 Chelsea Highway,001-649-421-7559
311,4323,US,Brewer Inc,South Traceyside,38953,CA,06356 Olivia Pass Suite 118,001-317-794-2109
311,4324,US,"Walton, Hamilton and Nolan",Bobbyburgh,12027,PW,7698 Rodriguez Squares Suite 040,604.513.7544x23211
311,4325,US,Mitchell Inc,Harrismouth,17681,FM,41530 Becker Trace Apt. 003,357-491-0386
311,4326,US,Christensen-Walker,Wilsonport,84805,DE,56117 Katrina River,646-380-1574
311,4327,US,Pennington-Henderson,Port Lisachester,48453,MP,77615 Scott Fords Apt. 039,(432)617-5175
311,4328,US,Stevens Inc,South Ryan,76323,SD,9006 Vaughn Ramp Apt. 225,8444605442
311,4329,US,Rice-Beck,Troyhaven,23978,MT,12958 Dustin Forges Suite 990,6489765203
311,4330,US,"Ward, Baldwin and Estrada",Daybury,06032,WV,18037 Garcia Pass,381.599.4664x667
311,4331,US,"Fischer, Petersen and Mathews",North Kennethhaven,86011,DE,92603 Boyd Summit Suite 560,001-483-791-7932x77628
311,4332,US,Larson-Salazar,Rodriguezton,91616,SD,5130 Webb Orchard Apt. 666,(958)733-9303
311,4333,US,Ward and Sons,Matthewstad,02599,PA,9269 Smith Via,001-281-325-1433x83111
311,4334,US,Francis-Vasquez,East Mollyton,01119,MP,80764 Mark Summit,205.412.0881x90776
311,4335,US,"Howard, Watson and Wood",Donnahaven,06555,OR,862 Jeffrey Ramp,001-746-676-6874x961
311,4336,US,Ayala LLC,Martinezborough,63045,ME,12080 James Passage Apt. 338,+1-293-817-7137x94981
311,4337,US,Parker and Sons,Lake Stacey,66750,WA,608 Kimberly Mill Apt. 600,504.987.4391
311,4338,US,Morales and Sons,Matthewview,89027,OH,8100 Pamela Radial,+1-215-680-2998
311,4339,US,George LLC,Nicholashaven,96384,DE,6243 Singleton Harbors,(783)844-6112x789
311,4340,US,Reed-Perez,Vanessaville,78147,VA,80816 Angel Inlet,946.549.2903x505
311,4341,US,"Baker, Love and Lee",North Robert,15323,MN,9033 Dustin Falls Apt. 910,+1-799-827-4871x048
311,4342,US,Acosta Ltd,Stephaniefurt,53088,NJ,88191 Robert Fall,(604)652-4532
311,4343,US,Wilson-Montgomery,Morrisstad,59092,KY,19069 Daniel Crest,238-706-1184x7107
311,4344,US,Chambers-Thompson,Lake Alex,95933,NV,327 Noble Forges Apt. 717,001-815-737-1487x4270
311,4345,US,Garcia-Williams,Norrisport,64110,WA,3995 Robert Port,631.466.1741
311,4346,US,Jenkins-Wise,East Craigborough,83401,IA,2017 Michelle Pines Apt. 919,001-633-451-6897x627
311,4347,US,Fox PLC,North Kenneth,16271,NH,06612 Peters Tunnel Apt. 137,(773)617-9334x95037
311,4348,US,Graham-Murphy,North Juanside,38973,MI,66122 David Lodge,+1-678-362-2061
311,4349,US,Farley Inc,Turnerburgh,22042,AZ,171 Andrew Ford Apt. 407,+1-563-685-8389x833
311,4350,US,Ortega Group,Andreport,28669,MI,40173 Natalie Burgs Suite 304,001-914-669-2992x44016
311,4351,US,Davies and Sons,Rachelside,57592,KY,394 Matthew Mountains,932-604-7634x5573
311,4352,US,Mcclain Inc,Tateton,05676,PR,689 Morton Route Suite 249,+1-606-739-3796
311,4353,US,Santos-Mejia,North Evan,32551,NY,98870 Kelly Hill Apt. 711,001-596-595-9413x27309
311,4354,US,Jones-Davis,Thomasshire,39052,TX,559 Johnson Harbors Apt. 810,500.313.1260x7344
311,4355,US,"Fowler, Wang and Fowler",North Markfurt,68405,NE,590 Michael Street,960-563-6077
311,4356,US,"Vega, Pierce and Sandoval",Lake Kylefort,03954,LA,4408 Patel Viaduct Suite 782,001-863-253-1624x0735
311,4357,US,Neal-Gomez,Jacksonhaven,66821,SD,738 Wagner Green Suite 482,221.225.2770x039
311,4358,US,Vazquez Ltd,Port David,44964,WA,3035 Cox Mountain,001-949-442-4225
311,4359,US,Kim LLC,Anthonyside,57750,AR,251 Herrera Ridge Apt. 623,+1-248-431-3216
311,4360,US,Ward-Butler,Port Jaredville,79455,WI,9307 Wagner Branch,001-857-601-2708x8179
311,4361,US,Todd and Sons,New Lucasport,97630,AZ,15028 Michael Motorway Apt. 001,587.722.7289x987
311,4362,US,"Wilson, Aguilar and Ruiz",Spencerfort,75374,CT,202 Hall Ferry Apt. 923,001-346-630-8386
311,4363,US,"Martin, Smith and Brown",Lake Richardmouth,67885,PR,45535 Alexander Green Apt. 242,001-758-717-5974
311,4364,US,Mills and Sons,New Aaron,69729,FM,731 Wilson Turnpike Suite 904,(249)974-3077
311,4365,US,Watson LLC,Maureenside,29123,NC,900 Jones Station Suite 164,420-383-5908x79850
311,4366,US,Williams Inc,New Dennis,40832,MO,0006 Brittany Valley,663.425.2809
311,4367,US,Snyder LLC,South Sara,61584,MT,0767 Sims Expressway,(684)487-1487x03488
311,4368,US,Hill Inc,Arthurborough,91293,CA,5388 Joseph Roads,933.577.6747x672
311,4369,US,Wilson-Preston,Wilkinsland,88637,OH,95256 Cynthia Turnpike Apt. 448,(714)965-2121x8168
311,4370,US,Thomas Ltd,Port Tommy,57338,OR,633 York Landing,001-326-883-3747x2193
311,4371,US,Perez-Brown,Lake Bryan,63024,MH,2645 Williams Center Apt. 526,565-614-9898x502
311,4372,US,"Obrien, Roy and Rodriguez",Austinview,23065,OH,20760 Bryce Flats Apt. 345,731.960.7408x0936
311,4373,US,Flores LLC,Robertberg,67801,MT,40864 Wright Trail,911.926.2887x53622
311,4374,US,Mcconnell-Park,Meganville,89457,PA,602 Christina Lodge,639-471-2116
311,4375,US,"Schultz, Rice and Rodriguez",Tracyhaven,39199,ND,26933 Michael Highway,+1-606-649-8481x6144
311,4376,US,Sheppard Ltd,Banksmouth,57891,NY,20112 Oconnell Spring,(894)842-7610
311,4377,US,"Wilkerson, King and Steele",West Paulview,96395,VT,74382 Franklin Islands,897-322-7432
311,4378,US,"Brooks, Ray and Harris",Hardinport,35535,MA,1820 Smith Spur Apt. 748,(297)902-6721x5609
311,4379,US,"Hayden, Miller and Rose",Lindseyfort,74040,WI,0740 Vasquez Lake,001-568-573-6409x5914
311,4380,US,"Cline, Gonzalez and King",Lewischester,73887,HI,766 Vega Walks,(377)579-2028x5325
311,4381,US,"Knight, Turner and Smith",South Andrewtown,41893,CA,0901 Steven Road Suite 087,001-597-582-2971x20302
311,4382,US,Moss-Smith,Ramosstad,66848,NJ,12304 Gould Shore Suite 866,569.232.9540x682
311,4383,US,Huerta-Gomez,South Tinaberg,35261,MD,027 Lane Corners,001-743-706-6949x39521
311,4384,US,Hunt Inc,New Courtney,49629,NE,83740 Theresa Hollow Apt. 789,4662802424
311,4385,US,Moreno Group,South Jennifershire,62690,MH,16906 Collins Springs,+1-967-212-6792
311,4386,US,Perez-Simpson,South Veronicabury,37596,NV,01383 Hernandez Expressway,3988622967
311,4387,US,Edwards-Johnson,Meyerfort,68154,MD,95197 Nancy Falls Apt. 598,636-632-8699x9939
311,4388,US,"Johnson, Martinez and Yang",Perkinstown,99096,MI,0236 Yolanda Groves Suite 735,457-215-3995x5821
311,4389,US,Young-Kennedy,New Adam,88632,MD,223 Jennifer Camp Apt. 545,512-530-0651x18110
311,4390,US,"Carlson, Jackson and Ryan",East Lori,93868,NV,334 Christopher Spring Apt. 162,001-336-224-5980
311,4391,US,Ford Inc,Emilychester,33316,NH,61827 Snyder Forest Apt. 948,+1-459-284-5381
311,4392,US,Bradford-Davies,Lake Hollytown,51726,ME,20960 Christopher Points,001-281-600-6345
311,4393,US,Mann-Peterson,East Veronica,43631,WV,6244 Samuel Wells Suite 478,(413)670-3920
311,4394,US,"Hoffman, Miller and Mendez",Browntown,40478,NJ,9636 Davis Circles,001-915-804-6883
311,4395,US,Chen-Liu,West Kyle,82728,ID,91805 Steven Trail Suite 389,581.865.7273x1149
311,4396,US,Robertson-Wallace,Jennifermouth,31964,SC,1285 David Parks Apt. 418,262-950-4309
311,4397,US,Anthony-Perez,Port Maureen,54569,MO,265 Nicholas Run,(753)820-2169x345
311,4398,US,Black-Wells,Andersonhaven,56101,WA,54522 Williams Valley Apt. 855,001-588-538-6192x762
311,4399,US,"Olson, Berry and Williams",East Luis,53242,WY,0193 Garrett Ports,566-828-5983x4023
311,4400,US,"Johnson, Wallace and Thomas",New Timothy,52118,GU,823 Schultz Underpass Suite 473,9749242295
311,4401,US,"Morgan, Bridges and Garcia",West Caleb,94213,PA,51511 Johnson Fort Apt. 005,579-935-2012
311,4402,US,Mason-Morgan,Williamstad,19131,ND,220 Kelli Streets Apt. 400,392-422-6717x7209
311,4403,US,Williamson-Gross,Gomezville,70028,NC,379 Tina Vista,+1-839-475-1078x380
311,4404,US,Burke Group,Solisstad,17144,MO,25318 Scott Pike,+1-204-662-7061x322
311,4405,US,Smith Inc,Williamland,45196,OK,70663 Brooke Pines Suite 105,(860)761-0472
311,4406,US,Baker and Sons,East Tony,07526,TN,662 Mendoza Street Apt. 487,+1-854-539-9814x66336
311,4407,US,Dalton PLC,Valerieton,59560,RI,321 Grimes Haven Apt. 649,685-998-8069
311,4408,US,Hinton Group,West Caitlinside,86467,ID,3307 Melinda Parks,(897)968-5501x6196
311,4409,US,Coleman PLC,South Latashabury,70506,NH,3640 Wells Land Apt. 643,680-590-3237
311,4410,US,Aguirre Group,North Markfort,26560,HI,264 Robert Run Apt. 494,621-564-5019x22700
311,4411,US,Figueroa-Soto,Lake Kellymouth,40382,IA,626 Stout Springs Apt. 592,+1-652-669-0300x084
311,4412,US,Maldonado-Thomas,Davidport,30093,OR,0556 Timothy Via Suite 592,623-839-4188
311,4413,US,Perez-Bates,North Coreyshire,50746,UT,091 Farley Stream,(237)943-2233
311,4414,US,Hill and Sons,West Tinaton,54675,MP,4796 Harris Flat,+1-280-588-2831
311,4415,US,Kemp-Rodriguez,Lake Phillip,76922,WA,783 Bradley Prairie,(483)478-0931x934
311,4416,US,Richardson PLC,Kristenchester,07855,CA,2776 Haynes Brooks Apt. 430,5295232145
311,4417,US,"Rodgers, Howard and Hanson",West Scott,16982,TN,6347 Kathy Port Suite 030,526-707-3593x8416
311,4418,US,Whitaker-Gomez,New Rebeccafort,34366,SC,06397 Amanda Passage,406-780-2081x51573
311,4419,US,Green-Levine,Port Amandashire,27909,MP,697 Wallace Passage Suite 518,(519)516-1629x405
311,4420,US,"Garza, Foster and Glenn",Clementsport,71121,OH,6013 Torres View Apt. 161,(225)202-1748x61093
311,4421,US,Ford-Murray,Alexandrafurt,08740,FM,0385 Cruz Path,238-811-0053x511
311,4422,US,Huang-Baldwin,Ramosstad,80404,NC,9588 Clay Garden Apt. 962,001-409-872-2708x4205
311,4423,US,Hill PLC,New Adam,90183,CT,9363 Douglas Walk,+1-586-783-3166
311,4424,US,"Moran, Johnson and Oliver",Martinstad,75135,HI,442 Smith Lodge Suite 892,(727)831-2791
311,4425,US,Thomas-Andrade,West Marie,32586,CO,1383 Lee Knolls,8455261822
311,4426,US,Hunt-Young,Sarahmouth,51993,VT,3946 Jane River,2999404727
311,4427,US,Flynn Inc,Taylorside,63199,ND,37401 Samuel Lane,203.822.6561x1274
311,4428,US,Stewart LLC,Delgadohaven,46819,ND,753 Hammond Trace Suite 741,543-974-8153
311,4429,US,Watson-Collins,East Jeanne,74546,PR,959 Morrison Burgs Apt. 012,001-617-450-2521x022
311,4430,US,Wilson PLC,Stewartmouth,30120,MT,38898 Black Forks Suite 038,374-513-4735x0986
311,4431,US,Gibbs Group,Stevenborough,59401,AZ,0533 Michael Skyway,(495)536-4123x7635
311,4432,US,Rogers-Velasquez,Allisonshire,36718,VI,6209 Perez Springs,758.225.1434x1633
311,4433,US,Kelley and Sons,Smithstad,91137,AR,357 Holly View Suite 872,947.658.4876x1129
311,4434,US,Jackson LLC,Amyport,41246,AL,260 Kelly Path Apt. 871,560.327.9935x1641
311,4435,US,Leonard-Villarreal,New Markmouth,91139,DE,632 Joshua Light Apt. 621,905.757.8262
311,4436,US,"Nichols, Bradley and Miller",North Megan,54203,HI,9757 Perkins Crossroad,(860)937-5142x085
311,4437,US,Clements PLC,Jacobchester,38156,IL,469 Jerry Landing,+1-744-284-3588
311,4438,US,"Ruiz, Wilson and Robinson",Port Barbarastad,67226,CO,334 Gregory Trail,+1-706-608-0919x649
311,4439,US,Navarro-Wright,East Daniel,94583,AS,1199 Brian Highway,849-299-0778
311,4440,US,Mays PLC,East Thomas,56552,CA,7915 April Trace,(714)931-0753
311,4441,US,"Soto, Hill and Snow",Woodhaven,43537,NY,9823 Cole Cove,390-420-3828x896
311,4442,US,Anderson-Everett,Ingrammouth,47667,CA,2800 Noble Neck,704-324-4313x4795
311,4443,US,Newman and Sons,North Raventown,67217,GA,4407 Simon Curve,676-951-7478
311,4444,US,Davis-Perkins,Allenburgh,85836,FL,89135 Patricia Field Apt. 005,216-541-2733x34688
311,4445,US,"Reyes, Guzman and Duncan",New Anthony,49045,MD,107 Garrison Viaduct Apt. 549,217.748.9684
311,4446,US,Fry LLC,North Lukestad,22479,PA,31096 Strong Square Suite 257,(783)469-4976
311,4447,US,Powers-Luna,West Leah,64095,IL,8368 Cynthia Drives Apt. 525,718-928-0910
311,4448,US,Lucas Inc,Mcdonaldport,55041,KS,97713 Evans Track,+1-235-218-3472
311,4449,US,Shelton PLC,East Kelly,48075,CT,9764 Gail Center Apt. 722,(940)979-5571x756
311,4450,US,Berry-Jones,Connormouth,72149,PW,2122 Morris Isle,+1-691-631-5397x929
311,4451,US,"Gonzalez, Duarte and Wallace",Greenberg,87822,MN,48163 Rodriguez Track Apt. 454,780-973-0104x876
311,4452,US,Morris and Sons,Katherinebury,92597,DC,51187 Stephanie Landing Apt. 183,001-575-840-0743x3130
311,4453,US,"Rodriguez, Montgomery and Holloway",West Sharonmouth,70352,WI,97895 Duncan Throughway,(797)204-5260x750
311,4454,US,Rosales Ltd,Deanborough,32333,CO,609 Bethany Lock,(885)700-0074
311,4455,US,Gutierrez-Hicks,South Mary,02250,VA,657 Smith Lock,001-516-885-6424
311,4456,US,Rodgers-Nicholson,Jenniferfurt,96886,AL,2173 Lopez Ford,535.891.9026x608
311,4457,US,"Yu, Bartlett and Anderson",Deborahchester,57892,AZ,299 Crawford Manor,(726)325-7726
311,4458,US,Calderon Group,Jeannemouth,44843,AR,44581 Stephanie Via,718.675.9602
311,4459,US,Flores-Sanders,Smithbury,30349,TX,75576 Rebecca Branch Suite 255,(458)382-8900x4588
311,4460,US,Long-Henderson,Alanstad,62595,NJ,244 Karla Park,001-829-496-7237x410
311,4461,US,Perry-Simon,Meganchester,00692,AR,4677 Miller Views,001-791-205-0308
311,4462,US,Solis Group,South Angelaburgh,01318,FM,8847 Johnson Springs,+1-533-216-7641x570
311,4463,US,Frederick-Sharp,Foxmouth,93436,NM,92916 Cynthia Island Suite 927,844.272.9326
311,4464,US,"Roberts, Morris and Oconnor",Jamesberg,98346,AK,6703 Smith Mews Apt. 985,+1-876-244-0315x6396
311,4465,US,"Callahan, English and Reid",North Jennifer,63647,GU,50712 Erica Light Suite 732,814.559.0114x9247
311,4466,US,Matthews PLC,North Thomasshire,92395,HI,227 Alexis Mountains Suite 172,(919)640-6990x5259
311,4467,US,Salinas-Dawson,South Justin,51810,NH,12048 Acevedo Mews Suite 547,339.303.7844
311,4468,US,Wilson-Allen,Mendozaville,19137,CO,84970 Vanessa Glens Suite 013,(234)252-9497x593
311,4469,US,Lynn Group,New Anthony,76119,DC,6100 Sarah Burgs Suite 976,001-344-265-6537
311,4470,US,"Ford, Cannon and Pineda",West Justin,42057,VT,857 Richard Harbor Suite 288,(810)885-3931
311,4471,US,Anthony Inc,North Jameshaven,18090,HI,865 Richard Villages Apt. 139,651-811-0175
311,4472,US,Gutierrez PLC,Smithview,47667,ND,8857 Mccoy Street Apt. 718,644-300-1927x11648
311,4473,US,Miller-Castillo,Leestad,23985,RI,0561 Brandi Inlet,+1-729-319-2364x50612
311,4474,US,Brennan Group,South Tinaton,02743,NE,219 Ellis Expressway,001-594-750-8936x98988
311,4475,US,Hudson Group,North Tammy,29226,MD,42858 Aaron Radial Apt. 477,001-562-289-3804
311,4476,US,"Valentine, Clay and Sanchez",Turnerland,33804,UT,639 Wilson Mission,463-802-2243x94717
311,4477,US,Williamson LLC,West Chrisview,11669,AZ,2898 Daniel Park,5078968415
311,4478,US,"Dunlap, Burch and Carter",Andrewton,09248,KY,1092 Howard Corner Suite 619,+1-738-790-0608
311,4479,US,Scott PLC,West Nancy,61628,NM,79356 Robertson Fork Suite 597,(465)723-4399
311,4480,US,King-Barnett,South Lukehaven,25164,CT,623 Colleen Lights,4697242791
311,4481,US,Diaz Ltd,Desireeside,83570,HI,5572 Michelle Roads,(780)473-8621
311,4482,US,Crawford-Martin,Charlesberg,75770,WI,11467 Keith Village Suite 342,560-515-2969x97819
311,4483,US,Walsh Ltd,Allenland,88088,AR,87940 Amy Locks,283.753.6488x87632
311,4484,US,"Little, Gutierrez and Tapia",South Taylor,15284,IA,956 Ray Overpass,667-311-7515x28220
311,4485,US,Stone-Davis,Alimouth,54623,PR,189 Gonzales Mews,512.485.0624
311,4486,US,Briggs Group,West Mackenzie,23004,SD,5490 Miles Grove Suite 483,001-653-345-4071x320
311,4487,US,Porter and Sons,East Bruce,07733,NY,075 Tammy Overpass Suite 605,(800)746-1776
311,4488,US,"Mueller, Hays and Marsh",Mikeland,70708,OR,31841 Stephens Flat,270.466.1154
311,4489,US,Martinez and Sons,West Alexandriaport,62181,AL,84878 Bryant Pine,001-712-681-1374x3771
311,4490,US,Barton Inc,West Cherylfurt,59927,SD,291 Robert Forge Suite 235,(976)574-1239
311,4491,US,Vaughn PLC,Butlerton,80167,HI,5946 White Viaduct Suite 770,001-785-670-7478x0772
311,4492,US,White-Davis,South Nathanport,13296,ND,4342 Colleen Inlet,453-424-2871x9605
311,4493,US,Dickerson-Frey,North Jacquelinechester,97769,CA,36534 Isabel Motorway Suite 217,+1-255-225-2218x282
311,4494,US,Stevenson PLC,New Amanda,78351,MI,343 Diaz Circle,476.591.7687
311,4495,US,"Kelly, Macias and Sanchez",Anthonyview,09018,AZ,2197 Alyssa Gateway,+1-583-282-9827x4333
311,4496,US,Smith-Serrano,Jacobton,33871,UT,7216 Heather Branch Apt. 857,586.843.1490
311,4497,US,Parrish Group,East Daniel,24670,UT,392 Fernandez Cliffs Suite 256,592.257.8749x159
311,4498,US,Harmon-Moore,Williamstown,95193,MT,935 Cruz Road Apt. 636,+1-619-279-0837x3160
311,4499,US,Scott PLC,Baileychester,99063,KY,9958 Joshua Brooks Suite 977,001-802-609-2334
311,4500,US,Pittman Group,Port Anthony,86822,PA,0111 Michelle Union Suite 407,756-838-1637x632
311,4501,US,Jones-Gordon,Rachelside,10552,FL,6658 Gomez Estates,974-281-9692
311,4502,US,"Reed, Hughes and Jordan",Wilkinsonland,22519,NM,6851 Jennifer Stream Suite 779,(407)781-4135x72397
311,4503,US,"Bryant, Goodwin and Tucker",Lake Susanberg,34300,NM,793 Willie Canyon Suite 731,+1-614-296-0660x9349
311,4504,US,Rhodes LLC,Lanemouth,28345,IL,7633 Linda Corner Suite 141,+1-703-767-1602x939
311,4505,US,Clark and Sons,Davidborough,10150,TX,5045 Carrie Junctions,3683929646
311,4506,US,Davis-Taylor,North Mariatown,67934,TN,00299 Miles Forges Apt. 669,001-684-760-5418
311,4507,US,"Munoz, Best and Mcmillan",Erikshire,02706,HI,5545 Douglas Camp,307.606.5930
311,4508,US,Wong LLC,New Joshua,98321,SC,53338 Nash Drive,001-675-586-5591x85877
311,4509,US,Williams-Fuller,North Jaredside,78410,MI,788 Lori Lakes Suite 564,001-675-577-6572
311,4510,US,"Reed, Garner and Henry",Wilsonland,04764,WV,867 Kelsey Extensions,001-957-523-4866x144
311,4511,US,"Pratt, Jones and Kennedy",Jacksonport,81375,LA,39890 Wallace Divide,574-382-2821x86822
311,4512,US,Marquez LLC,Lake Caroline,15769,SC,838 Samantha Forks Apt. 466,983-719-4757
311,4513,US,Harris Inc,East Traceyshire,90683,NY,41197 Garcia Plaza Apt. 064,(712)201-2405
311,4514,US,Williams-Day,Morrisland,22443,NJ,8415 Parker Roads,+1-689-783-9932
311,4515,US,Lawrence-Pierce,West Anthonychester,78135,LA,357 Emily Island Suite 616,+1-495-566-7082
311,4516,US,Tapia LLC,West Samuelfurt,96237,WA,8865 Maxwell Divide,567.408.1521x1507
311,4517,US,Le-Riley,Matthewport,47674,WI,658 Hunter Burg,632.968.5758
311,4518,US,Nelson LLC,Lake Ritamouth,24485,RI,977 Meza Isle Suite 085,730.818.2859
311,4519,US,"Andrews, Brooks and Hicks",Cainburgh,28092,AZ,867 Combs Viaduct,+1-569-510-2744x06503
311,4520,US,Reed-Leach,Markborough,95649,SD,71442 Warren Avenue,(278)868-1264
311,4521,US,Smith-Shah,Rogersbury,88442,UT,77733 Knight Drive Apt. 251,001-428-354-5952x18927
311,4522,US,"Brown, Martinez and Davis",Susanport,77290,WY,093 Alexander Ferry Apt. 909,001-297-594-9900x07493
311,4523,US,Phillips-Roberson,Leebury,38826,TN,811 Johnson Corners Apt. 281,371-886-1096x34285
311,4524,US,"Shannon, Lopez and Arias",Allenmouth,60369,NE,337 Sharp Heights Apt. 668,364-784-8173
311,4525,US,"Stewart, Miranda and Cook",New Timothystad,90995,PA,910 Heather Trafficway,+1-412-313-7950x477
311,4526,US,Carpenter PLC,Kellychester,63322,AZ,95754 Taylor Summit,(624)248-3590x4044
311,4527,US,Clark and Sons,Guzmanview,12534,ID,57877 Reilly Common,001-749-797-1651x63115
311,4528,US,Williams LLC,Avilaton,08172,LA,042 Dunn Coves,+1-520-807-8655x03445
311,4529,US,Bell-Miller,Russellmouth,52881,FL,55777 Moore Walks Suite 405,248.998.1420x46511
311,4530,US,Li-Bailey,Monicashire,71585,NJ,9114 Smith Centers,962.671.3083
311,4531,US,"Vazquez, Solis and Brown",Sheltonburgh,08743,CO,5090 Marshall Roads,(607)409-1727x7172
311,4532,US,"Tran, Miller and Moore",Scottview,90760,AL,89131 Steven Haven Apt. 327,952.317.0096x38745
311,4533,US,"Brown, Nash and Harrison",Byrdberg,97413,IN,9676 Woods Oval Apt. 266,001-432-802-7734x75841
311,4534,US,Hernandez Group,South Debraton,51896,MD,4845 Brandon Circles Apt. 576,+1-407-548-9110
311,4535,US,Grant-Schwartz,Grantchester,17758,PA,1574 Lisa Manor Apt. 419,+1-400-952-1045x06745
311,4536,US,Jackson-Ramirez,Sherriburgh,97833,VA,5820 Kelly Brooks,9635524482
311,4537,US,Martinez-Hancock,Lindsayberg,73930,MH,4751 Proctor Manors,001-594-617-0216x5547
311,4538,US,Patrick-Stewart,New Paula,83186,ID,9341 Alvarez Alley,(663)249-8485x16380
311,4539,US,Mccann-Osborne,South Heathershire,32130,MT,42411 Daniel Stravenue Apt. 529,+1-283-562-5067x655
311,4540,US,Campbell Ltd,Sarahville,73286,IL,67800 Andrew Avenue Apt. 901,488-329-0374x94008
311,4541,US,Vance-Jackson,Gamblestad,18970,MI,6733 Wiggins Islands,490-658-2924x17644
311,4542,US,Murphy-Reed,North Jamesside,67434,NE,50626 Odonnell Roads,382.961.1722
311,4543,US,"Maldonado, Newman and Crane",North Daniel,87284,WA,12603 Suzanne Camp,(438)573-7205x6475
311,4544,US,"Juarez, Austin and Lowery",Lake Steveside,02482,WV,35592 Johnson Court,737-931-7701
311,4545,US,Cervantes-Little,South Edward,02741,VA,208 Jones Rest Suite 171,+1-377-918-1643x58891
311,4546,US,Walters-Sloan,East Kimberlyport,34867,MT,59078 Janet Roads,+1-499-543-4965x158
311,4547,US,Taylor-Rodriguez,Lake Scott,12429,KS,8771 Lisa Mountain Suite 169,+1-861-393-8078x364
311,4548,US,Hoffman Group,Annettemouth,46667,KS,8092 Jennifer Lodge,456-354-2526x820
311,4549,US,"Reynolds, Dominguez and Johnston",South Michaelfort,50549,UT,243 Kevin Viaduct,(867)909-6597x5835
311,4550,US,Jackson-Lawrence,Port Jessica,77741,MT,9171 Gilbert Terrace Apt. 854,+1-705-646-9118x83237
311,4551,US,Fox-Williams,Aprilmouth,47650,SD,3272 Spencer Track Suite 792,6459222779
311,4552,US,Hudson-Jensen,Kevinchester,53499,TX,52145 Brown Village Suite 896,001-988-529-4361x06375
311,4553,US,"Gardner, Robinson and Thomas",South Dan,80788,MT,489 Ward Mill Apt. 123,284.837.7494
311,4554,US,"Parks, Greene and Meyers",Port Anthonystad,80708,NJ,93372 Perez Park Suite 882,858-279-9057x79307
311,4555,US,"Taylor, Friedman and Jensen",Lake Steven,04081,VI,16106 Emily Corner,495-241-2895x66767
311,4556,US,White LLC,Griffinton,15356,PW,243 Barker Lodge Apt. 502,+1-944-769-3366x87945
311,4557,US,Allen-Johnson,Brandonborough,99560,NJ,4112 Guerrero Fields,(712)431-8263x6683
311,4558,US,"Ryan, Reid and Ortiz",Gardnerbury,29349,MH,8815 Weaver Parks Apt. 586,647-711-7697x37130
311,4559,US,Williams and Sons,New Pamelafurt,17039,PA,708 Faith Unions,(983)951-3974x151
311,4560,US,"Haynes, Moore and Mcclain",Martinezborough,68111,WA,98376 Boyer Stream,435.825.4430
311,4561,US,"Nelson, Allen and Brown",Cynthiahaven,26000,GA,793 Victor Station Apt. 897,9237565993
311,4562,US,"Ward, Nunez and Carroll",Tonyaview,47759,FM,1328 Oconnor Courts Apt. 984,+1-616-906-2012x7505
311,4563,US,"Johnson, Romero and Brady",East Chelsea,60221,AL,044 Pamela Green Suite 913,391-315-0252
311,4564,US,Burns-Hancock,Port Marie,98012,VT,7319 Gilbert Islands,405.547.3653x056
311,4565,US,Chase-Goodwin,Rioschester,49865,VA,528 Donald Haven,+1-661-625-8566x14699
311,4566,US,Madden-Haynes,Brandistad,32976,MS,965 Brown Pine Suite 155,001-856-952-0084x68888
311,4567,US,Ramsey and Sons,New Courtneyhaven,22674,IN,408 Sanders Wells,524-943-3031
311,4568,US,"Cruz, Mcdonald and Lopez",West Shannonside,36598,MI,81994 Chang Orchard Suite 911,357-596-2350
311,4569,US,"Brown, Weber and Watts",Huffchester,23344,ME,284 Glenn Road Apt. 344,(714)707-8672x6707
311,4570,US,Beck Inc,West Kennethland,95339,AL,039 Price Cape Suite 729,200-912-5438x655
311,4571,US,Benjamin-Johnson,Chavezview,26885,WI,4799 Ritter Forks,853.400.5567x274
311,4572,US,Grimes-White,Port Angel,36769,PA,0212 Bowers Stream Suite 743,001-910-700-2883x54092
311,4573,US,Fuller Ltd,Millerborough,20791,KS,6817 Andrew Harbors Apt. 774,(434)471-6662x50786
311,4574,US,"Wolfe, Smith and Webb",Riosmouth,47621,CA,76165 Wright Camp,716-760-8043
311,4575,US,Garcia-Lopez,North Veronicaville,97994,NV,331 Russell Ridge Suite 189,449-331-8110x65686
311,4576,US,Marsh-Brooks,West Michael,79065,AL,936 Jesse Squares Apt. 614,391.837.2954
311,4577,US,Payne LLC,North Samantha,15908,WI,794 Shelley Prairie,+1-365-641-7856
311,4578,US,"Morgan, Boyd and Hughes",New Joyce,26243,PR,204 Kristen Way Suite 309,(407)532-8591x7653
311,4579,US,"Cook, Johnson and David",Lake Alexside,70401,AZ,90171 Williams Flat,(897)877-8106x042
311,4580,US,Powell-Todd,Jonesborough,39868,GU,29234 Lee Summit,+1-732-924-4838x76164
311,4581,US,Haley Inc,Williamshire,97541,HI,930 Martinez Inlet Suite 142,(247)274-6131
311,4582,US,"Forbes, Stevens and Ward",Rochamouth,86761,MN,82191 Michael Fields,(979)448-4517
311,4583,US,Smith-Yoder,Simmonsfort,54722,MT,056 Michelle Oval,(392)606-2458x09753
311,4584,US,Odom LLC,South Raymond,41911,FL,1096 Jennifer Lights,588.412.7644x3165
311,4585,US,Wilson-Lewis,Lake Michaelfurt,56024,MT,0086 Anthony Dam Apt. 027,438-771-7937x151
311,4586,US,Park LLC,New Shanemouth,36646,RI,707 Donald Greens,+1-498-622-8359x4997
311,4587,US,"Smith, Mitchell and Patrick",West Perry,80967,MP,2077 Sharon Point,(402)875-3487
311,4588,US,Johnson-Reese,Dunntown,12871,NE,33099 Frye Roads,001-993-478-1696
311,4589,US,Padilla and Sons,North Laceyport,57663,VA,26354 Sanchez Common Suite 063,8757921709
311,4590,US,"Ross, Taylor and Hess",Connerchester,23708,OH,46052 Alvarado Squares,+1-829-721-2533x117
311,4591,US,Forbes-Jenkins,West Jessicafurt,81309,AL,3148 Austin Summit,346.776.8285
311,4592,US,Kelly-Stevens,New Feliciamouth,57449,IA,522 Olsen Groves,(699)968-7279x78334
311,4593,US,Griffin-Bishop,Lake Adam,47293,NM,217 Courtney Lock Suite 503,+1-643-562-8570x7852
311,4594,US,Patel Inc,Jasonstad,55373,DE,02591 Anthony Shoals,+1-742-201-2169x5673
311,4595,US,Shaw-Griffin,Port Audrey,30500,NM,88782 Amy Gardens Apt. 197,(466)629-4174x22830
311,4596,US,Hamilton-Moore,Lake Robin,54249,HI,158 Marks Hills Suite 097,994.791.1620x4634
311,4597,US,Williams Inc,East Markville,19810,AR,956 Day Center Apt. 507,001-402-202-2524x33827
311,4598,US,Moore-Rosales,Wrightbury,79564,PW,38948 Nathaniel Crossroad,291-358-0596
311,4599,US,"Bailey, Vega and Rivera",Morrisonbury,72430,WV,1806 Rachel Ville Suite 330,420.567.0975x412
311,4600,US,Lopez LLC,Bradymouth,50155,FM,5955 Hernandez Ways,913-805-2440
311,4601,US,Reynolds-Armstrong,Norrisside,05785,TN,556 Powell Glen,+1-475-258-4598x3978
311,4602,US,"Schneider, Roberts and Fernandez",North Yvettebury,49822,UT,30616 Leonard Gateway Suite 643,(528)494-8402x34033
311,4603,US,Thompson-Rivera,Davisberg,47973,VT,533 Garcia Branch Suite 544,730-242-2156x69797
311,4604,US,Hernandez Inc,New Patricia,49520,FM,15009 Kurt Curve Suite 572,001-851-258-9271x25972
311,4605,US,Benson-Smith,North Shawnburgh,15249,MO,0551 Walton Burgs,8354228258
311,4606,US,"Carlson, Higgins and Stevenson",South Malloryfort,17175,GU,6628 Miller Causeway,+1-729-993-9791x3944
311,4607,US,"Wilson, Michael and Griffin",Herringborough,77829,AS,696 Cory Tunnel,590.518.9292x667
311,4608,US,"Martin, Johns and Munoz",Sharontown,24264,IA,9485 Mary Ford Apt. 552,230.801.3619
311,4609,US,Washington-Young,South Lisa,98925,IA,5028 Andrea Forges Suite 825,584-414-0648
311,4610,US,"Hamilton, Garcia and Johnson",Cruzburgh,45298,RI,258 Deborah Greens,001-514-383-1031x295
311,4611,US,Bradley-Ramirez,Lawrenceshire,65071,VI,460 Drake Mountains,967-653-9474
311,4612,US,Lawrence-Francis,West Kayla,24089,IA,593 Joseph Common Apt. 962,001-916-461-8138
311,4613,US,Martinez Group,North Mariahaven,12672,RI,740 Pamela Green,8932030606
311,4614,US,Hinton Ltd,Freemantown,41399,ND,30376 Woods River Apt. 017,703-585-2893x16506
311,4615,US,Howard-Shannon,Lake Sheilaview,42010,DE,31372 Guzman Extensions Suite 535,001-788-518-5610x789
311,4616,US,Hawkins LLC,Nancyhaven,90322,TN,294 Lee Shoal Suite 495,(375)317-5741x590
311,4617,US,"Chapman, Neal and Taylor",South Gregoryside,01942,MT,8980 Jack Shore,830-534-1737x09123
311,4618,US,Palmer-Kline,West Erika,46706,SC,4677 Jacobs Fall Apt. 139,+1-315-510-3793x8492
311,4619,US,Allen-Wright,North Victor,70047,MN,989 Elizabeth Place Suite 015,858-741-2736x5474
311,4620,US,Orozco-Wilson,North Doris,44361,WV,62058 Dan Stream Apt. 138,(430)606-5124x78537
311,4621,US,"Taylor, Bailey and Martinez",Smallland,04681,SD,36163 Smith Lock,001-517-761-8214x59904
311,4622,US,Wood-Key,Bryanberg,29134,WI,7648 Cook Passage,578-496-3976
311,4623,US,"Roman, Reed and Robinson",North Catherinechester,44310,MT,55702 Tara Common,(862)958-5398x7945
311,4624,US,"Padilla, Dominguez and Harmon",Richardsonborough,18990,MH,57144 Lisa View,408.939.2135
311,4625,US,Malone Group,Allenland,85078,CT,89709 Bryant View Apt. 957,670-280-0514x642
311,4626,US,Smith-French,North Alexton,83576,AK,3148 Jordan Canyon,892.582.9291
311,4627,US,"Ward, Parks and Blair",Fischertown,95761,HI,82303 Kenneth Shoals Suite 642,(963)539-3120
311,4628,US,Griffin Group,Lake Lukemouth,17404,PW,605 Beverly Mill Suite 112,+1-232-595-5972x917
311,4629,US,"Ward, Harvey and Rodriguez",Jacquelinefurt,72731,OK,6824 Smith Gardens Apt. 714,871-731-6875x286
311,4630,US,"Martinez, Hall and Chen",East David,70900,CO,2226 Kathleen Hills Apt. 787,+1-648-960-9544
311,4631,US,Wood-Horn,Port Stephaniemouth,77737,AS,7580 Alison Circles,001-315-382-1445
311,4632,US,Higgins-Dawson,Port Michael,30101,OH,5716 Angela View,(289)215-5582x2925
311,4633,US,Shannon-Taylor,Fordville,58351,GU,391 Cummings Bypass Suite 898,992-239-4996x57565
311,4634,US,Bruce-Lin,Lake Jeanne,81856,GA,12233 Wright Mall,(204)789-4906x8048
311,4635,US,Smith Group,East Brandon,84143,TN,93338 Kimberly Plain,3587256813
311,4636,US,Stone and Sons,Littleborough,27056,FM,9596 Moses Inlet Apt. 166,264-633-7607x47344
311,4637,US,"Swanson, Mathews and Townsend",Bryantstad,86246,MN,4878 Dylan Valleys,+1-264-440-0780x94475
311,4638,US,Rasmussen Inc,New Lisamouth,63055,MS,96884 Mallory Rest,536.447.6722x977
311,4639,US,Howard PLC,West Spencerton,67078,MI,71632 King Rest,(544)938-2499
311,4640,US,Nelson Group,East Sabrina,70157,PW,345 Daniel Drive,320.293.7016x4830
311,4641,US,"Hernandez, Melton and Cobb",Coreyshire,20736,MN,06957 Leonard Ridges,986-369-0021x312
311,4642,US,Haynes and Sons,Pamelaville,84377,PR,724 Deleon Turnpike Apt. 035,674-244-0165
311,4643,US,"Cunningham, Francis and Young",East Brianton,83831,MN,6476 Brenda Throughway,4502458569
311,4644,US,"Allen, Stone and Bowman",Bonnietown,37059,OH,58782 Jarvis Track Suite 523,(255)947-4749
311,4645,US,"Adams, Bell and Hart",West Thomasside,18757,MA,991 Sarah Street,267.647.1653x80859
311,4646,US,Watkins LLC,Karenborough,54008,OK,80186 Erin Overpass Apt. 385,001-820-447-7229x757
311,4647,US,Clay LLC,Jacquelinebury,79723,FM,4191 Jim Drive Suite 426,+1-360-642-3989
311,4648,US,Rowe PLC,New Saraview,44188,UT,6584 William Station,210-455-4087x6745
311,4649,US,Williams-Taylor,Phillipberg,92030,MA,3497 Marcus Square,334-951-8076
311,4650,US,Carlson-Hunter,North Andrewmouth,20386,WI,66497 Whitaker Inlet,001-824-265-9645
311,4651,US,Jones LLC,West Louistown,05802,NJ,6996 Wallace Run,429.251.3349x16853
311,4652,US,"Thompson, King and Nolan",Amandaside,30041,WI,3672 Patricia Forest Apt. 721,001-331-510-7701x3910
311,4653,US,Barr-Becker,Sandraview,57746,WV,38245 Jennifer Forks,(886)590-0555x53794
311,4654,US,Flores Group,Port Clayton,68224,AL,465 Adam Lodge,001-678-522-2973x7367
311,4655,US,"Waters, Hughes and Morris",Port David,05605,MO,445 Wright Glens Suite 421,867.817.0183
311,4656,US,"Gray, Cruz and Johnson",Blackwellbury,95117,OR,47068 Catherine Forge,(603)474-3539
311,4657,US,"King, Chang and Morales",Kirkberg,76590,NH,1835 Michael Valley Suite 395,270.699.8109x29712
311,4658,US,Kelly-Massey,Whitebury,47663,IN,094 Edwards Estates Suite 328,787-439-8474x3824
311,4659,US,Cantrell-Harmon,Port Marcusfort,80210,GU,812 Dakota Island,(373)761-1956
311,4660,US,"Blankenship, Berry and Hart",Elizabethhaven,46488,GA,45849 Amber Trafficway Apt. 604,204.675.8389
311,4661,US,"Walsh, Sanders and Ramsey",Jonesfort,85132,OH,38176 Zimmerman Heights Apt. 377,793.276.1468x233
311,4662,US,Terrell-Ramirez,Lake Mary,86871,ND,518 Manuel Ramp,744-295-2934x9765
311,4663,US,Combs Inc,West Alexis,84835,SC,82665 Dunn Vista Apt. 751,7622857475
311,4664,US,Clark-Bailey,South Brian,25968,WV,2362 Denise Light,353.854.6203x3190
311,4665,US,Jordan-Duran,Scottchester,34558,OK,102 Martinez Alley Suite 632,(542)393-2594x551
311,4666,US,Bowen Ltd,Miguelborough,18437,OK,51086 Osborne Viaduct Apt. 120,001-667-263-2304
311,4667,US,"Daniels, Bryant and Preston",Hayesmouth,90393,NM,613 Richard Village,783-826-6995
311,4668,US,"Torres, Fuller and West",East Erica,56987,UT,72218 Morris Village Suite 394,942-698-6586x67687
311,4669,US,"Koch, Mejia and Cox",Pughstad,44079,PW,1961 Eric Hollow,+1-538-653-5005x4496
311,4670,US,Freeman Group,New Haleyfurt,92818,MO,25035 Reid Crossing,001-441-401-4783
311,4671,US,"Bush, Rowe and Rose",Lake Vanessaberg,56177,VA,3639 Kaylee Islands,+1-998-304-3736
311,4672,US,"Woodard, Lyons and Russo",North Davidmouth,94624,VI,884 Ellis Prairie Suite 296,001-306-385-8786
311,4673,US,Juarez-Huynh,Lake Douglas,79490,ID,8847 Johnson Port,+1-598-537-4597x4683
311,4674,US,Sawyer-Frank,New Michael,11739,AK,2474 Joseph Pines,001-211-878-2384
311,4675,US,Davis PLC,Port Jeffrey,44018,OK,71536 Jessica Rue Suite 925,(521)404-0784
311,4676,US,Caldwell Group,Port Tanyaton,38548,AR,2970 Alexander Trace,(987)253-3467x704
311,4677,US,"Wade, Robinson and Butler",North Dominique,79577,PR,04764 Carter Tunnel Apt. 335,(473)273-2747x461
311,4678,US,Clark Inc,Kylemouth,70076,RI,02880 James Glens Suite 491,(842)556-7360x13583
311,4679,US,Ortiz Ltd,West Charleston,06908,PW,1350 Foster Ridge,419-813-6081
311,4680,US,Wells Ltd,North Ricardomouth,33152,NC,53055 Thomas Point,805-284-0473x7317
311,4681,US,Salinas Ltd,Turnerville,16317,CT,05802 Brittany Square,+1-323-756-0356x8255
311,4682,US,Carlson and Sons,East Kaitlyn,63424,WV,4375 Jeffrey Mountain,(610)813-9538
311,4683,US,Horton-Johnson,New Joseland,28113,KS,504 Jennifer Summit,(584)543-6008x237
311,4684,US,"Bray, Walker and Smith",Port Michael,65943,WA,4249 Lewis Fields,001-536-834-9522x3499
311,4685,US,Mccoy-Dunn,Allisonfurt,77303,VT,2529 Adkins Stravenue Suite 692,981-282-1103x159
311,4686,US,"Herrera, White and Walker",North Amanda,90927,VA,12590 Allison Bypass Suite 636,(330)407-8273x49211
311,4687,US,Hernandez Group,West Brianmouth,39166,IL,130 Jennifer Falls,824.373.9523x167
311,4688,US,Frank Group,Port Shaunside,53387,TN,37521 Joseph Dam Suite 919,249.878.4978
311,4689,US,Harris Ltd,Hestermouth,08326,WI,8078 Bob Loop Apt. 639,684.316.6090x8839
311,4690,US,Garza Inc,Owenberg,43258,VA,48391 Howell Vista,443-870-4084
311,4691,US,Vazquez-Williams,West Deniseton,19466,VA,619 Vanessa Trafficway,431.944.7360x965
311,4692,US,"White, Jensen and Morris",Lake Brandonton,65466,MO,64481 Lewis Forge Suite 931,+1-585-551-2114x79972
311,4693,US,Gomez-Nguyen,Rebeccaburgh,71379,AS,2888 Boyd Fords,998-533-3592
311,4694,US,Webb LLC,Lake James,60939,NE,86604 Hill Drive,664.904.3178x02093
311,4695,US,"Hines, Mitchell and Chang",Port Christinefurt,94004,NJ,2753 Burgess Springs,(654)230-8316
311,4696,US,"Galloway, Collins and Gordon",Maldonadoport,67638,TN,9135 Cynthia Hill,(764)915-1143x794
311,4697,US,Lucas and Sons,Port Brian,16419,WV,43775 Vance Locks,(678)572-3359x876
311,4698,US,Ruiz Group,North Emilytown,24201,NH,46575 Wiggins Station,(918)626-5539
311,4699,US,Hurley-Davis,North Terri,28022,CA,530 Samuel Divide Apt. 510,450.586.0458x8861
311,4700,US,"Dunn, Mora and Rodriguez",Analand,17241,KS,8849 James Bypass,(703)659-9650x850
311,4701,US,Hopkins-Vincent,Larryfurt,68310,TX,78074 Miller Groves,001-466-366-3010x6838
311,4702,US,Gomez LLC,Richardshire,25702,OH,5701 Roberson Turnpike Apt. 554,+1-723-901-3555x597
311,4703,US,"Petersen, Meyer and Fernandez",Jonathanberg,04103,NJ,706 Hernandez Creek Suite 692,(815)245-7848
311,4704,US,Bond LLC,Lake Douglastown,92282,WI,8529 Catherine Ferry,(978)578-2301
311,4705,US,"Henry, Young and Stark",Dominguezville,94339,VA,77778 Crystal Heights,(560)836-5461
311,4706,US,Marshall Group,Chanborough,48607,MS,516 Taylor Station,(523)951-5064x6033
311,4707,US,Pearson LLC,Nathanielville,89889,MO,77781 Frazier Drive Apt. 374,452.256.2859x6343
311,4708,US,Moore-Rivera,Ianberg,59659,DC,6992 Lindsey Track,794.428.7785x90012
311,4709,US,"Cruz, Brown and Burke",Whitefurt,96475,PW,1020 Cole Rest Apt. 491,(506)992-9851x7526
311,4710,US,Finley-Johnson,Harrismouth,03720,WA,528 Morgan Mission Apt. 386,001-812-699-9108x8069
311,4711,US,Moore and Sons,West Christopher,38809,AZ,73019 Miller Union,+1-512-756-5865x47117
311,4712,US,Butler PLC,West Benjaminmouth,90887,VA,71261 George Plain Apt. 505,(977)295-0172x390
311,4713,US,Hayes Ltd,Shawnview,94850,DE,4241 Glass Walks,892-285-9514
311,4714,US,Drake and Sons,North Daniel,70850,VT,32246 Parks Walks,001-688-715-1911x7806
311,4715,US,Munoz-Hurley,East Conniehaven,30764,UT,1043 Ritter Glens Apt. 967,001-783-432-6186x986
311,4716,US,Nixon-Smith,Billybury,84937,AK,281 Roger Pike Apt. 894,717-418-5464x3943
311,4717,US,Harmon Group,North Christopher,49913,ME,65984 Thomas Mountain,5625230313
311,4718,US,Nichols Inc,North Dianeberg,66768,GU,47106 Duffy Lakes Apt. 400,8935609653
311,4719,US,Macdonald and Sons,New Jeffery,93985,CO,507 Kelley Circle Apt. 489,(291)948-4454x0274
311,4720,US,"Moreno, Johnson and Glover",Lake Laura,81987,DC,39710 Ward Landing,+1-463-333-8718x0158
311,4721,US,Lara PLC,Reeveshaven,97518,HI,08307 Joseph Haven,001-531-381-7575x308
311,4722,US,Dawson-Herring,South Victor,26225,CA,87586 Weaver Brook Apt. 261,+1-721-333-4102x49556
311,4723,US,Williams-Rowland,East Richard,23171,CT,766 Alexander Grove,(239)904-4123
311,4724,US,"Barrett, Hickman and Lopez",Lake Amandaborough,70007,SC,6099 Warner Harbor Suite 549,(227)931-8721x2337
311,4725,US,Scott-Hamilton,Lyonsfurt,95139,OK,54581 Tabitha Shoals Apt. 448,(563)585-6215x057
311,4726,US,"Johnson, Wilson and Lucas",South Spencer,73149,LA,15995 Dorsey Mountain Suite 801,2369210365
311,4727,US,Howard Ltd,Port Michael,61806,MT,311 Jasmine Dam Apt. 457,+1-828-944-9939x712
311,4728,US,"Black, Rush and Howe",West Scott,49554,NC,327 Turner Mountain,001-571-502-2818x34213
311,4729,US,Stewart-Kelley,Port Gary,02315,NJ,21810 Martinez Street,001-484-324-9731
311,4730,US,"Taylor, Ochoa and Hatfield",Baxterside,10802,WY,27358 Rodriguez Corner Suite 679,+1-280-829-4328x395
311,4731,US,Livingston Ltd,East Paulport,44749,NV,832 Williams Extension Apt. 838,(625)255-3449x028
311,4732,US,"Wolf, Fisher and Baker",East Breanna,92816,NJ,320 Justin Mill Apt. 568,823-401-6680x03651
311,4733,US,Graham-Hall,Keithshire,98872,AS,41613 Jeanne Point Suite 187,001-831-908-8396x82869
311,4734,US,"Lynch, Moore and Smith",Kellerfort,97455,AL,9521 Charles Village Apt. 967,(691)442-8636
311,4735,US,"Townsend, Walker and Stevens",South Sharonfurt,34954,NH,0227 Jason Pines,001-540-751-0808x72259
311,4736,US,Solomon-Phillips,Elizabethport,52783,MO,7000 Rivas Viaduct Apt. 057,628.247.7736x7828
311,4737,US,Johnson-Mcgrath,Kyleland,07873,IA,962 Jessica Knolls Apt. 399,(224)418-3944x270
311,4738,US,Hill Inc,Jennifertown,97080,RI,84196 Davis Light Suite 108,5369821553
311,4739,US,Bryant-Thompson,South Christinatown,01836,AL,930 Eric Dam,235-794-2957x2294
311,4740,US,Evans-Weaver,Gutierrezborough,30523,IL,8580 Samantha Passage Suite 085,001-830-292-6425
311,4741,US,"Rodriguez, Khan and Wong",Perezstad,14991,WV,6180 Wilson Orchard Suite 090,001-822-489-5141x04048
311,4742,US,Thomas Inc,Leeville,64692,MO,672 Tanya Shores,363.786.2699
311,4743,US,Moreno-Mahoney,West Virginia,61729,MO,4077 Nancy Crossing Apt. 726,522.754.9450
311,4744,US,Duncan and Sons,Williambury,44601,MH,89037 Fox Court,(585)343-0857x6649
311,4745,US,"Washington, Cunningham and Gilbert",Gonzalezmouth,38447,MD,9327 Beth Oval,(662)897-7750
311,4746,US,Reynolds-Silva,Matthewfort,90184,MD,93560 James Centers Suite 290,+1-593-372-8765x0388
311,4747,US,Cooper-Anderson,East Amy,69803,SC,935 Mark Brooks Suite 023,(472)716-6735x1041
311,4748,US,Reed Ltd,West Ralph,99810,NJ,299 Roberts Union Suite 234,702.914.0320
311,4749,US,Burgess-Barnes,New Andrewfurt,64540,CA,364 Deborah Lakes,662-984-1672x17627
311,4750,US,"Chan, Thompson and Rodriguez",Laurastad,17001,AK,100 Willie Cove,001-467-382-7238
311,4751,US,Mooney LLC,Santanaborough,49540,DE,520 Logan Trail Suite 536,(781)622-6311
311,4752,US,"Santana, Kennedy and Walker",New Teresa,92465,MI,641 Rodriguez Inlet,376-508-3253
311,4753,US,Medina Inc,East Sara,26677,CO,13940 Gloria Shores Suite 251,+1-940-233-0119x17182
311,4754,US,Davis and Sons,Amandaton,00537,UT,92589 Barbara Landing,9506038278
311,4755,US,Jordan Inc,Tuckerstad,39145,ND,728 Sharon Square Suite 385,+1-930-491-8218
311,4756,US,Macias PLC,Youngburgh,12708,DC,289 Julie Heights,001-607-410-1663x92995
311,4757,US,Thompson and Sons,West Ashley,20868,MO,553 Brittany Circles,667.452.5467x546
311,4758,US,Mitchell-James,Tuckermouth,14312,AK,776 Amy Mountains,001-207-512-0215
311,4759,US,Roberts Inc,North Gregorychester,92772,MS,9279 Hamilton Parkway,971-821-1492
311,4760,US,Salinas-Evans,Stonechester,38229,MS,26181 Glenn Stream Apt. 939,+1-547-332-6156
311,4761,US,Page Group,Brewerside,42408,GU,661 Wood Mountains Apt. 584,693.834.9976x49145
311,4762,US,Edwards-Powell,New Terri,33925,DC,70878 Ortega Trafficway,001-346-258-6224
311,4763,US,"Fernandez, Tyler and Strickland",Ruizport,53194,IA,599 Jessica Views,(764)423-4320x9678
311,4764,US,Fox-Ramsey,Lake Carlside,07342,PR,16454 Peter Orchard,216.214.2417
311,4765,US,"Rodriguez, Jimenez and Thompson",East Joel,70821,AZ,6836 Gill Road Suite 650,+1-552-485-5864
311,4766,US,Evans-Alexander,Vasquezchester,07174,IL,4166 Ellis Dam Suite 386,9455859760
311,4767,US,"Baxter, Flynn and Ramsey",Rodneystad,89615,MH,256 Craig Greens,001-293-377-9732
311,4768,US,Chavez LLC,Nicholsport,46818,AR,9162 Paula Ranch Suite 281,001-696-329-5106x19561
311,4769,US,"Hinton, Baker and Smith",Lake Natalie,01068,KY,3388 Sandra Junctions,2827277872
311,4770,US,Hogan Inc,Lake Carlosview,04269,MN,68915 Katelyn Walk,942-801-7882x703
311,4771,US,"Cook, Poole and Johnson",West Tylerfort,86751,MT,115 John Forge Suite 532,001-408-888-9137x93257
311,4772,US,"Ford, Moody and Johnson",Lake Sandraside,25649,MT,046 Julie Pike,2627027511
311,4773,US,Aguilar-West,Port Joshua,54353,MN,0028 Robert Brooks Apt. 749,(733)483-1843
311,4774,US,Sullivan-Bowman,North Mariahfurt,18654,ID,82638 Blake Haven Suite 219,321.343.5724x334
311,4775,US,Brown LLC,Oliviaborough,87826,DE,699 Jesse Fall,434.481.0772x5965
311,4776,US,"Anderson, Hill and Barton",Anthonyland,81742,ME,02536 Heath Orchard,449-632-8554x5697
311,4777,US,"King, Ryan and Garcia",West John,08578,NE,7029 Jared Ramp,922-705-7673x27530
311,4778,US,Silva-Wilcox,Lake Amberland,28420,KS,20776 Jennifer Stravenue,001-487-725-3782
311,4779,US,"Butler, Bailey and Bryant",North Colton,09772,MS,692 Austin Islands,926.730.3282x3111
311,4780,US,"Guerrero, Cox and Jackson",East Daniel,89427,DC,6448 Kristen Mission Apt. 007,+1-915-327-1159x3875
311,4781,US,Jimenez and Sons,Reneeville,01383,GA,95907 Ray Locks,551.857.4856
311,4782,US,Davidson-Griffin,Wilsonton,91162,MA,74876 Lisa Curve,8936217122
311,4783,US,"Morris, Klein and Fields",New James,02954,FL,6628 Matthew Haven,7402675151
311,4784,US,"Schaefer, Richard and Harvey",Jenkinsbury,17236,CO,471 William Fall,(856)973-0840
311,4785,US,"Vazquez, Jones and Robertson",South Cindyton,70374,TX,908 Kim Stravenue,577-235-2901x5629
311,4786,US,Carlson LLC,Port Tiffanyville,61196,MP,30030 Morales Brooks,+1-948-644-9308
311,4787,US,"Edwards, Hamilton and Benitez",Marshallstad,26350,AL,442 Giles Summit,231-330-3098x47783
311,4788,US,"Stephens, Carey and Mcgee",Amyville,94040,SD,0325 Wu Gateway Suite 499,292-275-5342x7225
311,4789,US,Hernandez Inc,New Bruce,63496,WA,161 Rachael Square Suite 378,+1-749-385-8217x810
311,4790,US,Armstrong-Phillips,Port Emily,94311,AR,7042 Reilly Place Apt. 929,001-402-480-3088x0044
311,4791,US,"Clark, Mcfarland and Patel",Jaredland,92303,CA,3415 Frazier Tunnel,001-206-519-0858x026
311,4792,US,Ramirez Ltd,Saratown,48354,HI,476 John Parkway,001-221-617-5749x9036
311,4793,US,"Thomas, Boone and Goodman",Danielborough,90333,NM,9739 Watts Mission Apt. 159,619.619.1553x53394
311,4794,US,"Ramirez, Garza and Martin",West Thomasfort,08140,IA,90378 Mayer Gardens Apt. 978,001-622-891-8913x59437
311,4795,US,Brady-Shields,South Maureen,90024,VT,057 Sarah Prairie Apt. 511,513.881.6484x248
311,4796,US,"Mooney, Howard and Chavez",Jasonborough,27788,SD,1471 Villanueva Ranch,+1-662-613-8916x97461
311,4797,US,"Nguyen, Young and Hood",New Bonnie,06863,NY,14709 Leslie Island,918-486-3339x574
311,4798,US,Collins Group,Bowmanmouth,94264,WA,88161 Dixon Common Suite 831,(564)713-7305x2239
311,4799,US,Cortez Group,South Jackson,35867,PW,23949 Lee Fall,311-463-8880x58585
311,4800,US,Neal Ltd,South Maria,94350,NV,338 Davis Mountain,254.345.1722
311,4801,US,"Nielsen, Watson and Reyes",New Reneeport,44967,MS,275 Johnson Locks Apt. 007,+1-638-472-2374x0280
311,4802,US,Hernandez-Khan,Lake Michaelfort,48762,UT,575 Matthew Spur,+1-219-859-5454x70816
311,4803,US,Roman PLC,Romerofurt,49600,MA,717 Janice Spring Apt. 122,7072393781
311,4804,US,Charles-Oconnell,Fordside,45825,NV,440 Richard Lights,943-630-7269x630
311,4805,US,Johnson-Jackson,East Danielhaven,40022,PR,008 Jenkins Freeway Apt. 778,001-914-796-6616x9618
311,4806,US,"Lambert, Goodman and Richards",Tarastad,88359,SD,13663 Danielle Passage,943.849.9858x1521
311,4807,US,Ortega Inc,South Anne,29727,AR,6402 Brianna Fall,791.591.4967x64765
311,4808,US,"Suarez, Robinson and Jones",Port Kathleen,95250,KS,695 Joy Field Apt. 362,001-281-341-5931x6388
311,4809,US,Gutierrez-Davis,Johnsstad,66913,ID,695 Lopez Square,(204)491-5463x618
311,4810,US,Barton-White,Mooreland,96323,GU,632 Krause Prairie,+1-980-885-0423x5865
311,4811,US,"Mccarty, Kane and Vega",Lake Rodneyborough,55538,GU,093 Jane Square Apt. 281,001-506-823-3838
311,4812,US,"Jenkins, Moody and Castillo",Cheryltown,55544,MN,324 Bailey Squares Apt. 973,001-687-520-9037x4014
311,4813,US,Moore-Walker,Ochoaville,34842,MS,48684 Johnston Flats Apt. 475,+1-838-646-7886x7446
311,4814,US,Benitez Ltd,Austinfort,86084,WA,358 Garrison Loop,(653)661-7338x224
311,4815,US,Reed LLC,Port Sandy,16710,AS,805 Smith Spring Apt. 675,001-612-797-4743
311,4816,US,"Robinson, Salinas and Savage",New Bruceside,71575,ND,54937 Le Brooks Apt. 518,001-499-710-6973x85692
311,4817,US,"Ramos, Harrison and Gardner",Cordovaville,36184,OK,502 Nancy Summit,9715211610
311,4818,US,Lindsey-Harris,New Seanview,38510,FM,787 Cohen Key,855-310-6760
311,4819,US,Allen Inc,Gonzalezchester,00835,NJ,646 Vasquez Walk Suite 072,948-380-2708x768
311,4820,US,"Hall, Duncan and Johnson",Lisaborough,31944,MH,17610 Gary Fords,+1-649-583-8523
311,4821,US,"Wood, Bush and Francis",Fernandezhaven,52332,IL,1453 Renee Gardens Suite 577,977-342-4506x971
311,4822,US,"Wall, Thompson and Ramos",North Alyssa,16658,PR,54831 Edward Viaduct,578.581.5898x096
311,4823,US,"Branch, Meyer and Arellano",Ashleystad,86523,IA,3113 Smith Mews,001-210-898-4393x2873
311,4824,US,"Guerra, Scott and Patrick",Port Michael,29330,TX,05686 Paul Hills,001-445-208-1162x7597
311,4825,US,"Miller, Bates and Johnson",Port Whitney,38850,KS,607 Hancock Loop,467.424.0353
311,4826,US,Cooper Ltd,Lake Jason,94345,AS,51203 Campbell Landing,(241)620-0394
311,4827,US,"Hill, Erickson and Bryant",Paigeberg,23488,GA,1285 Morton Causeway Apt. 723,631-887-5163x67083
311,4828,US,"Powers, Yu and Campbell",Ashleyshire,36547,OR,77104 Brian Well Suite 333,235-261-3571x6062
311,4829,US,"Mason, Martinez and Keller",Melissafurt,25698,MA,62196 Aguirre Route,4776850050
311,4830,US,Thompson-Bauer,Silvaside,89997,FL,02146 Vance Springs Apt. 034,586.755.6481x596
311,4831,US,"Brown, Jones and Clements",Janicetown,77231,PW,51401 Anthony Alley,+1-246-372-7429x3111
311,4832,US,Gardner-Stevens,Port Willieton,33213,CA,8462 Johnson Stravenue Apt. 956,+1-775-892-4311x4211
311,4833,US,Finley Group,Andersonstad,91433,AR,61029 Travis Parkways Apt. 979,600.752.2653x97462
311,4834,US,Clark Ltd,East Ronaldfort,14470,KS,5781 Peters Forge Suite 361,922.477.3228x096
311,4835,US,Oconnor-Mcgee,West Meganberg,06041,AS,191 Nicole Flat Apt. 035,(493)915-4724x92640
311,4836,US,Dodson-Poole,Ruizborough,78063,VT,98219 Mckenzie Ford Suite 257,(203)237-5141
311,4837,US,Leach-Barker,West Deborah,16052,TN,50447 Curtis Knolls,001-370-435-8895x225
311,4838,US,"Flores, Evans and Arias",Buckleytown,17270,VA,87643 Kimberly Alley,001-261-707-5363x531
311,4839,US,Nixon-Farmer,Port Justin,76557,NC,6424 Gray Fords Suite 955,(429)787-7842
311,4840,US,Hall PLC,Matthewport,22831,DC,90846 Smith Divide Suite 272,998-829-6529x42321
311,4841,US,Wells-Collier,West Juan,64236,FL,77856 Marcus Lock Suite 577,(506)754-1829x74240
311,4842,US,Williams LLC,Eduardochester,52154,RI,8704 Carol Prairie Suite 531,001-622-376-6447x728
311,4843,US,Edwards-Murphy,North Aprilville,48960,WI,095 Jennifer Mall Suite 973,(297)647-5496x52988
311,4844,US,Jimenez Inc,Lake Katieberg,43185,VT,2729 Christina Common Apt. 370,204-964-0457x9938
311,4845,US,"Smith, Garcia and Nichols",Danielville,33902,AZ,71425 Wolfe Pines Suite 273,625.724.7380x6973
311,4846,US,Maldonado Ltd,Lake Stephanieshire,79610,MI,063 Roach Highway,(956)313-6847
311,4847,US,Morris-Lane,Catherineton,21658,WV,38162 Claudia Run,677-837-4214x7303
311,4848,US,Flowers PLC,Lake Martha,83139,DE,95705 Whitney Villages,213.723.2746x560
311,4849,US,Wright Inc,Martinmouth,61145,MN,032 Karen Via,001-575-810-6255x802
311,4850,US,Vasquez and Sons,Port Markville,12221,CT,254 Olson Ranch Suite 002,715.320.9069x395
311,4851,US,Matthews-Hall,Royview,49747,SC,0127 Aguilar Points,(537)950-3014x301
311,4852,US,Williams Group,West Travis,19366,MP,79316 Wang Roads Suite 897,9909701157
311,4853,US,Cruz-Hamilton,Davisstad,62703,ID,9538 Meagan Mission,800-794-2663x84531
311,4854,US,Horne and Sons,North Gloria,75371,UT,516 Jane Overpass Apt. 938,(873)595-2841x5996
311,4855,US,"Farrell, Ramsey and Mitchell",New Robertberg,58154,MH,76175 Amanda Summit Apt. 148,624.331.5586x7752
311,4856,US,Young and Sons,Sanchezbury,19497,MH,97256 Martin Locks Apt. 607,469-920-7451
311,4857,US,"Henderson, Gutierrez and Waters",South Louis,86774,VA,6639 Ian Shore Apt. 658,461.319.3599x7248
311,4858,US,"Cochran, Costa and Pineda",Dicksonhaven,14873,MA,81300 Ross Run,+1-586-965-7189
311,4859,US,White Inc,North Jessicaville,54505,MD,82840 Laura Port,+1-628-460-7506
311,4860,US,Armstrong LLC,Brandonchester,08371,OR,1965 Peterson Orchard,+1-489-767-9277
311,4861,US,Ortega-Goodwin,South Scott,16613,NC,04659 Hensley Meadow Apt. 396,806-430-1656x3854
311,4862,US,"Woodard, Williams and Bautista",Summersport,04536,VI,1352 Wilson Forks Apt. 732,9948226262
311,4863,US,"Taylor, Mitchell and Valenzuela",Katherineview,58442,FL,55223 Jacobs Meadow,619-654-3921x6742
311,4864,US,"Fields, Bell and Vaughn",North Lindsey,69179,MH,478 Aaron Neck,632.648.3719
311,4865,US,"Jones, Alexander and Manning",East Jacobfurt,12513,SD,730 Reed Spurs,(423)510-3173x033
311,4866,US,Cameron-Nash,Lauraside,85177,TX,9265 Kristy Fields,324.223.5238x49109
311,4867,US,"King, Juarez and Bradley",Singletonborough,57370,TN,7095 Johnson Passage,872.528.6298x54265
311,4868,US,Edwards Inc,East Williamside,93080,MA,0752 Christopher Ramp Apt. 985,001-813-305-8158x4971
311,4869,US,"Villanueva, Fisher and Oneal",Lake Alan,77338,NE,345 Jeanette Crest Suite 321,+1-612-755-8822x897
311,4870,US,"Rivera, Baker and Young",South Aliciaberg,52404,VT,9251 Hicks Square Suite 254,+1-308-731-4970
311,4871,US,Castro Ltd,Port Jacob,72062,FL,0101 Logan Flat,419.657.8816x000
311,4872,US,Chen Group,South Zoeton,31394,FL,31700 Sophia Shore,641.669.5852x460
311,4873,US,"Ballard, Ryan and Davis",New Anthonyfort,73912,MN,2159 Garcia Shoals Suite 137,(299)877-0401
311,4874,US,"Bowers, Sanchez and Cooper",East Kimberlymouth,57386,MP,244 Christopher Fall Suite 010,680-445-8667x299
311,4875,US,"Stevens, Cook and Grant",Port Michael,08991,LA,9987 Hernandez Grove,721.380.2153x472
311,4876,US,"Thompson, Farrell and Nash",Lake Johnchester,44749,AZ,46363 Daniel Port,001-796-360-4933x4258
311,4877,US,Oliver LLC,Port Emmashire,72634,LA,61971 Kimberly Plain,(200)249-7004
311,4878,US,Cochran PLC,South Michael,56293,MN,68144 Felicia Lodge Apt. 557,353.380.1571x852
311,4879,US,Wright Inc,Nicholsonmouth,42995,MH,5276 Spence Shoal,265-731-4007x4862
311,4880,US,"Davis, Santiago and Reynolds",Port Matthewberg,62861,UT,4963 Steven Prairie Apt. 510,+1-706-432-7218
311,4881,US,Mccall Inc,East Makaylaborough,50347,CT,073 Mark Summit,+1-997-576-2726x0380
311,4882,US,"Nelson, Mitchell and Clark",North Julie,98341,IN,86173 Powell Forks Apt. 639,682-980-0738x088
311,4883,US,Ochoa and Sons,Vegahaven,64185,RI,591 Adam Oval Apt. 003,817.353.7975x8961
311,4884,US,Baker and Sons,Robertview,84797,PA,77912 Thomas Island,001-674-754-9936
311,4885,US,Woods-Gutierrez,Adamsland,36152,VI,79738 Sarah Mills,(367)711-1549x4702
311,4886,US,Watkins-Martin,South Brenda,35486,WA,529 Erica Place Apt. 443,262-423-5678
311,4887,US,"Gallagher, Andrews and Hess",Andersonborough,34931,MA,86833 Shawn Cove Suite 945,6272031427
311,4888,US,Williams-Johnson,Caseyport,56463,TX,44817 Roger Orchard,521.967.8323
311,4889,US,"Costa, Kelley and Smith",Toddmouth,61318,DE,640 Young Lock Suite 559,629-895-7811x187
311,4890,US,Ortiz Group,North Kellytown,88094,FL,606 David Burgs,6739193979
311,4891,US,"Gilmore, Medina and Foster",Griffinview,71325,MS,791 Tyler Spurs,8323862249
311,4892,US,Martinez-Chen,Krystalmouth,61901,SD,27192 Travis Trace Apt. 391,+1-705-355-8943x8808
311,4893,US,"King, Becker and Thompson",Castanedatown,43669,CT,21695 Mary Burg,7584424051
311,4894,US,Kim-Kim,Jenniferhaven,05346,UT,766 Megan Meadow Apt. 793,992.859.5367
311,4895,US,Hardin-Young,New Robertton,81833,KS,175 Chan Village Apt. 648,(400)202-2808
311,4896,US,Flores-Henry,Flemingbury,21703,HI,67884 Michael Underpass,+1-727-293-4432x434
311,4897,US,Johnson PLC,Richardside,74976,WI,80807 Belinda Springs,+1-767-720-3678x87013
311,4898,US,Ford PLC,Nicoleton,94802,VI,2269 Jason Haven Apt. 891,001-890-890-2254x4668
311,4899,US,"Mclaughlin, Lee and Parker",Michaelchester,33977,MD,942 Carroll Fords Apt. 690,+1-323-945-3219
311,4900,US,Weaver-Fox,Port Jason,40750,NM,67717 Levy Plaza Suite 732,4775423964
311,4901,US,"Santos, Walter and Stevens",Jeanchester,28852,AL,6693 Fletcher Manors,438-392-2421x48585
311,4902,US,"Jenkins, Coleman and Roberts",South Aaronberg,66066,FL,03244 Dennis Passage,464-224-1565x945
311,4903,US,Sims-Gonzalez,North Melissaberg,32862,AR,4470 Nicole Mountains Apt. 391,001-219-249-4926x73973
311,4904,US,"White, Santiago and Zhang",Laneland,57612,FM,253 Amy Roads,(951)523-8690x13901
311,4905,US,"Petty, Kidd and Anderson",West Carolyn,88915,AR,456 Jeff Isle Suite 801,001-628-504-3270x646
311,4906,US,Allen Inc,Smithborough,08207,GA,721 Richardson Run Apt. 406,(900)417-7473x732
311,4907,US,Carson Group,Montgomeryfurt,27624,IA,68351 Michael Keys,681-305-4824x697
311,4908,US,"Miller, Ramos and Miller",Gilbertside,00545,PR,1032 Jenna Gateway Suite 725,927-414-5646x814
311,4909,US,Arnold-Snyder,Wallaceport,27176,NH,393 Lopez Turnpike,579.988.5740x8671
311,4910,US,Case PLC,Port Andrewport,79624,MN,853 James Divide Suite 296,406.924.0039x70127
311,4911,US,Ramirez-Moran,Janetfort,19085,NJ,17370 Estrada Key Suite 883,840-758-7903x50450
311,4912,US,Fuller-Garner,Port Stephenshire,11069,AZ,532 Deanna Heights,7775649778
311,4913,US,Johnson-Pennington,Patrickport,92623,OH,5985 Williams Valley Suite 071,710-220-3874x5930
311,4914,US,Barrera Ltd,Cordovaland,09266,TN,539 Saunders Streets Suite 708,001-572-600-7730
311,4915,US,"Michael, Smith and Duran",Nicoleton,18927,NH,85296 Joseph Causeway,482-205-7876x92942
311,4916,US,Mitchell and Sons,Perkinston,42580,OH,3630 Webb Ridges,+1-832-218-7499
311,4917,US,Rivers-Sullivan,Lake Veronica,20893,NM,84492 Newton Pike Suite 349,(932)643-0588x749
311,4918,US,"Herring, Vazquez and Morrison",Ramirezview,99694,NC,8670 Johnston Bypass,001-822-927-0198x432
311,4919,US,Payne-Stuart,Lake Crystalfurt,28236,ME,0273 Patricia Plaza Suite 156,788-425-0652
311,4920,US,"Stephens, Cunningham and Adams",Port David,85557,LA,313 Alison Tunnel Suite 038,655-295-7265
311,4921,US,Gray-Smith,West Matthewhaven,61639,LA,1604 John Trafficway,(255)201-3816x421
311,4922,US,"Brown, Mays and Garcia",Priceshire,45911,WY,402 Rodriguez Shores Apt. 382,371.883.4898
311,4923,US,Holmes-Hall,South David,51253,ID,102 Daniel Prairie Apt. 860,001-366-461-2694x413
311,4924,US,Bentley-Smith,South Triciaside,88310,DE,449 Carrie Course,001-515-744-3944x875
311,4925,US,"Malone, Jenkins and Wheeler",Brooksville,50243,WV,75604 Simon Island Apt. 986,(914)533-4610
311,4926,US,Ryan Inc,Juanmouth,14799,WI,19994 Tyler Mall Suite 242,+1-813-445-3372
311,4927,US,Carr Ltd,Lake Laura,94314,WA,2139 Shannon Valley,919.439.4562
311,4928,US,Scott PLC,Port Nancybury,30377,KY,0982 Walker Road,(649)552-6011
311,4929,US,Johnson and Sons,North Kathleen,28272,AZ,734 Vega Prairie,945-757-5178
311,4930,US,Schwartz Group,Lake Hollyview,11102,KY,17326 Connor Circle Apt. 935,(330)282-0181x362
311,4931,US,Lambert Group,Aprilton,73564,NV,9892 Michelle Fords,868.590.0462x0326
311,4932,US,Ward Inc,South Dorothyview,60405,UT,2077 Barbara Crest Suite 886,(807)850-6446
311,4933,US,Evans Group,Lisafurt,92034,AR,623 Tracy Mews,+1-781-979-4149x1952
311,4934,US,Schaefer LLC,Jennifertown,08594,GU,155 Mckay Path,955-417-3728x83227
311,4935,US,Patton Ltd,Hammondshire,62766,MO,9644 Cook Green Apt. 870,+1-408-213-3176
311,4936,US,Campbell and Sons,East Annahaven,71202,KS,796 Burns Locks,6156351355
311,4937,US,Perry-Thornton,South Jackton,52857,KY,139 Heather Squares Suite 595,807.295.3526
311,4938,US,"Woods, Holland and Wood",Rhodesbury,15127,IN,13644 Jennifer Ridges,3434982471
311,4939,US,Mckee-Cox,East Rose,75402,LA,82698 Olson Spring,+1-711-968-1786
311,4940,US,Fletcher PLC,West Dawnhaven,30179,GA,657 Hurley Parkway Suite 544,(859)354-7755x0862
311,4941,US,Drake-Phillips,Joyceburgh,97141,CA,5030 Melanie Stream Apt. 319,910.651.0860x3315
311,4942,US,"Bass, Summers and Ferguson",North Dawnmouth,45045,KS,471 Mcmillan Grove Suite 426,001-756-808-0091x9372
311,4943,US,"Ramirez, Erickson and Coffey",East Robertfort,54239,AZ,546 Juan Bypass,+1-412-877-7729x63716
311,4944,US,"Gonzales, Roberts and Owens",Elizabethville,74123,ME,772 Woods Trace,518-746-0576
311,4945,US,Ramirez-Smith,Martinhaven,70658,VT,9691 Jeffery Harbor Apt. 017,(514)948-6608
311,4946,US,Adams and Sons,West Christopherstad,14516,MS,8629 Walters Route,001-311-607-6633x0161
311,4947,US,Hamilton-Wilson,Paulland,65556,FL,96810 Lauren Parkway,+1-393-466-8477x39600
311,4948,US,Thompson Inc,New Denise,69074,AL,5716 Madeline Forest,623-663-8139
311,4949,US,"Richards, Carpenter and Perez",West Alyssa,27608,GA,29586 Martinez Heights Apt. 067,+1-261-758-8324x399
311,4950,US,Ramirez Group,South Richard,05994,UT,858 Troy Row,+1-696-254-7994x262
311,4951,US,Garcia Group,Knightfurt,90984,NH,5295 Alvarado Crossing Suite 272,672.242.9420
311,4952,US,"Barrett, Stout and Clark",Santosland,31791,MI,254 Jessica Inlet Apt. 762,+1-782-565-0953x6501
311,4953,US,"Wilson, Horton and Munoz",Lake Cherylville,39237,TX,109 Booth Drive,711.907.4521
311,4954,US,Kelly-Crane,Reyesside,87972,NJ,9332 Peter Stream Apt. 799,865.951.3797
311,4955,US,Stout-Rhodes,West Charles,43435,CO,802 Briggs Street,001-805-632-6574x591
311,4956,US,Gross-Howell,Lopezbury,34980,MP,17742 Rivera Street,(756)287-4868x034
311,4957,US,"Wright, Cook and Fletcher",Port Jeremy,58973,FM,9963 Kara Prairie Suite 952,001-207-392-6015x72339
311,4958,US,Malone LLC,North Charlesville,21939,AR,4613 Torres Motorway,615.906.4074x1545
311,4959,US,"Aguirre, Pugh and Anthony",Lisaland,04400,PR,1012 Lawrence Harbors,+1-613-260-1456x9276
311,4960,US,Adkins Group,West Aaron,03886,VI,6106 Lopez Trace Suite 079,(609)736-7303x33642
311,4961,US,"Jackson, Dominguez and Spencer",Allisonchester,05869,ME,2344 Marshall Ville,303-617-5529x3692
311,4962,US,Hess Ltd,West Jasonmouth,01950,WI,5902 Parker Groves Apt. 457,668-250-9493
311,4963,US,"Austin, Foster and Webb",West Misty,95168,MI,58848 Kelly Orchard Apt. 864,(859)745-4894
311,4964,US,"Estes, Hurley and Watson",Hartland,65655,CO,36767 Kennedy Hills Apt. 254,935.877.4539
311,4965,US,"Greer, Torres and Hodges",North Brittany,77881,UT,1358 Reginald Junction,699.709.1605x619
311,4966,US,Carr-Garcia,Lanestad,68701,AS,358 Clark Course,(312)277-9215x7759
311,4967,US,"Carter, Stephens and Waters",Smithhaven,45859,AS,963 Torres Hill,669-516-2545
311,4968,US,Little-Long,South Daniel,98695,UT,755 Bradley Loop,+1-243-965-1691
311,4969,US,Burns and Sons,Matthewshire,17308,GA,973 Garcia Mountains,211-666-5687
311,4970,US,Sanchez Group,West Edwardside,23266,VI,7600 George Brooks,5844266832
311,4971,US,Smith-Delacruz,Palmerhaven,09201,AK,6363 Kelly Green Apt. 843,657.563.2309
311,4972,US,Meyer Group,Sandersville,34283,SD,491 Kevin Route Suite 264,+1-862-459-9639x757
311,4973,US,Gilmore-Sutton,Johnhaven,43073,DE,558 Rush Camp,(830)322-9759
311,4974,US,Hudson PLC,Espinozaborough,01953,VI,63535 Dudley Canyon,551-837-8601x4742
311,4975,US,Contreras LLC,New Danielland,73852,FM,02054 Morgan Falls,+1-853-606-3008x56655
311,4976,US,Smith Group,Mccoyland,41714,MN,941 Raymond Pines,690-538-1151
311,4977,US,"Pena, Lewis and Harding",New Susanburgh,91173,VA,81796 Kennedy Valley Suite 004,240-261-8585x953
311,4978,US,Jackson LLC,Farleychester,50162,SD,9365 Joseph Knoll Suite 591,236-824-1764x596
311,4979,US,Smith-Mcconnell,Jameshaven,27974,VI,126 Salas Turnpike Suite 142,+1-227-568-8532
311,4980,US,"Foster, Brown and Liu",Brianfurt,18526,RI,5452 Cooper Road Apt. 608,+1-279-202-3476x709
311,4981,US,"Kirby, Wilson and Lang",Bishopport,10679,SD,061 Curtis Branch,867.508.2423
311,4982,US,"Hernandez, Wheeler and Pena",Chaseshire,58552,CO,104 Matthew Shoal Suite 883,001-940-242-6657x7333
311,4983,US,Harper-Blair,Johnhaven,93658,AS,38626 Rios Prairie Suite 856,(671)703-5493x635
311,4984,US,Hawkins-Dunn,East Elizabeth,86454,UT,8999 Morse Green,655-303-4248x9829
311,4985,US,Lee and Sons,Marilynborough,44624,OR,1956 Franco Estates Suite 091,(547)251-3440
311,4986,US,Keith-Salinas,Martinezborough,79967,OK,597 David Isle,848.656.1737
311,4987,US,Garcia Ltd,Lake Marvinhaven,66838,AS,360 Tammy Roads,001-898-832-7601
311,4988,US,Smith Inc,Port Carmen,78428,TX,8946 Guerrero Cliff,5952317285
311,4989,US,Fuller-Vargas,East Karafurt,24413,FL,898 Katie Pike,875.940.4706x5713
311,4990,US,Lopez-Mills,Maddoxland,21201,AR,49904 Brewer Stravenue Suite 835,+1-871-750-7637x14997
311,4991,US,"Hayden, Martin and Lee",Bairdland,80019,PW,370 Garcia Port Suite 422,811-972-8603
311,4992,US,Short-Johnson,Lake Cynthiamouth,14754,TX,6243 Bowman Valley Suite 120,628.286.2840
311,4993,US,Anderson PLC,Amandaton,18527,IL,5515 Michael Ridges,+1-874-880-7261x1779
311,4994,US,Middleton-Burton,Burnsport,13453,ME,8995 Nathaniel Station Apt. 662,001-799-991-5659
311,4995,US,"Richardson, Price and Wilson",Wadeburgh,55281,FM,8808 Quinn Courts,382.870.0036x12125
311,4996,US,"West, Bell and Miller",South Tammyhaven,69332,TX,280 Levy Prairie Apt. 020,691-519-5771x3696
311,4997,US,Harris and Sons,North Benjaminview,83452,NV,8784 Christopher Valleys Apt. 971,(316)839-7698
311,4998,US,Lewis LLC,Charlesburgh,43385,AS,46331 Sierra Crest Apt. 336,758.278.4772
311,4999,US,"Andrews, Anderson and Miller",Lake Zacharyton,70354,RI,376 David Valleys,304-416-9109x82682
311,5000,US,Jones LLC,North Jill,86008,FL,800 Jeanette Stream,(844)937-3262x528
