MANDT,KUNNR,VKORG,VTWEG,SPART,ERDAT
311,1,UW00,WH,BI,2022-04-28
311,2,UW00,WH,BI,2022-01-02
311,3,UW00,BI,BI,2022-01-13
311,4,UW00,WH,BI,2022-01-12
311,5,UW00,WH,BI,2022-03-07
311,6,UW00,WH,BI,2022-11-26
311,7,UW00,WH,BI,2022-03-25
311,8,UW00,WH,BI,2022-01-22
311,9,UW00,BI,BI,2022-01-09
311,10,UW00,WH,BI,2022-03-22
311,11,UW00,WH,BI,2022-03-07
311,12,UW00,WH,BI,2022-01-24
311,13,UW00,WH,BI,2022-01-11
311,14,UW00,WH,BI,2022-08-21
311,15,UW00,WH,BI,2022-03-07
311,16,UW00,WH,BI,2022-02-24
311,17,UW00,BI,BI,2022-01-26
311,18,UW00,WH,BI,2022-03-16
311,19,UW00,BI,BI,2022-04-30
311,20,UW00,BI,BI,2022-01-20
311,21,UW00,WH,BI,2023-02-12
311,22,UW00,WH,BI,2022-01-02
311,23,UW00,BI,BI,2022-01-10
311,24,UW00,BI,BI,2022-01-06
311,25,UW00,BI,BI,2022-03-22
311,26,UW00,WH,BI,2022-01-13
311,27,UW00,WH,BI,2022-02-12
311,28,UW00,BI,BI,2022-02-21
311,29,UW00,WH,BI,2022-05-17
311,30,UW00,WH,BI,2022-01-29
311,31,UW00,BI,BI,2022-02-08
311,32,UW00,WH,BI,2022-03-14
311,33,UW00,BI,BI,2023-02-15
311,34,UW00,BI,BI,2022-02-24
311,35,UW00,BI,BI,2022-01-27
311,36,UW00,WH,BI,2022-01-31
311,37,UW00,BI,BI,2022-04-17
311,38,UW00,WH,BI,2022-02-04
311,39,UW00,BI,BI,2022-01-20
311,40,UW00,WH,BI,2022-01-03
311,41,UW00,BI,BI,2022-03-12
311,42,UW00,BI,BI,2022-02-01
311,43,UW00,WH,BI,2022-02-11
311,44,UW00,WH,BI,2022-01-09
311,45,UW00,WH,BI,2022-01-24
311,46,UW00,WH,BI,2022-01-08
311,47,UW00,BI,BI,2022-01-04
311,48,UW00,WH,BI,2022-04-27
311,49,UW00,WH,BI,2022-01-23
311,50,UW00,WH,BI,2022-05-26
311,51,UW00,BI,BI,2022-06-12
311,52,UW00,BI,BI,2022-01-02
311,53,UW00,BI,BI,2022-07-18
311,54,UW00,BI,BI,2022-02-03
311,55,UW00,WH,BI,2022-02-05
311,56,UW00,BI,BI,2022-09-07
311,57,UW00,BI,BI,2022-01-06
311,58,UW00,WH,BI,2022-01-23
311,59,UW00,BI,BI,2022-01-04
311,60,UW00,WH,BI,2022-03-31
311,61,UW00,WH,BI,2022-08-15
311,62,UW00,WH,BI,2022-06-09
311,63,UW00,WH,BI,2022-01-12
311,64,UW00,BI,BI,2022-01-28
311,65,UW00,BI,BI,2022-01-01
311,66,UW00,BI,BI,2022-05-19
311,67,UW00,WH,BI,2022-01-14
311,68,UW00,BI,BI,2022-01-10
311,69,UW00,WH,BI,2022-02-15
311,70,UW00,WH,BI,2022-01-10
311,71,UW00,WH,BI,2022-01-26
311,72,UW00,BI,BI,2022-01-07
311,73,UW00,BI,BI,2022-01-29
311,74,UW00,BI,BI,2022-02-04
311,75,UW00,WH,BI,2022-01-01
311,76,UW00,WH,BI,2022-02-02
311,77,UW00,BI,BI,2022-01-05
311,78,UW00,WH,BI,2022-05-24
311,79,UW00,BI,BI,2022-01-07
311,80,UW00,BI,BI,2022-01-18
311,81,UW00,BI,BI,2022-01-23
311,82,UW00,WH,BI,2022-01-01
311,83,UW00,BI,BI,2022-01-24
311,84,UW00,WH,BI,2022-09-20
311,85,UW00,WH,BI,2022-01-21
311,86,UW00,BI,BI,2022-01-01
311,87,UW00,BI,BI,2022-08-23
311,88,UW00,BI,BI,2022-03-06
311,89,UW00,BI,BI,2022-03-06
311,90,UW00,WH,BI,2022-02-06
311,91,UW00,WH,BI,2022-01-07
311,92,UW00,BI,BI,2022-01-07
311,93,UW00,WH,BI,2022-04-22
311,94,UW00,WH,BI,2022-01-05
311,95,UW00,WH,BI,2022-02-07
311,96,UW00,WH,BI,2022-01-01
311,97,UW00,WH,BI,2022-01-28
311,98,UW00,BI,BI,2022-01-09
311,99,UW00,WH,BI,2022-08-05
311,100,UW00,BI,BI,2022-01-20
311,101,UW00,BI,BI,2022-04-07
311,102,UW00,BI,BI,2022-02-17
311,103,UW00,BI,BI,2022-02-19
311,104,UW00,WH,BI,2022-03-15
311,105,UW00,WH,BI,2022-01-15
311,106,UW00,BI,BI,2022-01-20
311,107,UW00,BI,BI,2022-01-24
311,108,UW00,WH,BI,2022-01-30
311,109,UW00,BI,BI,2022-06-08
311,110,UW00,BI,BI,2022-01-03
311,111,UW00,WH,BI,2022-03-30
311,112,UW00,BI,BI,2022-06-26
311,113,UW00,WH,BI,2023-03-18
311,114,UW00,BI,BI,2022-01-10
311,115,UW00,WH,BI,2022-02-15
311,116,UW00,WH,BI,2022-01-03
311,117,UW00,BI,BI,2022-03-29
311,118,UW00,WH,BI,2022-02-06
311,119,UW00,WH,BI,2022-01-07
311,120,UW00,BI,BI,2022-01-12
311,121,UW00,WH,BI,2022-01-10
311,122,UW00,WH,BI,2022-05-02
311,123,UW00,BI,BI,2022-05-02
311,124,UW00,BI,BI,2022-02-09
311,125,UW00,WH,BI,2022-06-23
311,126,UW00,WH,BI,2022-02-28
311,127,UW00,BI,BI,2022-03-03
311,128,UW00,BI,BI,2022-02-25
311,129,UW00,WH,BI,2022-01-09
311,130,UW00,WH,BI,2022-01-11
311,131,UW00,WH,BI,2022-01-16
311,132,UW00,WH,BI,2022-03-15
311,133,UW00,WH,BI,2022-02-18
311,134,UW00,BI,BI,2022-01-18
311,135,UW00,WH,BI,2022-01-16
311,136,UW00,WH,BI,2022-01-15
311,137,UW00,WH,BI,2022-02-10
311,138,UW00,BI,BI,2022-01-24
311,139,UW00,WH,BI,2022-01-05
311,140,UW00,BI,BI,2022-01-25
311,141,UW00,BI,BI,2022-01-11
311,142,UW00,WH,BI,2022-01-26
311,143,UW00,WH,BI,2022-02-13
311,144,UW00,BI,BI,2022-01-28
311,145,UW00,BI,BI,2022-01-01
311,146,UW00,BI,BI,2022-01-14
311,147,UW00,BI,BI,2022-06-06
311,148,UW00,BI,BI,2022-01-15
311,149,UW00,WH,BI,2022-02-04
311,150,UW00,WH,BI,2022-10-12
311,151,UW00,WH,BI,2022-01-09
311,152,UW00,WH,BI,2022-01-20
311,153,UW00,BI,BI,2022-04-12
311,154,UW00,WH,BI,2022-08-09
311,155,UW00,WH,BI,2022-03-26
311,156,UW00,WH,BI,2022-01-16
311,157,UW00,WH,BI,2022-02-04
311,158,UW00,WH,BI,2022-01-15
311,159,UW00,WH,BI,2022-01-18
311,160,UW00,WH,BI,2022-01-20
311,161,UW00,WH,BI,2022-04-07
311,162,UW00,WH,BI,2022-01-11
311,163,UW00,BI,BI,2022-03-02
311,164,UW00,WH,BI,2022-03-01
311,165,UW00,WH,BI,2022-03-31
311,166,UW00,BI,BI,2022-01-08
311,167,UW00,BI,BI,2022-01-13
311,168,UW00,WH,BI,2022-01-24
311,169,UW00,WH,BI,2022-04-16
311,170,UW00,BI,BI,2022-01-10
311,171,UW00,WH,BI,2022-03-10
311,172,UW00,BI,BI,2022-02-04
311,173,UW00,BI,BI,2022-01-01
311,174,UW00,WH,BI,2022-02-27
311,175,UW00,WH,BI,2022-01-02
311,176,UW00,WH,BI,2022-11-03
311,177,UW00,BI,BI,2022-05-23
311,178,UW00,BI,BI,2022-03-02
311,179,UW00,BI,BI,2022-01-21
311,180,UW00,BI,BI,2022-02-04
311,181,UW00,BI,BI,2022-01-01
311,182,UW00,WH,BI,2022-01-08
311,183,UW00,WH,BI,2022-03-29
311,184,UW00,WH,BI,2022-09-24
311,185,UW00,BI,BI,2022-02-22
311,186,UW00,BI,BI,2022-01-21
311,187,UW00,WH,BI,2022-08-18
311,188,UW00,WH,BI,2022-01-13
311,189,UW00,WH,BI,2022-02-08
311,190,UW00,WH,BI,2022-01-27
311,191,UW00,BI,BI,2022-01-02
311,192,UW00,WH,BI,2022-01-10
311,193,UW00,BI,BI,2022-01-22
311,194,UW00,WH,BI,2022-01-03
311,195,UW00,BI,BI,2022-01-19
311,196,UW00,BI,BI,2022-02-04
311,197,UW00,WH,BI,2022-01-05
311,198,UW00,WH,BI,2022-07-04
311,199,UW00,BI,BI,2022-04-20
311,200,UW00,WH,BI,2022-06-11
311,201,UW00,WH,BI,2022-01-05
311,202,UW00,WH,BI,2022-08-26
311,203,UW00,WH,BI,2022-02-18
311,204,UW00,WH,BI,2022-01-12
311,205,UW00,WH,BI,2022-03-30
311,206,UW00,BI,BI,2022-01-13
311,207,UW00,BI,BI,2022-04-02
311,208,UW00,BI,BI,2022-05-08
311,209,UW00,WH,BI,2022-03-13
311,210,UW00,BI,BI,2022-01-16
311,211,UW00,WH,BI,2022-02-21
311,212,UW00,WH,BI,2022-01-01
311,213,UW00,BI,BI,2022-01-22
311,214,UW00,WH,BI,2022-01-22
311,215,UW00,BI,BI,2022-01-10
311,216,UW00,BI,BI,2022-01-08
311,217,UW00,BI,BI,2022-04-03
311,218,UW00,BI,BI,2022-01-18
311,219,UW00,BI,BI,2022-01-24
311,220,UW00,BI,BI,2022-01-11
311,221,UW00,WH,BI,2022-01-01
311,222,UW00,WH,BI,2022-01-23
311,223,UW00,BI,BI,2022-01-30
311,224,UW00,WH,BI,2022-03-23
311,225,UW00,WH,BI,2022-02-16
311,226,UW00,WH,BI,2022-01-01
311,227,UW00,BI,BI,2022-02-17
311,228,UW00,WH,BI,2022-03-23
311,229,UW00,WH,BI,2022-01-01
311,230,UW00,BI,BI,2022-01-28
311,231,UW00,WH,BI,2022-07-10
311,232,UW00,WH,BI,2022-01-15
311,233,UW00,WH,BI,2022-01-11
311,234,UW00,WH,BI,2022-06-12
311,235,UW00,WH,BI,2022-03-02
311,236,UW00,WH,BI,2022-01-17
311,237,UW00,WH,BI,2022-02-01
311,238,UW00,BI,BI,2022-01-03
311,239,UW00,WH,BI,2022-02-21
311,240,UW00,WH,BI,2022-01-20
311,241,UW00,WH,BI,2022-10-06
311,242,UW00,WH,BI,2022-02-01
311,243,UW00,BI,BI,2022-01-02
311,244,UW00,BI,BI,2022-01-03
311,245,UW00,BI,BI,2022-01-06
311,246,UW00,WH,BI,2022-01-01
311,247,UW00,BI,BI,2022-01-12
311,248,UW00,WH,BI,2022-02-07
311,249,UW00,BI,BI,2022-03-12
311,250,UW00,BI,BI,2022-01-11
311,251,UW00,WH,BI,2022-08-31
311,252,UW00,BI,BI,2022-01-01
311,253,UW00,BI,BI,2022-02-20
311,254,UW00,BI,BI,2022-02-17
311,255,UW00,WH,BI,2022-01-05
311,256,UW00,WH,BI,2022-01-12
311,257,UW00,BI,BI,2022-01-02
311,258,UW00,WH,BI,2022-01-27
311,259,UW00,WH,BI,2022-05-07
311,260,UW00,WH,BI,2022-01-03
311,261,UW00,BI,BI,2022-02-10
311,262,UW00,WH,BI,2022-01-18
311,263,UW00,BI,BI,2022-01-02
311,264,UW00,WH,BI,2022-01-03
311,265,UW00,WH,BI,2022-11-17
311,266,UW00,BI,BI,2022-01-03
311,267,UW00,BI,BI,2022-01-24
311,268,UW00,WH,BI,2022-07-28
311,269,UW00,BI,BI,2022-02-05
311,270,UW00,BI,BI,2022-01-08
311,271,UW00,WH,BI,2022-03-18
311,272,UW00,BI,BI,2022-01-11
311,273,UW00,WH,BI,2022-04-01
311,274,UW00,WH,BI,2022-01-21
311,275,UW00,BI,BI,2022-01-11
311,276,UW00,WH,BI,2022-02-09
311,277,UW00,WH,BI,2022-01-09
311,278,UW00,WH,BI,2022-01-26
311,279,UW00,BI,BI,2022-04-16
311,280,UW00,BI,BI,2022-02-03
311,281,UW00,WH,BI,2022-01-04
311,282,UW00,BI,BI,2022-06-29
311,283,UW00,WH,BI,2022-01-09
311,284,UW00,BI,BI,2022-01-14
311,285,UW00,BI,BI,2022-09-17
311,286,UW00,BI,BI,2022-04-19
311,287,UW00,WH,BI,2022-01-31
311,288,UW00,WH,BI,2022-01-16
311,289,UW00,BI,BI,2022-01-03
311,290,UW00,BI,BI,2022-01-12
311,291,UW00,WH,BI,2022-04-28
311,292,UW00,WH,BI,2022-01-05
311,293,UW00,BI,BI,2022-01-13
311,294,UW00,WH,BI,2022-02-02
311,295,UW00,BI,BI,2022-02-02
311,296,UW00,WH,BI,2022-01-19
311,297,UW00,BI,BI,2022-11-19
311,298,UW00,BI,BI,2022-01-02
311,299,UW00,WH,BI,2023-12-09
311,300,UW00,WH,BI,2022-05-02
311,301,UW00,WH,BI,2022-02-01
311,302,UW00,WH,BI,2022-02-03
311,303,UW00,WH,BI,2022-01-09
311,304,UW00,BI,BI,2022-10-26
311,305,UW00,WH,BI,2022-02-19
311,306,UW00,BI,BI,2022-01-04
311,307,UW00,WH,BI,2022-01-27
311,308,UW00,WH,BI,2022-01-31
311,309,UW00,BI,BI,2022-02-09
311,310,UW00,BI,BI,2022-03-27
311,311,UW00,WH,BI,2022-03-24
311,312,UW00,BI,BI,2022-01-06
311,313,UW00,WH,BI,2022-04-24
311,314,UW00,WH,BI,2022-01-07
311,315,UW00,WH,BI,2022-03-14
311,316,UW00,BI,BI,2022-02-24
311,317,UW00,BI,BI,2022-01-15
311,318,UW00,WH,BI,2022-01-01
311,319,UW00,WH,BI,2022-02-22
311,320,UW00,WH,BI,2022-07-08
311,321,UW00,WH,BI,2022-02-06
311,322,UW00,BI,BI,2022-08-26
311,323,UW00,WH,BI,2022-01-22
311,324,UW00,WH,BI,2022-01-23
311,325,UW00,BI,BI,2022-04-02
311,326,UW00,BI,BI,2022-01-02
311,327,UW00,WH,BI,2022-02-13
311,328,UW00,BI,BI,2022-02-20
311,329,UW00,WH,BI,2023-07-01
311,330,UW00,WH,BI,2022-03-01
311,331,UW00,BI,BI,2022-03-23
311,332,UW00,WH,BI,2022-05-20
311,333,UW00,BI,BI,2022-02-17
311,334,UW00,WH,BI,2022-01-17
311,335,UW00,WH,BI,2022-02-02
311,336,UW00,BI,BI,2022-01-28
311,337,UW00,BI,BI,2022-01-21
311,338,UW00,BI,BI,2022-01-01
311,339,UW00,WH,BI,2022-02-24
311,340,UW00,WH,BI,2022-03-11
311,341,UW00,WH,BI,2022-01-03
311,342,UW00,WH,BI,2022-02-12
311,343,UW00,BI,BI,2022-01-06
311,344,UW00,BI,BI,2022-01-04
311,345,UW00,BI,BI,2022-01-23
311,346,UW00,WH,BI,2022-01-25
311,347,UW00,BI,BI,2022-01-18
311,348,UW00,BI,BI,2022-01-15
311,349,UW00,BI,BI,2022-01-29
311,350,UW00,BI,BI,2022-03-01
311,351,UW00,WH,BI,2022-02-02
311,352,UW00,WH,BI,2022-01-18
311,353,UW00,BI,BI,2022-01-06
311,354,UW00,WH,BI,2022-03-16
311,355,UW00,BI,BI,2022-01-09
311,356,UW00,WH,BI,2022-03-21
311,357,UW00,WH,BI,2022-01-10
311,358,UW00,BI,BI,2023-05-20
311,359,UW00,BI,BI,2022-02-10
311,360,UW00,BI,BI,2022-01-05
311,361,UW00,BI,BI,2022-01-19
311,362,UW00,WH,BI,2022-01-11
311,363,UW00,BI,BI,2022-02-20
311,364,UW00,WH,BI,2022-03-09
311,365,UW00,BI,BI,2022-03-15
311,366,UW00,WH,BI,2022-01-02
311,367,UW00,BI,BI,2022-04-17
311,368,UW00,WH,BI,2022-03-01
311,369,UW00,WH,BI,2022-01-14
311,370,UW00,BI,BI,2022-02-25
311,371,UW00,BI,BI,2022-04-20
311,372,UW00,WH,BI,2022-01-21
311,373,UW00,BI,BI,2022-01-09
311,374,UW00,BI,BI,2022-03-16
311,375,UW00,WH,BI,2022-01-27
311,376,UW00,BI,BI,2022-05-17
311,377,UW00,BI,BI,2022-02-15
311,378,UW00,BI,BI,2022-01-01
311,379,UW00,BI,BI,2022-05-03
311,380,UW00,BI,BI,2022-01-05
311,381,UW00,BI,BI,2022-01-17
311,382,UW00,WH,BI,2022-01-07
311,383,UW00,WH,BI,2022-01-01
311,384,UW00,BI,BI,2022-02-13
311,385,UW00,BI,BI,2022-03-12
311,386,UW00,WH,BI,2022-01-12
311,387,UW00,BI,BI,2022-04-04
311,388,UW00,BI,BI,2022-01-03
311,389,UW00,WH,BI,2022-03-30
311,390,UW00,BI,BI,2022-05-29
311,391,UW00,BI,BI,2022-01-10
311,392,UW00,WH,BI,2022-02-14
311,393,UW00,BI,BI,2022-02-11
311,394,UW00,BI,BI,2022-03-28
311,395,UW00,BI,BI,2022-02-05
311,396,UW00,BI,BI,2022-01-30
311,397,UW00,BI,BI,2022-05-28
311,398,UW00,WH,BI,2022-01-10
311,399,UW00,BI,BI,2022-11-01
311,400,UW00,WH,BI,2022-02-06
311,401,UW00,WH,BI,2022-04-15
311,402,UW00,BI,BI,2022-03-17
311,403,UW00,BI,BI,2022-01-10
311,404,UW00,WH,BI,2022-01-01
311,405,UW00,WH,BI,2022-08-21
311,406,UW00,BI,BI,2022-01-30
311,407,UW00,WH,BI,2022-01-03
311,408,UW00,WH,BI,2022-03-08
311,409,UW00,WH,BI,2022-01-12
311,410,UW00,WH,BI,2022-01-14
311,411,UW00,WH,BI,2022-02-17
311,412,UW00,WH,BI,2022-01-20
311,413,UW00,BI,BI,2022-02-07
311,414,UW00,WH,BI,2022-01-19
311,415,UW00,BI,BI,2022-01-06
311,416,UW00,BI,BI,2022-01-05
311,417,UW00,WH,BI,2022-01-01
311,418,UW00,BI,BI,2022-02-16
311,419,UW00,BI,BI,2022-01-05
311,420,UW00,BI,BI,2022-06-14
311,421,UW00,WH,BI,2022-01-27
311,422,UW00,WH,BI,2022-01-07
311,423,UW00,WH,BI,2022-01-30
311,424,UW00,WH,BI,2022-02-08
311,425,UW00,BI,BI,2022-01-02
311,426,UW00,WH,BI,2022-03-04
311,427,UW00,WH,BI,2022-02-02
311,428,UW00,BI,BI,2022-02-20
311,429,UW00,WH,BI,2022-02-01
311,430,UW00,WH,BI,2022-01-01
311,431,UW00,WH,BI,2022-02-08
311,432,UW00,BI,BI,2022-01-01
311,433,UW00,WH,BI,2022-03-04
311,434,UW00,BI,BI,2022-01-03
311,435,UW00,BI,BI,2022-01-08
311,436,UW00,BI,BI,2022-04-06
311,437,UW00,BI,BI,2022-01-06
311,438,UW00,BI,BI,2022-06-11
311,439,UW00,WH,BI,2022-04-16
311,440,UW00,BI,BI,2022-03-02
311,441,UW00,BI,BI,2022-05-18
311,442,UW00,BI,BI,2022-02-17
311,443,UW00,WH,BI,2022-03-14
311,444,UW00,BI,BI,2022-02-19
311,445,UW00,BI,BI,2022-01-05
311,446,UW00,WH,BI,2022-02-05
311,447,UW00,BI,BI,2022-03-05
311,448,UW00,BI,BI,2022-01-06
311,449,UW00,WH,BI,2022-01-02
311,450,UW00,BI,BI,2022-01-07
311,451,UW00,WH,BI,2022-01-11
311,452,UW00,BI,BI,2022-01-24
311,453,UW00,BI,BI,2022-01-06
311,454,UW00,BI,BI,2022-01-25
311,455,UW00,WH,BI,2022-01-02
311,456,UW00,WH,BI,2022-03-25
311,457,UW00,WH,BI,2022-03-28
311,458,UW00,WH,BI,2022-05-05
311,459,UW00,BI,BI,2022-04-03
311,460,UW00,WH,BI,2022-01-12
311,461,UW00,WH,BI,2022-05-03
311,462,UW00,WH,BI,2022-03-29
311,463,UW00,BI,BI,2023-04-27
311,464,UW00,BI,BI,2022-04-01
311,465,UW00,BI,BI,2022-01-31
311,466,UW00,BI,BI,2022-02-12
311,467,UW00,BI,BI,2022-01-18
311,468,UW00,WH,BI,2022-02-01
311,469,UW00,WH,BI,2022-01-19
311,470,UW00,BI,BI,2022-01-11
311,471,UW00,BI,BI,2022-01-16
311,472,UW00,WH,BI,2022-04-08
311,473,UW00,BI,BI,2022-01-24
311,474,UW00,BI,BI,2022-01-04
311,475,UW00,WH,BI,2022-02-12
311,476,UW00,BI,BI,2022-01-15
311,477,UW00,BI,BI,2022-02-06
311,478,UW00,BI,BI,2022-05-08
311,479,UW00,BI,BI,2022-02-03
311,480,UW00,WH,BI,2022-03-22
311,481,UW00,BI,BI,2022-01-09
311,482,UW00,WH,BI,2022-02-06
311,483,UW00,BI,BI,2022-03-13
311,484,UW00,BI,BI,2022-05-25
311,485,UW00,BI,BI,2022-07-21
311,486,UW00,WH,BI,2022-01-06
311,487,UW00,BI,BI,2022-01-01
311,488,UW00,BI,BI,2022-02-19
311,489,UW00,BI,BI,2022-01-20
311,490,UW00,WH,BI,2022-02-14
311,491,UW00,BI,BI,2022-02-18
311,492,UW00,WH,BI,2022-02-06
311,493,UW00,WH,BI,2022-02-21
311,494,UW00,BI,BI,2022-02-17
311,495,UW00,WH,BI,2022-03-12
311,496,UW00,WH,BI,2022-01-23
311,497,UW00,BI,BI,2022-01-21
311,498,UW00,WH,BI,2022-01-06
311,499,UW00,BI,BI,2022-01-27
311,500,UW00,WH,BI,2022-01-28
311,501,UW00,WH,BI,2022-02-18
311,502,UW00,BI,BI,2022-01-10
311,503,UW00,BI,BI,2022-01-01
311,504,UW00,BI,BI,2022-01-29
311,505,UW00,WH,BI,2022-05-24
311,506,UW00,BI,BI,2022-08-24
311,507,UW00,BI,BI,2022-01-11
311,508,UW00,BI,BI,2022-01-06
311,509,UW00,BI,BI,2022-01-18
311,510,UW00,BI,BI,2022-02-26
311,511,UW00,BI,BI,2022-04-27
311,512,UW00,BI,BI,2022-01-12
311,513,UW00,WH,BI,2022-02-04
311,514,UW00,BI,BI,2022-09-14
311,515,UW00,WH,BI,2022-02-03
311,516,UW00,WH,BI,2022-01-29
311,517,UW00,BI,BI,2022-02-11
311,518,UW00,WH,BI,2022-01-12
311,519,UW00,WH,BI,2022-01-12
311,520,UW00,WH,BI,2022-02-23
311,521,UW00,WH,BI,2022-01-16
311,522,UW00,WH,BI,2022-01-04
311,523,UW00,WH,BI,2022-03-27
311,524,UW00,WH,BI,2022-02-03
311,525,UW00,WH,BI,2022-01-20
311,526,UW00,WH,BI,2022-04-12
311,527,UW00,WH,BI,2022-01-30
311,528,UW00,BI,BI,2022-01-25
311,529,UW00,WH,BI,2022-02-06
311,530,UW00,WH,BI,2022-01-02
311,531,UW00,BI,BI,2022-02-01
311,532,UW00,BI,BI,2022-03-27
311,533,UW00,BI,BI,2022-01-09
311,534,UW00,WH,BI,2022-02-27
311,535,UW00,WH,BI,2022-11-06
311,536,UW00,WH,BI,2022-01-28
311,537,UW00,BI,BI,2022-04-05
311,538,UW00,WH,BI,2022-01-28
311,539,UW00,WH,BI,2022-02-24
311,540,UW00,BI,BI,2023-01-08
311,541,UW00,BI,BI,2022-01-10
311,542,UW00,BI,BI,2022-01-04
311,543,UW00,WH,BI,2022-02-09
311,544,UW00,WH,BI,2022-02-19
311,545,UW00,WH,BI,2022-02-01
311,546,UW00,WH,BI,2022-04-28
311,547,UW00,BI,BI,2022-01-11
311,548,UW00,WH,BI,2022-01-29
311,549,UW00,WH,BI,2022-02-11
311,550,UW00,BI,BI,2022-01-08
311,551,UW00,BI,BI,2022-02-04
311,552,UW00,BI,BI,2022-02-25
311,553,UW00,WH,BI,2022-03-16
311,554,UW00,BI,BI,2022-10-17
311,555,UW00,WH,BI,2022-01-19
311,556,UW00,BI,BI,2022-02-15
311,557,UW00,BI,BI,2022-01-16
311,558,UW00,WH,BI,2022-01-16
311,559,UW00,BI,BI,2022-01-16
311,560,UW00,BI,BI,2022-01-21
311,561,UW00,BI,BI,2022-01-25
311,562,UW00,WH,BI,2022-01-15
311,563,UW00,BI,BI,2022-01-05
311,564,UW00,WH,BI,2022-01-16
311,565,UW00,BI,BI,2022-06-10
311,566,UW00,BI,BI,2022-05-12
311,567,UW00,BI,BI,2022-02-04
311,568,UW00,BI,BI,2022-01-03
311,569,UW00,BI,BI,2022-01-12
311,570,UW00,BI,BI,2022-01-22
311,571,UW00,WH,BI,2022-01-02
311,572,UW00,WH,BI,2022-01-13
311,573,UW00,BI,BI,2022-01-13
311,574,UW00,BI,BI,2022-02-17
311,575,UW00,WH,BI,2022-03-29
311,576,UW00,BI,BI,2022-01-18
311,577,UW00,BI,BI,2022-01-20
311,578,UW00,BI,BI,2022-01-01
311,579,UW00,WH,BI,2022-01-18
311,580,UW00,BI,BI,2022-01-26
311,581,UW00,BI,BI,2022-03-10
311,582,UW00,WH,BI,2022-04-16
311,583,UW00,BI,BI,2022-01-08
311,584,UW00,WH,BI,2022-01-31
311,585,UW00,BI,BI,2022-01-08
311,586,UW00,BI,BI,2022-01-01
311,587,UW00,BI,BI,2022-01-04
311,588,UW00,BI,BI,2022-01-11
311,589,UW00,BI,BI,2022-03-07
311,590,UW00,WH,BI,2022-05-19
311,591,UW00,WH,BI,2022-01-07
311,592,UW00,WH,BI,2022-02-18
311,593,UW00,WH,BI,2022-02-15
311,594,UW00,BI,BI,2022-01-22
311,595,UW00,BI,BI,2022-03-10
311,596,UW00,WH,BI,2022-02-09
311,597,UW00,BI,BI,2022-01-08
311,598,UW00,BI,BI,2022-02-01
311,599,UW00,BI,BI,2022-01-05
311,600,UW00,WH,BI,2022-01-27
311,601,UW00,WH,BI,2022-01-26
311,602,UW00,BI,BI,2022-03-04
311,603,UW00,WH,BI,2022-05-21
311,604,UW00,BI,BI,2022-03-02
311,605,UW00,WH,BI,2022-02-07
311,606,UW00,BI,BI,2022-02-09
311,607,UW00,BI,BI,2022-01-21
311,608,UW00,BI,BI,2022-04-20
311,609,UW00,BI,BI,2022-02-14
311,610,UW00,BI,BI,2022-01-21
311,611,UW00,BI,BI,2022-02-14
311,612,UW00,BI,BI,2022-01-09
311,613,UW00,BI,BI,2022-02-02
311,614,UW00,BI,BI,2022-09-03
311,615,UW00,BI,BI,2022-01-05
311,616,UW00,BI,BI,2022-01-02
311,617,UW00,WH,BI,2022-01-29
311,618,UW00,WH,BI,2022-04-10
311,619,UW00,WH,BI,2022-02-14
311,620,UW00,BI,BI,2022-06-19
311,621,UW00,WH,BI,2022-10-29
311,622,UW00,WH,BI,2022-07-15
311,623,UW00,WH,BI,2022-01-11
311,624,UW00,WH,BI,2022-03-01
311,625,UW00,BI,BI,2022-06-19
311,626,UW00,BI,BI,2022-01-07
311,627,UW00,BI,BI,2022-02-14
311,628,UW00,WH,BI,2022-02-15
311,629,UW00,WH,BI,2022-02-26
311,630,UW00,BI,BI,2022-03-13
311,631,UW00,WH,BI,2022-03-14
311,632,UW00,BI,BI,2022-01-17
311,633,UW00,WH,BI,2022-01-04
311,634,UW00,BI,BI,2022-10-16
311,635,UW00,WH,BI,2022-01-18
311,636,UW00,WH,BI,2022-01-31
311,637,UW00,BI,BI,2022-01-18
311,638,UW00,WH,BI,2022-03-16
311,639,UW00,WH,BI,2022-01-04
311,640,UW00,BI,BI,2022-01-21
311,641,UW00,WH,BI,2022-02-26
311,642,UW00,BI,BI,2022-04-25
311,643,UW00,WH,BI,2022-02-26
311,644,UW00,WH,BI,2022-01-04
311,645,UW00,BI,BI,2022-03-27
311,646,UW00,BI,BI,2022-03-29
311,647,UW00,BI,BI,2022-01-13
311,648,UW00,BI,BI,2022-02-08
311,649,UW00,BI,BI,2022-02-26
311,650,UW00,WH,BI,2022-02-06
311,651,UW00,WH,BI,2022-01-26
311,652,UW00,BI,BI,2022-01-29
311,653,UW00,BI,BI,2022-01-08
311,654,UW00,WH,BI,2022-04-23
311,655,UW00,WH,BI,2022-08-31
311,656,UW00,BI,BI,2022-01-04
311,657,UW00,BI,BI,2022-02-17
311,658,UW00,WH,BI,2022-01-18
311,659,UW00,WH,BI,2022-01-26
311,660,UW00,WH,BI,2022-07-20
311,661,UW00,WH,BI,2022-01-07
311,662,UW00,BI,BI,2022-03-30
311,663,UW00,WH,BI,2022-01-09
311,664,UW00,WH,BI,2022-01-13
311,665,UW00,WH,BI,2022-01-04
311,666,UW00,BI,BI,2022-01-05
311,667,UW00,WH,BI,2022-05-23
311,668,UW00,BI,BI,2022-03-21
311,669,UW00,BI,BI,2022-01-01
311,670,UW00,BI,BI,2022-03-22
311,671,UW00,BI,BI,2022-02-22
311,672,UW00,BI,BI,2022-04-20
311,673,UW00,BI,BI,2022-01-17
311,674,UW00,WH,BI,2022-01-13
311,675,UW00,WH,BI,2022-01-06
311,676,UW00,WH,BI,2022-02-02
311,677,UW00,WH,BI,2022-01-30
311,678,UW00,BI,BI,2022-03-18
311,679,UW00,WH,BI,2022-11-01
311,680,UW00,WH,BI,2022-02-16
311,681,UW00,WH,BI,2022-01-31
311,682,UW00,WH,BI,2022-01-24
311,683,UW00,WH,BI,2022-04-08
311,684,UW00,WH,BI,2022-03-10
311,685,UW00,WH,BI,2022-03-04
311,686,UW00,BI,BI,2022-02-08
311,687,UW00,BI,BI,2022-03-06
311,688,UW00,BI,BI,2022-05-05
311,689,UW00,BI,BI,2022-07-05
311,690,UW00,WH,BI,2022-01-27
311,691,UW00,WH,BI,2022-08-06
311,692,UW00,BI,BI,2022-02-12
311,693,UW00,BI,BI,2022-02-13
311,694,UW00,BI,BI,2022-01-03
311,695,UW00,WH,BI,2022-01-01
311,696,UW00,WH,BI,2022-06-02
311,697,UW00,BI,BI,2022-01-23
311,698,UW00,WH,BI,2022-01-18
311,699,UW00,BI,BI,2022-01-24
311,700,UW00,WH,BI,2022-03-05
311,701,UW00,WH,BI,2022-03-13
311,702,UW00,WH,BI,2022-01-14
311,703,UW00,BI,BI,2022-02-21
311,704,UW00,WH,BI,2022-02-22
311,705,UW00,WH,BI,2022-04-26
311,706,UW00,WH,BI,2022-03-09
311,707,UW00,WH,BI,2022-01-27
311,708,UW00,BI,BI,2022-01-05
311,709,UW00,BI,BI,2022-01-05
311,710,UW00,BI,BI,2022-11-01
311,711,UW00,WH,BI,2022-01-14
311,712,UW00,BI,BI,2022-12-18
311,713,UW00,BI,BI,2022-02-01
311,714,UW00,BI,BI,2022-08-02
311,715,UW00,BI,BI,2022-01-01
311,716,UW00,BI,BI,2022-03-16
311,717,UW00,BI,BI,2022-05-05
311,718,UW00,WH,BI,2022-01-09
311,719,UW00,WH,BI,2022-03-17
311,720,UW00,BI,BI,2022-03-05
311,721,UW00,BI,BI,2022-02-09
311,722,UW00,BI,BI,2022-01-01
311,723,UW00,WH,BI,2023-01-31
311,724,UW00,WH,BI,2022-02-05
311,725,UW00,WH,BI,2022-02-15
311,726,UW00,WH,BI,2022-01-16
311,727,UW00,BI,BI,2022-03-27
311,728,UW00,WH,BI,2022-01-24
311,729,UW00,WH,BI,2022-01-05
311,730,UW00,BI,BI,2022-02-15
311,731,UW00,BI,BI,2023-01-22
311,732,UW00,BI,BI,2022-01-29
311,733,UW00,WH,BI,2022-01-28
311,734,UW00,BI,BI,2022-01-16
311,735,UW00,BI,BI,2022-01-19
311,736,UW00,WH,BI,2022-02-05
311,737,UW00,BI,BI,2022-06-18
311,738,UW00,BI,BI,2022-01-04
311,739,UW00,BI,BI,2022-03-05
311,740,UW00,BI,BI,2022-01-25
311,741,UW00,BI,BI,2022-04-28
311,742,UW00,WH,BI,2022-03-28
311,743,UW00,WH,BI,2022-01-11
311,744,UW00,BI,BI,2022-01-26
311,745,UW00,BI,BI,2022-01-13
311,746,UW00,BI,BI,2022-02-09
311,747,UW00,BI,BI,2022-01-07
311,748,UW00,BI,BI,2022-03-30
311,749,UW00,WH,BI,2022-02-06
311,750,UW00,BI,BI,2022-02-28
311,751,UW00,WH,BI,2022-01-09
311,752,UW00,BI,BI,2022-04-23
311,753,UW00,BI,BI,2022-01-05
311,754,UW00,BI,BI,2022-03-31
311,755,UW00,WH,BI,2023-07-15
311,756,UW00,BI,BI,2022-01-08
311,757,UW00,WH,BI,2022-06-23
311,758,UW00,BI,BI,2022-02-16
311,759,UW00,BI,BI,2022-01-29
311,760,UW00,WH,BI,2022-02-14
311,761,UW00,WH,BI,2022-03-09
311,762,UW00,BI,BI,2022-02-14
311,763,UW00,BI,BI,2022-02-03
311,764,UW00,BI,BI,2022-01-01
311,765,UW00,WH,BI,2022-01-21
311,766,UW00,WH,BI,2022-01-04
311,767,UW00,BI,BI,2022-01-20
311,768,UW00,WH,BI,2022-01-26
311,769,UW00,BI,BI,2022-01-04
311,770,UW00,BI,BI,2022-02-16
311,771,UW00,BI,BI,2022-01-02
311,772,UW00,WH,BI,2022-04-28
311,773,UW00,WH,BI,2022-01-16
311,774,UW00,WH,BI,2022-02-18
311,775,UW00,WH,BI,2022-02-24
311,776,UW00,BI,BI,2022-01-26
311,777,UW00,WH,BI,2022-02-13
311,778,UW00,BI,BI,2022-03-29
311,779,UW00,WH,BI,2022-02-07
311,780,UW00,WH,BI,2022-03-10
311,781,UW00,WH,BI,2022-02-27
311,782,UW00,BI,BI,2022-01-12
311,783,UW00,WH,BI,2022-05-08
311,784,UW00,WH,BI,2022-02-20
311,785,UW00,BI,BI,2022-02-10
311,786,UW00,BI,BI,2022-04-21
311,787,UW00,BI,BI,2022-01-09
311,788,UW00,BI,BI,2022-01-24
311,789,UW00,BI,BI,2022-01-27
311,790,UW00,BI,BI,2022-02-03
311,791,UW00,WH,BI,2022-01-06
311,792,UW00,BI,BI,2022-01-06
311,793,UW00,WH,BI,2022-01-17
311,794,UW00,BI,BI,2022-01-14
311,795,UW00,WH,BI,2022-01-10
311,796,UW00,WH,BI,2022-05-19
311,797,UW00,WH,BI,2022-06-26
311,798,UW00,BI,BI,2022-03-21
311,799,UW00,BI,BI,2022-03-04
311,800,UW00,BI,BI,2022-01-02
311,801,UW00,BI,BI,2022-01-21
311,802,UW00,WH,BI,2022-01-31
311,803,UW00,BI,BI,2022-02-01
311,804,UW00,BI,BI,2022-01-30
311,805,UW00,BI,BI,2022-01-22
311,806,UW00,WH,BI,2022-01-10
311,807,UW00,BI,BI,2022-02-28
311,808,UW00,BI,BI,2022-04-03
311,809,UW00,BI,BI,2022-08-06
311,810,UW00,BI,BI,2022-04-20
311,811,UW00,BI,BI,2022-01-09
311,812,UW00,BI,BI,2022-01-25
311,813,UW00,BI,BI,2022-01-04
311,814,UW00,WH,BI,2022-02-28
311,815,UW00,WH,BI,2022-05-02
311,816,UW00,BI,BI,2022-02-11
311,817,UW00,WH,BI,2022-01-13
311,818,UW00,BI,BI,2022-03-14
311,819,UW00,WH,BI,2022-02-22
311,820,UW00,BI,BI,2022-07-01
311,821,UW00,BI,BI,2022-03-31
311,822,UW00,BI,BI,2022-01-25
311,823,UW00,BI,BI,2022-01-05
311,824,UW00,WH,BI,2022-01-25
311,825,UW00,BI,BI,2022-02-03
311,826,UW00,WH,BI,2022-05-20
311,827,UW00,WH,BI,2022-10-31
311,828,UW00,BI,BI,2022-01-28
311,829,UW00,WH,BI,2022-01-25
311,830,UW00,BI,BI,2022-01-01
311,831,UW00,WH,BI,2022-04-27
311,832,UW00,BI,BI,2022-04-12
311,833,UW00,WH,BI,2022-01-09
311,834,UW00,WH,BI,2022-06-30
311,835,UW00,BI,BI,2022-02-04
311,836,UW00,WH,BI,2022-01-29
311,837,UW00,WH,BI,2022-01-05
311,838,UW00,BI,BI,2022-02-17
311,839,UW00,BI,BI,2022-01-10
311,840,UW00,BI,BI,2022-01-23
311,841,UW00,BI,BI,2022-01-04
311,842,UW00,WH,BI,2022-03-10
311,843,UW00,BI,BI,2022-01-11
311,844,UW00,BI,BI,2022-02-17
311,845,UW00,BI,BI,2022-03-02
311,846,UW00,BI,BI,2022-02-08
311,847,UW00,WH,BI,2022-01-13
311,848,UW00,WH,BI,2022-01-07
311,849,UW00,WH,BI,2022-03-16
311,850,UW00,BI,BI,2022-06-22
311,851,UW00,WH,BI,2022-06-12
311,852,UW00,WH,BI,2022-03-11
311,853,UW00,BI,BI,2022-01-24
311,854,UW00,WH,BI,2022-01-04
311,855,UW00,WH,BI,2022-03-04
311,856,UW00,BI,BI,2022-04-15
311,857,UW00,WH,BI,2022-03-06
311,858,UW00,BI,BI,2022-01-19
311,859,UW00,WH,BI,2022-02-05
311,860,UW00,WH,BI,2022-07-22
311,861,UW00,BI,BI,2022-01-07
311,862,UW00,WH,BI,2022-03-24
311,863,UW00,BI,BI,2022-01-31
311,864,UW00,BI,BI,2022-01-06
311,865,UW00,BI,BI,2022-02-08
311,866,UW00,BI,BI,2022-02-10
311,867,UW00,WH,BI,2022-01-05
311,868,UW00,WH,BI,2022-01-04
311,869,UW00,BI,BI,2022-01-02
311,870,UW00,WH,BI,2022-01-29
311,871,UW00,WH,BI,2022-03-22
311,872,UW00,WH,BI,2022-03-24
311,873,UW00,WH,BI,2022-01-16
311,874,UW00,BI,BI,2022-06-09
311,875,UW00,WH,BI,2022-03-17
311,876,UW00,BI,BI,2022-01-25
311,877,UW00,WH,BI,2022-03-24
311,878,UW00,WH,BI,2022-01-31
311,879,UW00,BI,BI,2022-02-27
311,880,UW00,BI,BI,2022-04-18
311,881,UW00,BI,BI,2022-01-22
311,882,UW00,BI,BI,2022-11-01
311,883,UW00,WH,BI,2022-01-23
311,884,UW00,BI,BI,2022-02-22
311,885,UW00,BI,BI,2022-03-10
311,886,UW00,WH,BI,2022-05-03
311,887,UW00,WH,BI,2022-04-22
311,888,UW00,BI,BI,2022-01-14
311,889,UW00,BI,BI,2022-02-20
311,890,UW00,BI,BI,2022-01-28
311,891,UW00,BI,BI,2022-02-10
311,892,UW00,BI,BI,2022-03-18
311,893,UW00,BI,BI,2022-02-14
311,894,UW00,BI,BI,2022-01-30
311,895,UW00,WH,BI,2022-01-31
311,896,UW00,BI,BI,2022-01-31
311,897,UW00,BI,BI,2022-02-09
311,898,UW00,WH,BI,2022-01-22
311,899,UW00,WH,BI,2022-03-13
311,900,UW00,BI,BI,2022-01-27
311,901,UW00,BI,BI,2022-05-16
311,902,UW00,BI,BI,2022-02-02
311,903,UW00,BI,BI,2022-03-14
311,904,UW00,WH,BI,2022-02-07
311,905,UW00,BI,BI,2022-01-02
311,906,UW00,BI,BI,2022-03-19
311,907,UW00,WH,BI,2022-09-01
311,908,UW00,WH,BI,2022-02-03
311,909,UW00,BI,BI,2022-01-26
311,910,UW00,BI,BI,2022-01-11
311,911,UW00,WH,BI,2022-01-17
311,912,UW00,BI,BI,2022-05-28
311,913,UW00,WH,BI,2022-02-14
311,914,UW00,WH,BI,2022-01-02
311,915,UW00,BI,BI,2022-02-27
311,916,UW00,WH,BI,2022-02-25
311,917,UW00,WH,BI,2022-01-12
311,918,UW00,WH,BI,2022-01-16
311,919,UW00,BI,BI,2022-01-01
311,920,UW00,BI,BI,2022-01-17
311,921,UW00,WH,BI,2022-01-09
311,922,UW00,BI,BI,2022-01-18
311,923,UW00,WH,BI,2022-02-25
311,924,UW00,WH,BI,2022-03-12
311,925,UW00,BI,BI,2022-02-09
311,926,UW00,BI,BI,2022-05-01
311,927,UW00,BI,BI,2022-06-10
311,928,UW00,WH,BI,2022-02-24
311,929,UW00,WH,BI,2022-02-26
311,930,UW00,WH,BI,2022-02-02
311,931,UW00,BI,BI,2022-05-22
311,932,UW00,BI,BI,2022-12-18
311,933,UW00,WH,BI,2022-01-14
311,934,UW00,BI,BI,2022-04-28
311,935,UW00,BI,BI,2022-01-14
311,936,UW00,BI,BI,2022-06-07
311,937,UW00,BI,BI,2022-01-01
311,938,UW00,WH,BI,2022-01-02
311,939,UW00,BI,BI,2022-03-01
311,940,UW00,WH,BI,2022-01-14
311,941,UW00,WH,BI,2022-01-06
311,942,UW00,WH,BI,2022-01-16
311,943,UW00,BI,BI,2022-04-05
311,944,UW00,BI,BI,2022-01-16
311,945,UW00,WH,BI,2022-01-16
311,946,UW00,BI,BI,2022-02-28
311,947,UW00,WH,BI,2022-01-24
311,948,UW00,BI,BI,2022-03-17
311,949,UW00,WH,BI,2022-01-06
311,950,UW00,BI,BI,2022-02-21
311,951,UW00,BI,BI,2022-01-11
311,952,UW00,BI,BI,2022-02-19
311,953,UW00,BI,BI,2022-07-21
311,954,UW00,BI,BI,2022-01-28
311,955,UW00,WH,BI,2022-02-12
311,956,UW00,WH,BI,2022-03-13
311,957,UW00,BI,BI,2022-01-01
311,958,UW00,WH,BI,2022-02-02
311,959,UW00,BI,BI,2022-01-07
311,960,UW00,WH,BI,2022-01-09
311,961,UW00,WH,BI,2022-01-03
311,962,UW00,BI,BI,2022-01-16
311,963,UW00,BI,BI,2022-02-03
311,964,UW00,BI,BI,2022-01-02
311,965,UW00,WH,BI,2022-01-11
311,966,UW00,WH,BI,2022-03-14
311,967,UW00,WH,BI,2022-02-15
311,968,UW00,WH,BI,2022-03-17
311,969,UW00,BI,BI,2022-01-12
311,970,UW00,BI,BI,2022-02-11
311,971,UW00,WH,BI,2022-02-05
311,972,UW00,WH,BI,2022-06-10
311,973,UW00,WH,BI,2022-01-03
311,974,UW00,WH,BI,2022-04-13
311,975,UW00,BI,BI,2022-01-05
311,976,UW00,BI,BI,2022-06-23
311,977,UW00,BI,BI,2022-01-31
311,978,UW00,BI,BI,2022-03-04
311,979,UW00,WH,BI,2022-03-07
311,980,UW00,BI,BI,2022-02-22
311,981,UW00,WH,BI,2022-01-21
311,982,UW00,BI,BI,2022-01-29
311,983,UW00,BI,BI,2022-01-18
311,984,UW00,BI,BI,2022-01-14
311,985,UW00,WH,BI,2022-03-05
311,986,UW00,BI,BI,2022-08-31
311,987,UW00,WH,BI,2022-05-22
311,988,UW00,BI,BI,2022-03-24
311,989,UW00,BI,BI,2022-01-17
311,990,UW00,WH,BI,2022-01-01
311,991,UW00,BI,BI,2022-01-20
311,992,UW00,WH,BI,2022-01-01
311,993,UW00,BI,BI,2022-01-23
311,994,UW00,BI,BI,2022-01-29
311,995,UW00,WH,BI,2022-01-04
311,996,UW00,BI,BI,2022-02-05
311,997,UW00,BI,BI,2022-02-11
311,998,UW00,WH,BI,2022-04-02
311,999,UW00,WH,BI,2022-02-01
311,1000,UW00,BI,BI,2022-02-06
311,1001,UW00,WH,BI,2022-05-29
311,1002,UW00,WH,BI,2022-01-03
311,1003,UW00,WH,BI,2022-01-01
311,1004,UW00,WH,BI,2022-02-19
311,1005,UW00,BI,BI,2022-01-02
311,1006,UW00,WH,BI,2022-08-27
311,1007,UW00,WH,BI,2022-01-03
311,1008,UW00,WH,BI,2022-06-02
311,1009,UW00,WH,BI,2022-05-15
311,1010,UW00,WH,BI,2022-03-06
311,1011,UW00,WH,BI,2022-09-14
311,1012,UW00,WH,BI,2022-01-13
311,1013,UW00,BI,BI,2022-03-22
311,1014,UW00,WH,BI,2022-02-04
311,1015,UW00,WH,BI,2022-01-09
311,1016,UW00,BI,BI,2022-02-05
311,1017,UW00,WH,BI,2022-02-04
311,1018,UW00,WH,BI,2022-01-08
311,1019,UW00,BI,BI,2022-03-02
311,1020,UW00,WH,BI,2022-01-09
311,1021,UW00,WH,BI,2022-03-10
311,1022,UW00,WH,BI,2022-02-10
311,1023,UW00,WH,BI,2022-01-11
311,1024,UW00,WH,BI,2022-01-02
311,1025,UW00,BI,BI,2022-07-01
311,1026,UW00,WH,BI,2022-01-01
311,1027,UW00,BI,BI,2022-01-05
311,1028,UW00,WH,BI,2022-01-08
311,1029,UW00,WH,BI,2022-01-27
311,1030,UW00,BI,BI,2022-01-31
311,1031,UW00,WH,BI,2022-01-29
311,1032,UW00,WH,BI,2022-03-06
311,1033,UW00,BI,BI,2022-01-16
311,1034,UW00,WH,BI,2022-02-27
311,1035,UW00,WH,BI,2022-01-25
311,1036,UW00,BI,BI,2022-02-17
311,1037,UW00,BI,BI,2022-03-24
311,1038,UW00,BI,BI,2022-03-18
311,1039,UW00,WH,BI,2022-01-02
311,1040,UW00,BI,BI,2022-05-26
311,1041,UW00,WH,BI,2022-01-10
311,1042,UW00,WH,BI,2022-07-02
311,1043,UW00,BI,BI,2022-01-03
311,1044,UW00,BI,BI,2022-01-17
311,1045,UW00,WH,BI,2022-01-03
311,1046,UW00,WH,BI,2022-03-11
311,1047,UW00,BI,BI,2022-01-20
311,1048,UW00,BI,BI,2022-08-27
311,1049,UW00,BI,BI,2022-05-25
311,1050,UW00,WH,BI,2022-02-04
311,1051,UW00,BI,BI,2022-03-23
311,1052,UW00,BI,BI,2022-04-14
311,1053,UW00,WH,BI,2022-01-02
311,1054,UW00,WH,BI,2022-04-16
311,1055,UW00,BI,BI,2022-02-26
311,1056,UW00,WH,BI,2022-03-17
311,1057,UW00,WH,BI,2022-03-24
311,1058,UW00,WH,BI,2022-01-06
311,1059,UW00,BI,BI,2022-01-28
311,1060,UW00,BI,BI,2022-01-25
311,1061,UW00,BI,BI,2022-01-14
311,1062,UW00,BI,BI,2022-01-04
311,1063,UW00,BI,BI,2022-01-17
311,1064,UW00,BI,BI,2022-01-12
311,1065,UW00,WH,BI,2022-02-02
311,1066,UW00,WH,BI,2022-02-20
311,1067,UW00,WH,BI,2022-02-10
311,1068,UW00,BI,BI,2022-01-24
311,1069,UW00,BI,BI,2022-03-10
311,1070,UW00,WH,BI,2022-03-15
311,1071,UW00,BI,BI,2022-01-13
311,1072,UW00,BI,BI,2023-10-27
311,1073,UW00,BI,BI,2022-02-18
311,1074,UW00,BI,BI,2022-01-10
311,1075,UW00,BI,BI,2022-03-15
311,1076,UW00,WH,BI,2022-01-21
311,1077,UW00,BI,BI,2022-01-24
311,1078,UW00,BI,BI,2022-04-26
311,1079,UW00,BI,BI,2022-01-02
311,1080,UW00,BI,BI,2022-05-18
311,1081,UW00,BI,BI,2022-01-08
311,1082,UW00,WH,BI,2022-01-17
311,1083,UW00,BI,BI,2022-03-01
311,1084,UW00,WH,BI,2022-01-05
311,1085,UW00,WH,BI,2023-10-02
311,1086,UW00,WH,BI,2022-05-02
311,1087,UW00,WH,BI,2022-01-04
311,1088,UW00,BI,BI,2022-02-16
311,1089,UW00,WH,BI,2022-02-13
311,1090,UW00,BI,BI,2022-08-24
311,1091,UW00,WH,BI,2022-01-31
311,1092,UW00,WH,BI,2022-01-29
311,1093,UW00,BI,BI,2022-01-03
311,1094,UW00,WH,BI,2022-01-11
311,1095,UW00,BI,BI,2022-01-22
311,1096,UW00,BI,BI,2022-01-22
311,1097,UW00,BI,BI,2022-01-05
311,1098,UW00,WH,BI,2022-03-15
311,1099,UW00,BI,BI,2022-03-23
311,1100,UW00,BI,BI,2022-01-25
311,1101,UW00,BI,BI,2022-02-06
311,1102,UW00,WH,BI,2022-02-12
311,1103,UW00,WH,BI,2022-04-16
311,1104,UW00,WH,BI,2022-01-09
311,1105,UW00,BI,BI,2022-01-21
311,1106,UW00,WH,BI,2022-01-10
311,1107,UW00,WH,BI,2022-01-05
311,1108,UW00,BI,BI,2022-01-05
311,1109,UW00,BI,BI,2022-03-15
311,1110,UW00,WH,BI,2022-08-10
311,1111,UW00,BI,BI,2022-03-07
311,1112,UW00,WH,BI,2022-05-21
311,1113,UW00,BI,BI,2022-01-15
311,1114,UW00,WH,BI,2022-01-03
311,1115,UW00,BI,BI,2022-03-15
311,1116,UW00,WH,BI,2022-02-14
311,1117,UW00,WH,BI,2022-01-16
311,1118,UW00,BI,BI,2022-01-15
311,1119,UW00,BI,BI,2022-01-03
311,1120,UW00,BI,BI,2022-02-23
311,1121,UW00,BI,BI,2022-01-19
311,1122,UW00,WH,BI,2022-01-19
311,1123,UW00,WH,BI,2022-01-27
311,1124,UW00,WH,BI,2022-02-14
311,1125,UW00,BI,BI,2022-01-01
311,1126,UW00,WH,BI,2022-01-18
311,1127,UW00,WH,BI,2022-05-20
311,1128,UW00,WH,BI,2022-02-07
311,1129,UW00,WH,BI,2022-01-16
311,1130,UW00,WH,BI,2022-08-07
311,1131,UW00,BI,BI,2022-02-08
311,1132,UW00,BI,BI,2022-01-23
311,1133,UW00,BI,BI,2022-02-26
311,1134,UW00,BI,BI,2022-03-24
311,1135,UW00,WH,BI,2022-09-19
311,1136,UW00,BI,BI,2022-08-10
311,1137,UW00,BI,BI,2022-01-27
311,1138,UW00,BI,BI,2022-03-19
311,1139,UW00,WH,BI,2022-03-06
311,1140,UW00,WH,BI,2022-03-19
311,1141,UW00,WH,BI,2022-02-13
311,1142,UW00,WH,BI,2022-01-22
311,1143,UW00,WH,BI,2022-01-28
311,1144,UW00,WH,BI,2022-01-31
311,1145,UW00,BI,BI,2022-01-06
311,1146,UW00,BI,BI,2022-06-30
311,1147,UW00,BI,BI,2022-01-12
311,1148,UW00,BI,BI,2022-01-14
311,1149,UW00,BI,BI,2022-02-06
311,1150,UW00,BI,BI,2022-01-14
311,1151,UW00,BI,BI,2022-01-07
311,1152,UW00,WH,BI,2022-01-01
311,1153,UW00,WH,BI,2022-01-26
311,1154,UW00,BI,BI,2022-02-24
311,1155,UW00,BI,BI,2022-01-12
311,1156,UW00,WH,BI,2022-06-05
311,1157,UW00,BI,BI,2022-02-06
311,1158,UW00,BI,BI,2022-03-22
311,1159,UW00,BI,BI,2022-01-24
311,1160,UW00,WH,BI,2022-01-12
311,1161,UW00,WH,BI,2022-01-31
311,1162,UW00,BI,BI,2022-01-29
311,1163,UW00,WH,BI,2022-01-22
311,1164,UW00,WH,BI,2022-06-06
311,1165,UW00,WH,BI,2022-01-01
311,1166,UW00,BI,BI,2022-02-04
311,1167,UW00,WH,BI,2022-01-01
311,1168,UW00,WH,BI,2022-10-10
311,1169,UW00,BI,BI,2022-01-09
311,1170,UW00,BI,BI,2022-01-14
311,1171,UW00,BI,BI,2022-02-01
311,1172,UW00,WH,BI,2022-01-11
311,1173,UW00,WH,BI,2022-01-31
311,1174,UW00,BI,BI,2022-09-28
311,1175,UW00,BI,BI,2022-01-03
311,1176,UW00,WH,BI,2022-01-13
311,1177,UW00,WH,BI,2022-01-20
311,1178,UW00,BI,BI,2022-03-28
311,1179,UW00,WH,BI,2022-03-13
311,1180,UW00,BI,BI,2022-02-20
311,1181,UW00,WH,BI,2022-02-11
311,1182,UW00,BI,BI,2022-01-01
311,1183,UW00,WH,BI,2022-01-07
311,1184,UW00,BI,BI,2022-01-25
311,1185,UW00,WH,BI,2022-01-01
311,1186,UW00,BI,BI,2022-02-06
311,1187,UW00,WH,BI,2022-01-27
311,1188,UW00,BI,BI,2022-05-22
311,1189,UW00,BI,BI,2022-02-19
311,1190,UW00,BI,BI,2022-03-30
311,1191,UW00,BI,BI,2022-08-11
311,1192,UW00,BI,BI,2022-01-20
311,1193,UW00,WH,BI,2022-03-07
311,1194,UW00,BI,BI,2022-01-04
311,1195,UW00,WH,BI,2022-02-28
311,1196,UW00,BI,BI,2022-01-15
311,1197,UW00,WH,BI,2022-03-11
311,1198,UW00,BI,BI,2023-07-30
311,1199,UW00,BI,BI,2022-05-16
311,1200,UW00,WH,BI,2022-07-12
311,1201,UW00,BI,BI,2022-01-03
311,1202,UW00,WH,BI,2022-03-13
311,1203,UW00,WH,BI,2022-02-02
311,1204,UW00,BI,BI,2022-01-11
311,1205,UW00,BI,BI,2022-10-02
311,1206,UW00,WH,BI,2022-01-30
311,1207,UW00,BI,BI,2022-06-07
311,1208,UW00,BI,BI,2022-01-26
311,1209,UW00,BI,BI,2022-01-17
311,1210,UW00,WH,BI,2022-01-16
311,1211,UW00,BI,BI,2022-01-10
311,1212,UW00,WH,BI,2022-03-24
311,1213,UW00,WH,BI,2022-02-08
311,1214,UW00,WH,BI,2022-02-20
311,1215,UW00,WH,BI,2022-02-13
311,1216,UW00,BI,BI,2022-01-16
311,1217,UW00,BI,BI,2022-01-07
311,1218,UW00,WH,BI,2022-02-08
311,1219,UW00,WH,BI,2022-09-01
311,1220,UW00,WH,BI,2022-01-03
311,1221,UW00,WH,BI,2022-01-26
311,1222,UW00,BI,BI,2022-02-01
311,1223,UW00,WH,BI,2022-01-03
311,1224,UW00,WH,BI,2022-01-07
311,1225,UW00,WH,BI,2022-02-22
311,1226,UW00,WH,BI,2022-05-02
311,1227,UW00,WH,BI,2022-06-06
311,1228,UW00,BI,BI,2022-02-05
311,1229,UW00,BI,BI,2022-05-03
311,1230,UW00,BI,BI,2022-07-10
311,1231,UW00,BI,BI,2022-02-02
311,1232,UW00,BI,BI,2022-01-12
311,1233,UW00,WH,BI,2022-02-25
311,1234,UW00,BI,BI,2022-01-20
311,1235,UW00,WH,BI,2022-10-06
311,1236,UW00,BI,BI,2022-03-25
311,1237,UW00,BI,BI,2022-01-17
311,1238,UW00,BI,BI,2022-01-02
311,1239,UW00,BI,BI,2022-03-22
311,1240,UW00,WH,BI,2022-01-24
311,1241,UW00,BI,BI,2022-01-02
311,1242,UW00,WH,BI,2022-01-06
311,1243,UW00,BI,BI,2022-01-07
311,1244,UW00,BI,BI,2022-01-02
311,1245,UW00,BI,BI,2022-01-21
311,1246,UW00,WH,BI,2022-05-31
311,1247,UW00,WH,BI,2022-10-12
311,1248,UW00,BI,BI,2022-02-07
311,1249,UW00,BI,BI,2022-03-06
311,1250,UW00,WH,BI,2022-01-20
311,1251,UW00,WH,BI,2022-02-09
311,1252,UW00,BI,BI,2022-01-30
311,1253,UW00,BI,BI,2022-01-15
311,1254,UW00,WH,BI,2022-02-01
311,1255,UW00,BI,BI,2022-04-19
311,1256,UW00,WH,BI,2022-01-30
311,1257,UW00,BI,BI,2022-02-16
311,1258,UW00,BI,BI,2022-04-29
311,1259,UW00,WH,BI,2022-02-15
311,1260,UW00,WH,BI,2022-03-05
311,1261,UW00,BI,BI,2022-03-23
311,1262,UW00,WH,BI,2022-01-16
311,1263,UW00,BI,BI,2022-01-19
311,1264,UW00,WH,BI,2022-01-12
311,1265,UW00,WH,BI,2022-01-07
311,1266,UW00,WH,BI,2022-01-07
311,1267,UW00,WH,BI,2022-04-05
311,1268,UW00,BI,BI,2022-01-19
311,1269,UW00,BI,BI,2022-01-04
311,1270,UW00,WH,BI,2022-05-16
311,1271,UW00,BI,BI,2022-01-11
311,1272,UW00,BI,BI,2022-01-06
311,1273,UW00,BI,BI,2022-03-16
311,1274,UW00,BI,BI,2022-01-23
311,1275,UW00,BI,BI,2022-01-27
311,1276,UW00,BI,BI,2022-01-09
311,1277,UW00,WH,BI,2022-01-19
311,1278,UW00,BI,BI,2022-11-19
311,1279,UW00,WH,BI,2023-10-01
311,1280,UW00,BI,BI,2022-02-10
311,1281,UW00,WH,BI,2022-04-06
311,1282,UW00,BI,BI,2022-01-11
311,1283,UW00,BI,BI,2022-03-09
311,1284,UW00,BI,BI,2022-02-24
311,1285,UW00,WH,BI,2022-02-05
311,1286,UW00,BI,BI,2022-07-31
311,1287,UW00,WH,BI,2022-01-07
311,1288,UW00,WH,BI,2022-01-31
311,1289,UW00,BI,BI,2022-03-27
311,1290,UW00,BI,BI,2022-05-01
311,1291,UW00,BI,BI,2022-03-06
311,1292,UW00,WH,BI,2022-01-04
311,1293,UW00,WH,BI,2022-03-18
311,1294,UW00,BI,BI,2022-01-06
311,1295,UW00,BI,BI,2022-01-06
311,1296,UW00,BI,BI,2022-01-19
311,1297,UW00,WH,BI,2022-01-09
311,1298,UW00,WH,BI,2022-01-30
311,1299,UW00,BI,BI,2022-01-13
311,1300,UW00,BI,BI,2022-01-01
311,1301,UW00,WH,BI,2022-01-07
311,1302,UW00,BI,BI,2022-01-02
311,1303,UW00,BI,BI,2022-01-03
311,1304,UW00,WH,BI,2022-02-20
311,1305,UW00,WH,BI,2022-01-01
311,1306,UW00,BI,BI,2022-02-04
311,1307,UW00,BI,BI,2022-01-24
311,1308,UW00,WH,BI,2022-02-13
311,1309,UW00,WH,BI,2022-01-31
311,1310,UW00,WH,BI,2022-01-29
311,1311,UW00,WH,BI,2022-06-01
311,1312,UW00,WH,BI,2022-01-17
311,1313,UW00,BI,BI,2022-05-28
311,1314,UW00,WH,BI,2022-10-28
311,1315,UW00,WH,BI,2022-01-02
311,1316,UW00,BI,BI,2022-02-27
311,1317,UW00,WH,BI,2022-02-04
311,1318,UW00,BI,BI,2022-01-06
311,1319,UW00,WH,BI,2022-12-28
311,1320,UW00,WH,BI,2022-01-11
311,1321,UW00,WH,BI,2022-01-05
311,1322,UW00,WH,BI,2022-02-21
311,1323,UW00,BI,BI,2023-09-14
311,1324,UW00,WH,BI,2022-02-12
311,1325,UW00,BI,BI,2022-02-02
311,1326,UW00,BI,BI,2022-02-01
311,1327,UW00,WH,BI,2022-02-01
311,1328,UW00,BI,BI,2022-01-15
311,1329,UW00,BI,BI,2022-02-07
311,1330,UW00,BI,BI,2022-03-19
311,1331,UW00,WH,BI,2022-01-16
311,1332,UW00,WH,BI,2022-02-23
311,1333,UW00,BI,BI,2022-03-01
311,1334,UW00,BI,BI,2022-01-08
311,1335,UW00,WH,BI,2022-01-13
311,1336,UW00,BI,BI,2022-01-07
311,1337,UW00,BI,BI,2022-02-19
311,1338,UW00,BI,BI,2022-01-07
311,1339,UW00,BI,BI,2022-02-03
311,1340,UW00,BI,BI,2022-01-23
311,1341,UW00,BI,BI,2022-07-01
311,1342,UW00,WH,BI,2022-01-28
311,1343,UW00,WH,BI,2022-02-01
311,1344,UW00,WH,BI,2022-01-26
311,1345,UW00,BI,BI,2022-01-28
311,1346,UW00,WH,BI,2022-10-09
311,1347,UW00,BI,BI,2022-10-04
311,1348,UW00,BI,BI,2022-01-24
311,1349,UW00,WH,BI,2022-03-07
311,1350,UW00,WH,BI,2022-01-04
311,1351,UW00,BI,BI,2022-03-13
311,1352,UW00,WH,BI,2022-09-04
311,1353,UW00,WH,BI,2022-02-19
311,1354,UW00,BI,BI,2022-01-04
311,1355,UW00,BI,BI,2022-02-11
311,1356,UW00,WH,BI,2022-03-19
311,1357,UW00,BI,BI,2022-03-02
311,1358,UW00,WH,BI,2022-03-18
311,1359,UW00,WH,BI,2022-02-11
311,1360,UW00,BI,BI,2022-03-15
311,1361,UW00,BI,BI,2022-01-21
311,1362,UW00,WH,BI,2022-04-08
311,1363,UW00,BI,BI,2022-01-17
311,1364,UW00,WH,BI,2022-04-30
311,1365,UW00,BI,BI,2022-05-06
311,1366,UW00,BI,BI,2022-01-10
311,1367,UW00,WH,BI,2022-02-10
311,1368,UW00,BI,BI,2022-02-17
311,1369,UW00,WH,BI,2022-01-08
311,1370,UW00,BI,BI,2022-01-09
311,1371,UW00,WH,BI,2022-01-23
311,1372,UW00,WH,BI,2022-04-06
311,1373,UW00,BI,BI,2022-01-06
311,1374,UW00,WH,BI,2022-09-18
311,1375,UW00,BI,BI,2022-01-04
311,1376,UW00,WH,BI,2022-01-12
311,1377,UW00,WH,BI,2022-01-08
311,1378,UW00,WH,BI,2022-03-07
311,1379,UW00,BI,BI,2022-01-19
311,1380,UW00,BI,BI,2022-01-26
311,1381,UW00,WH,BI,2022-01-12
311,1382,UW00,BI,BI,2022-08-23
311,1383,UW00,BI,BI,2022-01-02
311,1384,UW00,WH,BI,2022-01-15
311,1385,UW00,WH,BI,2022-04-09
311,1386,UW00,WH,BI,2022-05-23
311,1387,UW00,BI,BI,2022-04-26
311,1388,UW00,WH,BI,2022-01-04
311,1389,UW00,WH,BI,2022-05-06
311,1390,UW00,BI,BI,2022-04-03
311,1391,UW00,WH,BI,2023-06-23
311,1392,UW00,BI,BI,2022-01-10
311,1393,UW00,WH,BI,2022-01-24
311,1394,UW00,BI,BI,2022-01-30
311,1395,UW00,WH,BI,2022-06-26
311,1396,UW00,WH,BI,2022-03-07
311,1397,UW00,WH,BI,2022-01-11
311,1398,UW00,BI,BI,2022-01-15
311,1399,UW00,BI,BI,2022-07-22
311,1400,UW00,WH,BI,2022-01-08
311,1401,UW00,WH,BI,2022-06-30
311,1402,UW00,BI,BI,2022-02-02
311,1403,UW00,WH,BI,2022-01-11
311,1404,UW00,WH,BI,2022-01-18
311,1405,UW00,WH,BI,2022-02-16
311,1406,UW00,BI,BI,2022-02-17
311,1407,UW00,BI,BI,2022-03-29
311,1408,UW00,WH,BI,2022-02-12
311,1409,UW00,BI,BI,2022-01-15
311,1410,UW00,WH,BI,2022-05-08
311,1411,UW00,BI,BI,2022-01-07
311,1412,UW00,WH,BI,2022-04-03
311,1413,UW00,WH,BI,2022-01-01
311,1414,UW00,BI,BI,2022-08-23
311,1415,UW00,WH,BI,2022-02-04
311,1416,UW00,WH,BI,2022-02-12
311,1417,UW00,BI,BI,2022-01-30
311,1418,UW00,BI,BI,2022-01-27
311,1419,UW00,WH,BI,2022-01-22
311,1420,UW00,BI,BI,2022-01-25
311,1421,UW00,BI,BI,2022-01-08
311,1422,UW00,BI,BI,2022-02-20
311,1423,UW00,WH,BI,2022-03-14
311,1424,UW00,BI,BI,2022-01-28
311,1425,UW00,WH,BI,2022-01-18
311,1426,UW00,BI,BI,2022-08-01
311,1427,UW00,WH,BI,2022-02-20
311,1428,UW00,WH,BI,2022-01-02
311,1429,UW00,BI,BI,2022-01-15
311,1430,UW00,WH,BI,2022-03-01
311,1431,UW00,WH,BI,2022-05-29
311,1432,UW00,BI,BI,2022-01-16
311,1433,UW00,BI,BI,2022-04-02
311,1434,UW00,WH,BI,2022-06-05
311,1435,UW00,BI,BI,2022-01-01
311,1436,UW00,BI,BI,2022-02-16
311,1437,UW00,WH,BI,2022-01-03
311,1438,UW00,WH,BI,2022-03-03
311,1439,UW00,WH,BI,2022-01-07
311,1440,UW00,BI,BI,2022-01-05
311,1441,UW00,WH,BI,2022-02-10
311,1442,UW00,BI,BI,2022-02-07
311,1443,UW00,WH,BI,2022-03-22
311,1444,UW00,WH,BI,2022-04-09
311,1445,UW00,WH,BI,2022-05-09
311,1446,UW00,WH,BI,2022-03-24
311,1447,UW00,BI,BI,2022-01-14
311,1448,UW00,BI,BI,2023-05-19
311,1449,UW00,BI,BI,2022-01-18
311,1450,UW00,BI,BI,2022-12-21
311,1451,UW00,BI,BI,2022-03-09
311,1452,UW00,WH,BI,2022-03-18
311,1453,UW00,WH,BI,2022-02-01
311,1454,UW00,BI,BI,2022-01-17
311,1455,UW00,BI,BI,2022-01-23
311,1456,UW00,WH,BI,2022-02-06
311,1457,UW00,BI,BI,2022-10-19
311,1458,UW00,BI,BI,2022-01-26
311,1459,UW00,WH,BI,2022-07-18
311,1460,UW00,BI,BI,2022-01-11
311,1461,UW00,BI,BI,2022-01-01
311,1462,UW00,BI,BI,2022-01-30
311,1463,UW00,BI,BI,2022-04-18
311,1464,UW00,BI,BI,2022-01-06
311,1465,UW00,BI,BI,2022-01-07
311,1466,UW00,WH,BI,2022-05-23
311,1467,UW00,BI,BI,2022-04-12
311,1468,UW00,BI,BI,2022-05-08
311,1469,UW00,BI,BI,2022-07-18
311,1470,UW00,BI,BI,2022-01-05
311,1471,UW00,WH,BI,2022-04-27
311,1472,UW00,BI,BI,2022-03-26
311,1473,UW00,WH,BI,2022-04-17
311,1474,UW00,BI,BI,2022-02-15
311,1475,UW00,WH,BI,2022-01-06
311,1476,UW00,BI,BI,2022-01-09
311,1477,UW00,BI,BI,2022-01-30
311,1478,UW00,WH,BI,2022-01-15
311,1479,UW00,WH,BI,2022-02-11
311,1480,UW00,BI,BI,2022-01-01
311,1481,UW00,BI,BI,2023-01-09
311,1482,UW00,BI,BI,2022-01-26
311,1483,UW00,BI,BI,2023-06-26
311,1484,UW00,BI,BI,2022-01-31
311,1485,UW00,WH,BI,2022-04-06
311,1486,UW00,BI,BI,2022-03-20
311,1487,UW00,BI,BI,2022-02-09
311,1488,UW00,BI,BI,2022-01-03
311,1489,UW00,WH,BI,2022-02-18
311,1490,UW00,BI,BI,2022-05-10
311,1491,UW00,BI,BI,2022-03-22
311,1492,UW00,BI,BI,2022-02-11
311,1493,UW00,WH,BI,2022-01-25
311,1494,UW00,WH,BI,2022-01-15
311,1495,UW00,BI,BI,2022-02-05
311,1496,UW00,BI,BI,2022-01-12
311,1497,UW00,WH,BI,2022-02-10
311,1498,UW00,WH,BI,2022-01-26
311,1499,UW00,WH,BI,2022-01-06
311,1500,UW00,BI,BI,2022-01-24
311,1501,UW00,WH,BI,2022-03-08
311,1502,UW00,WH,BI,2022-01-10
311,1503,UW00,WH,BI,2022-02-05
311,1504,UW00,WH,BI,2022-01-08
311,1505,UW00,BI,BI,2022-01-09
311,1506,UW00,BI,BI,2022-08-20
311,1507,UW00,BI,BI,2022-02-02
311,1508,UW00,WH,BI,2022-02-05
311,1509,UW00,WH,BI,2022-02-11
311,1510,UW00,BI,BI,2022-04-10
311,1511,UW00,BI,BI,2022-04-01
311,1512,UW00,BI,BI,2022-01-07
311,1513,UW00,BI,BI,2022-02-03
311,1514,UW00,WH,BI,2022-01-14
311,1515,UW00,WH,BI,2022-02-23
311,1516,UW00,BI,BI,2022-03-08
311,1517,UW00,BI,BI,2022-03-07
311,1518,UW00,BI,BI,2022-04-11
311,1519,UW00,BI,BI,2022-01-03
311,1520,UW00,WH,BI,2022-01-02
311,1521,UW00,WH,BI,2022-06-08
311,1522,UW00,WH,BI,2022-01-18
311,1523,UW00,WH,BI,2022-01-04
311,1524,UW00,BI,BI,2022-01-12
311,1525,UW00,BI,BI,2022-04-15
311,1526,UW00,WH,BI,2022-02-11
311,1527,UW00,BI,BI,2022-01-10
311,1528,UW00,BI,BI,2022-03-04
311,1529,UW00,BI,BI,2022-01-11
311,1530,UW00,WH,BI,2022-02-14
311,1531,UW00,BI,BI,2022-04-08
311,1532,UW00,BI,BI,2022-12-10
311,1533,UW00,WH,BI,2022-01-05
311,1534,UW00,WH,BI,2022-01-09
311,1535,UW00,WH,BI,2022-04-17
311,1536,UW00,WH,BI,2022-01-04
311,1537,UW00,BI,BI,2022-02-06
311,1538,UW00,WH,BI,2022-01-05
311,1539,UW00,BI,BI,2022-01-12
311,1540,UW00,WH,BI,2022-03-04
311,1541,UW00,BI,BI,2022-02-04
311,1542,UW00,BI,BI,2022-02-04
311,1543,UW00,WH,BI,2022-01-10
311,1544,UW00,BI,BI,2022-01-27
311,1545,UW00,BI,BI,2022-05-12
311,1546,UW00,WH,BI,2022-01-14
311,1547,UW00,WH,BI,2022-03-01
311,1548,UW00,BI,BI,2022-01-07
311,1549,UW00,WH,BI,2022-02-15
311,1550,UW00,WH,BI,2022-02-19
311,1551,UW00,WH,BI,2022-04-18
311,1552,UW00,WH,BI,2022-01-26
311,1553,UW00,WH,BI,2022-01-31
311,1554,UW00,BI,BI,2022-02-09
311,1555,UW00,WH,BI,2022-01-08
311,1556,UW00,BI,BI,2022-01-28
311,1557,UW00,BI,BI,2022-01-10
311,1558,UW00,BI,BI,2022-01-02
311,1559,UW00,WH,BI,2022-01-01
311,1560,UW00,WH,BI,2022-03-05
311,1561,UW00,WH,BI,2022-01-09
311,1562,UW00,BI,BI,2022-02-20
311,1563,UW00,BI,BI,2022-01-23
311,1564,UW00,BI,BI,2022-02-10
311,1565,UW00,BI,BI,2022-02-13
311,1566,UW00,BI,BI,2022-01-16
311,1567,UW00,WH,BI,2022-01-28
311,1568,UW00,WH,BI,2022-01-08
311,1569,UW00,BI,BI,2022-01-07
311,1570,UW00,WH,BI,2022-09-04
311,1571,UW00,BI,BI,2022-03-01
311,1572,UW00,BI,BI,2022-01-16
311,1573,UW00,BI,BI,2022-02-07
311,1574,UW00,WH,BI,2022-03-20
311,1575,UW00,WH,BI,2022-04-23
311,1576,UW00,WH,BI,2022-07-21
311,1577,UW00,BI,BI,2022-02-26
311,1578,UW00,WH,BI,2022-02-19
311,1579,UW00,WH,BI,2022-01-19
311,1580,UW00,WH,BI,2022-03-04
311,1581,UW00,BI,BI,2022-01-23
311,1582,UW00,WH,BI,2022-02-09
311,1583,UW00,WH,BI,2022-03-05
311,1584,UW00,BI,BI,2022-02-14
311,1585,UW00,WH,BI,2022-01-11
311,1586,UW00,BI,BI,2022-01-23
311,1587,UW00,BI,BI,2022-01-16
311,1588,UW00,WH,BI,2022-03-11
311,1589,UW00,BI,BI,2022-01-04
311,1590,UW00,WH,BI,2022-01-21
311,1591,UW00,BI,BI,2022-03-17
311,1592,UW00,WH,BI,2022-01-07
311,1593,UW00,BI,BI,2022-01-10
311,1594,UW00,WH,BI,2022-01-18
311,1595,UW00,WH,BI,2022-01-24
311,1596,UW00,WH,BI,2022-01-05
311,1597,UW00,WH,BI,2022-09-03
311,1598,UW00,BI,BI,2022-01-14
311,1599,UW00,WH,BI,2022-01-10
311,1600,UW00,WH,BI,2022-09-16
311,1601,UW00,WH,BI,2022-01-26
311,1602,UW00,WH,BI,2022-02-27
311,1603,UW00,BI,BI,2022-01-05
311,1604,UW00,WH,BI,2022-02-23
311,1605,UW00,BI,BI,2022-02-14
311,1606,UW00,WH,BI,2022-02-09
311,1607,UW00,BI,BI,2022-01-12
311,1608,UW00,BI,BI,2022-01-07
311,1609,UW00,BI,BI,2022-03-15
311,1610,UW00,BI,BI,2022-03-23
311,1611,UW00,WH,BI,2022-11-07
311,1612,UW00,BI,BI,2022-03-03
311,1613,UW00,BI,BI,2022-02-03
311,1614,UW00,BI,BI,2022-01-14
311,1615,UW00,WH,BI,2022-06-17
311,1616,UW00,WH,BI,2022-06-12
311,1617,UW00,WH,BI,2022-01-10
311,1618,UW00,BI,BI,2022-02-02
311,1619,UW00,BI,BI,2022-02-02
311,1620,UW00,BI,BI,2022-02-27
311,1621,UW00,BI,BI,2022-10-27
311,1622,UW00,WH,BI,2022-01-07
311,1623,UW00,BI,BI,2022-01-03
311,1624,UW00,WH,BI,2022-01-14
311,1625,UW00,BI,BI,2022-01-27
311,1626,UW00,BI,BI,2022-02-04
311,1627,UW00,BI,BI,2022-07-13
311,1628,UW00,BI,BI,2022-01-10
311,1629,UW00,WH,BI,2022-11-22
311,1630,UW00,BI,BI,2022-02-16
311,1631,UW00,WH,BI,2022-04-14
311,1632,UW00,BI,BI,2022-02-01
311,1633,UW00,WH,BI,2022-12-20
311,1634,UW00,BI,BI,2022-03-19
311,1635,UW00,WH,BI,2022-01-06
311,1636,UW00,BI,BI,2022-05-01
311,1637,UW00,BI,BI,2022-01-29
311,1638,UW00,WH,BI,2022-01-29
311,1639,UW00,WH,BI,2022-05-06
311,1640,UW00,WH,BI,2022-01-23
311,1641,UW00,WH,BI,2022-01-03
311,1642,UW00,BI,BI,2022-01-03
311,1643,UW00,BI,BI,2022-01-23
311,1644,UW00,BI,BI,2022-01-22
311,1645,UW00,WH,BI,2022-03-07
311,1646,UW00,WH,BI,2022-04-08
311,1647,UW00,BI,BI,2022-01-28
311,1648,UW00,BI,BI,2022-04-21
311,1649,UW00,WH,BI,2022-01-27
311,1650,UW00,WH,BI,2022-05-03
311,1651,UW00,BI,BI,2022-03-25
311,1652,UW00,BI,BI,2022-01-16
311,1653,UW00,BI,BI,2022-04-20
311,1654,UW00,BI,BI,2022-06-26
311,1655,UW00,BI,BI,2022-02-01
311,1656,UW00,WH,BI,2022-06-24
311,1657,UW00,WH,BI,2022-03-10
311,1658,UW00,BI,BI,2022-01-18
311,1659,UW00,BI,BI,2022-12-02
311,1660,UW00,WH,BI,2022-01-04
311,1661,UW00,WH,BI,2022-02-26
311,1662,UW00,BI,BI,2022-01-26
311,1663,UW00,WH,BI,2022-01-10
311,1664,UW00,WH,BI,2022-03-13
311,1665,UW00,BI,BI,2022-02-26
311,1666,UW00,BI,BI,2022-03-19
311,1667,UW00,BI,BI,2022-01-07
311,1668,UW00,BI,BI,2022-02-05
311,1669,UW00,WH,BI,2022-01-21
311,1670,UW00,WH,BI,2022-02-05
311,1671,UW00,BI,BI,2022-03-04
311,1672,UW00,WH,BI,2022-03-11
311,1673,UW00,BI,BI,2022-05-01
311,1674,UW00,BI,BI,2022-03-02
311,1675,UW00,BI,BI,2022-01-28
311,1676,UW00,BI,BI,2022-02-09
311,1677,UW00,WH,BI,2022-01-13
311,1678,UW00,BI,BI,2022-02-12
311,1679,UW00,WH,BI,2022-05-30
311,1680,UW00,WH,BI,2022-01-17
311,1681,UW00,BI,BI,2022-02-18
311,1682,UW00,BI,BI,2022-01-30
311,1683,UW00,WH,BI,2022-01-04
311,1684,UW00,BI,BI,2022-01-19
311,1685,UW00,BI,BI,2022-01-28
311,1686,UW00,BI,BI,2022-09-19
311,1687,UW00,WH,BI,2022-02-01
311,1688,UW00,WH,BI,2022-01-03
311,1689,UW00,WH,BI,2022-02-17
311,1690,UW00,BI,BI,2022-02-23
311,1691,UW00,BI,BI,2022-04-19
311,1692,UW00,BI,BI,2022-01-26
311,1693,UW00,BI,BI,2022-01-19
311,1694,UW00,WH,BI,2022-01-17
311,1695,UW00,WH,BI,2022-06-01
311,1696,UW00,BI,BI,2022-01-10
311,1697,UW00,WH,BI,2022-01-16
311,1698,UW00,WH,BI,2022-04-07
311,1699,UW00,WH,BI,2022-01-20
311,1700,UW00,WH,BI,2022-01-05
311,1701,UW00,BI,BI,2022-01-17
311,1702,UW00,BI,BI,2022-01-20
311,1703,UW00,BI,BI,2022-02-16
311,1704,UW00,WH,BI,2022-02-23
311,1705,UW00,WH,BI,2022-02-02
311,1706,UW00,BI,BI,2022-03-26
311,1707,UW00,BI,BI,2022-02-16
311,1708,UW00,WH,BI,2022-03-08
311,1709,UW00,BI,BI,2022-05-01
311,1710,UW00,BI,BI,2022-02-16
311,1711,UW00,BI,BI,2022-01-02
311,1712,UW00,BI,BI,2022-01-01
311,1713,UW00,BI,BI,2022-01-26
311,1714,UW00,BI,BI,2022-01-11
311,1715,UW00,WH,BI,2022-02-17
311,1716,UW00,BI,BI,2022-09-24
311,1717,UW00,BI,BI,2022-01-08
311,1718,UW00,WH,BI,2022-01-31
311,1719,UW00,BI,BI,2022-02-24
311,1720,UW00,BI,BI,2022-01-12
311,1721,UW00,WH,BI,2022-01-01
311,1722,UW00,BI,BI,2022-01-13
311,1723,UW00,BI,BI,2022-03-03
311,1724,UW00,WH,BI,2022-03-08
311,1725,UW00,WH,BI,2022-01-23
311,1726,UW00,BI,BI,2022-01-05
311,1727,UW00,WH,BI,2022-01-20
311,1728,UW00,BI,BI,2022-05-07
311,1729,UW00,WH,BI,2022-01-04
311,1730,UW00,WH,BI,2022-02-04
311,1731,UW00,WH,BI,2022-01-20
311,1732,UW00,WH,BI,2022-05-26
311,1733,UW00,WH,BI,2022-01-13
311,1734,UW00,WH,BI,2022-03-03
311,1735,UW00,BI,BI,2022-01-25
311,1736,UW00,BI,BI,2022-03-31
311,1737,UW00,BI,BI,2022-01-09
311,1738,UW00,WH,BI,2022-08-24
311,1739,UW00,BI,BI,2022-03-26
311,1740,UW00,WH,BI,2022-05-19
311,1741,UW00,BI,BI,2022-02-19
311,1742,UW00,BI,BI,2022-02-02
311,1743,UW00,WH,BI,2022-02-07
311,1744,UW00,WH,BI,2022-01-18
311,1745,UW00,WH,BI,2022-01-11
311,1746,UW00,BI,BI,2022-01-03
311,1747,UW00,BI,BI,2022-05-24
311,1748,UW00,BI,BI,2022-04-19
311,1749,UW00,BI,BI,2022-05-24
311,1750,UW00,WH,BI,2022-01-01
311,1751,UW00,BI,BI,2022-03-10
311,1752,UW00,BI,BI,2022-01-06
311,1753,UW00,BI,BI,2022-04-08
311,1754,UW00,BI,BI,2022-01-31
311,1755,UW00,BI,BI,2022-02-06
311,1756,UW00,WH,BI,2022-01-06
311,1757,UW00,WH,BI,2022-03-18
311,1758,UW00,BI,BI,2023-03-29
311,1759,UW00,BI,BI,2022-01-01
311,1760,UW00,WH,BI,2022-03-26
311,1761,UW00,BI,BI,2022-01-16
311,1762,UW00,BI,BI,2022-03-08
311,1763,UW00,WH,BI,2022-01-12
311,1764,UW00,BI,BI,2022-01-11
311,1765,UW00,BI,BI,2022-01-30
311,1766,UW00,BI,BI,2022-01-13
311,1767,UW00,BI,BI,2022-06-26
311,1768,UW00,BI,BI,2022-01-19
311,1769,UW00,BI,BI,2022-01-15
311,1770,UW00,WH,BI,2022-01-27
311,1771,UW00,BI,BI,2022-01-16
311,1772,UW00,BI,BI,2022-01-25
311,1773,UW00,BI,BI,2022-02-05
311,1774,UW00,WH,BI,2022-01-01
311,1775,UW00,BI,BI,2022-01-05
311,1776,UW00,WH,BI,2022-02-10
311,1777,UW00,BI,BI,2022-02-26
311,1778,UW00,WH,BI,2022-01-06
311,1779,UW00,BI,BI,2022-01-03
311,1780,UW00,BI,BI,2022-01-28
311,1781,UW00,BI,BI,2022-01-09
311,1782,UW00,BI,BI,2022-01-10
311,1783,UW00,WH,BI,2022-01-05
311,1784,UW00,WH,BI,2022-01-19
311,1785,UW00,BI,BI,2022-02-15
311,1786,UW00,BI,BI,2022-07-17
311,1787,UW00,WH,BI,2022-02-15
311,1788,UW00,WH,BI,2022-05-12
311,1789,UW00,WH,BI,2022-01-12
311,1790,UW00,WH,BI,2022-01-21
311,1791,UW00,WH,BI,2022-01-23
311,1792,UW00,WH,BI,2022-02-07
311,1793,UW00,WH,BI,2022-02-11
311,1794,UW00,WH,BI,2022-02-20
311,1795,UW00,WH,BI,2023-01-18
311,1796,UW00,BI,BI,2022-01-25
311,1797,UW00,BI,BI,2022-01-08
311,1798,UW00,BI,BI,2022-03-23
311,1799,UW00,WH,BI,2022-03-04
311,1800,UW00,WH,BI,2022-03-06
311,1801,UW00,WH,BI,2022-06-14
311,1802,UW00,WH,BI,2022-03-10
311,1803,UW00,BI,BI,2022-01-17
311,1804,UW00,BI,BI,2022-01-21
311,1805,UW00,BI,BI,2022-01-03
311,1806,UW00,WH,BI,2022-04-04
311,1807,UW00,BI,BI,2022-01-19
311,1808,UW00,BI,BI,2022-01-01
311,1809,UW00,BI,BI,2022-01-08
311,1810,UW00,WH,BI,2022-04-30
311,1811,UW00,WH,BI,2022-01-25
311,1812,UW00,WH,BI,2022-05-02
311,1813,UW00,WH,BI,2022-03-04
311,1814,UW00,WH,BI,2022-01-18
311,1815,UW00,BI,BI,2022-02-26
311,1816,UW00,WH,BI,2022-03-22
311,1817,UW00,WH,BI,2022-01-27
311,1818,UW00,BI,BI,2022-02-25
311,1819,UW00,BI,BI,2022-01-18
311,1820,UW00,WH,BI,2022-01-08
311,1821,UW00,BI,BI,2022-01-11
311,1822,UW00,WH,BI,2022-01-03
311,1823,UW00,WH,BI,2022-02-12
311,1824,UW00,BI,BI,2022-01-14
311,1825,UW00,WH,BI,2022-01-23
311,1826,UW00,BI,BI,2022-04-15
311,1827,UW00,BI,BI,2022-02-17
311,1828,UW00,BI,BI,2022-01-07
311,1829,UW00,BI,BI,2022-01-21
311,1830,UW00,WH,BI,2022-01-15
311,1831,UW00,BI,BI,2022-06-16
311,1832,UW00,BI,BI,2022-05-03
311,1833,UW00,WH,BI,2022-01-16
311,1834,UW00,WH,BI,2022-01-16
311,1835,UW00,BI,BI,2022-01-06
311,1836,UW00,WH,BI,2022-01-09
311,1837,UW00,BI,BI,2022-01-20
311,1838,UW00,BI,BI,2022-01-20
311,1839,UW00,WH,BI,2022-01-26
311,1840,UW00,WH,BI,2022-01-04
311,1841,UW00,BI,BI,2022-01-31
311,1842,UW00,BI,BI,2022-01-04
311,1843,UW00,WH,BI,2022-03-10
311,1844,UW00,WH,BI,2022-01-31
311,1845,UW00,BI,BI,2022-02-11
311,1846,UW00,BI,BI,2022-01-01
311,1847,UW00,BI,BI,2022-03-29
311,1848,UW00,WH,BI,2022-01-13
311,1849,UW00,BI,BI,2022-10-12
311,1850,UW00,WH,BI,2022-07-09
311,1851,UW00,WH,BI,2022-01-15
311,1852,UW00,WH,BI,2022-03-21
311,1853,UW00,BI,BI,2022-02-24
311,1854,UW00,BI,BI,2022-04-26
311,1855,UW00,WH,BI,2022-01-01
311,1856,UW00,WH,BI,2022-04-24
311,1857,UW00,BI,BI,2022-02-02
311,1858,UW00,BI,BI,2022-02-18
311,1859,UW00,WH,BI,2022-04-11
311,1860,UW00,BI,BI,2022-07-01
311,1861,UW00,BI,BI,2022-01-23
311,1862,UW00,BI,BI,2022-01-17
311,1863,UW00,BI,BI,2022-03-04
311,1864,UW00,WH,BI,2022-04-22
311,1865,UW00,BI,BI,2022-01-12
311,1866,UW00,BI,BI,2022-01-16
311,1867,UW00,WH,BI,2022-01-27
311,1868,UW00,WH,BI,2022-01-25
311,1869,UW00,WH,BI,2022-05-11
311,1870,UW00,BI,BI,2022-03-02
311,1871,UW00,BI,BI,2022-02-24
311,1872,UW00,WH,BI,2022-01-03
311,1873,UW00,BI,BI,2022-05-11
311,1874,UW00,BI,BI,2022-02-01
311,1875,UW00,WH,BI,2022-01-09
311,1876,UW00,BI,BI,2022-01-04
311,1877,UW00,BI,BI,2022-02-25
311,1878,UW00,WH,BI,2022-01-09
311,1879,UW00,WH,BI,2022-03-14
311,1880,UW00,WH,BI,2022-03-02
311,1881,UW00,BI,BI,2022-02-20
311,1882,UW00,WH,BI,2022-03-01
311,1883,UW00,BI,BI,2022-01-25
311,1884,UW00,BI,BI,2022-01-03
311,1885,UW00,BI,BI,2022-01-20
311,1886,UW00,BI,BI,2022-01-19
311,1887,UW00,WH,BI,2022-01-14
311,1888,UW00,WH,BI,2022-01-03
311,1889,UW00,WH,BI,2022-01-03
311,1890,UW00,BI,BI,2022-01-26
311,1891,UW00,BI,BI,2022-02-05
311,1892,UW00,WH,BI,2022-01-11
311,1893,UW00,WH,BI,2022-01-03
311,1894,UW00,WH,BI,2022-10-04
311,1895,UW00,WH,BI,2022-03-13
311,1896,UW00,WH,BI,2022-01-10
311,1897,UW00,WH,BI,2022-01-26
311,1898,UW00,BI,BI,2022-02-05
311,1899,UW00,BI,BI,2022-01-21
311,1900,UW00,WH,BI,2022-01-08
311,1901,UW00,WH,BI,2022-03-26
311,1902,UW00,BI,BI,2022-01-05
311,1903,UW00,WH,BI,2022-01-15
311,1904,UW00,BI,BI,2022-03-20
311,1905,UW00,WH,BI,2022-04-08
311,1906,UW00,BI,BI,2022-01-21
311,1907,UW00,WH,BI,2022-04-20
311,1908,UW00,BI,BI,2022-01-22
311,1909,UW00,BI,BI,2022-01-04
311,1910,UW00,WH,BI,2022-01-19
311,1911,UW00,BI,BI,2022-06-18
311,1912,UW00,BI,BI,2022-02-18
311,1913,UW00,WH,BI,2022-04-30
311,1914,UW00,BI,BI,2022-06-26
311,1915,UW00,BI,BI,2022-01-14
311,1916,UW00,WH,BI,2022-01-01
311,1917,UW00,WH,BI,2022-01-26
311,1918,UW00,WH,BI,2022-01-03
311,1919,UW00,WH,BI,2022-06-01
311,1920,UW00,BI,BI,2022-01-07
311,1921,UW00,BI,BI,2022-01-19
311,1922,UW00,WH,BI,2022-03-01
311,1923,UW00,WH,BI,2022-05-04
311,1924,UW00,WH,BI,2022-08-25
311,1925,UW00,BI,BI,2022-07-23
311,1926,UW00,WH,BI,2022-03-20
311,1927,UW00,BI,BI,2022-01-04
311,1928,UW00,BI,BI,2022-01-01
311,1929,UW00,WH,BI,2022-02-16
311,1930,UW00,WH,BI,2022-05-31
311,1931,UW00,BI,BI,2022-02-20
311,1932,UW00,BI,BI,2022-11-01
311,1933,UW00,BI,BI,2022-03-31
311,1934,UW00,BI,BI,2022-02-24
311,1935,UW00,BI,BI,2022-01-02
311,1936,UW00,BI,BI,2022-01-29
311,1937,UW00,WH,BI,2022-01-08
311,1938,UW00,WH,BI,2022-01-24
311,1939,UW00,BI,BI,2022-04-13
311,1940,UW00,WH,BI,2022-07-06
311,1941,UW00,WH,BI,2022-02-10
311,1942,UW00,BI,BI,2022-01-15
311,1943,UW00,WH,BI,2022-01-06
311,1944,UW00,WH,BI,2023-01-07
311,1945,UW00,WH,BI,2022-02-08
311,1946,UW00,WH,BI,2022-01-02
311,1947,UW00,BI,BI,2022-01-01
311,1948,UW00,BI,BI,2022-01-03
311,1949,UW00,BI,BI,2022-02-16
311,1950,UW00,BI,BI,2022-01-24
311,1951,UW00,WH,BI,2022-01-19
311,1952,UW00,WH,BI,2022-02-18
311,1953,UW00,BI,BI,2022-01-01
311,1954,UW00,BI,BI,2022-01-04
311,1955,UW00,WH,BI,2022-04-23
311,1956,UW00,BI,BI,2022-01-22
311,1957,UW00,WH,BI,2022-01-03
311,1958,UW00,WH,BI,2022-03-23
311,1959,UW00,WH,BI,2022-01-24
311,1960,UW00,BI,BI,2022-01-19
311,1961,UW00,WH,BI,2022-01-13
311,1962,UW00,WH,BI,2022-03-14
311,1963,UW00,WH,BI,2022-01-13
311,1964,UW00,WH,BI,2022-06-16
311,1965,UW00,WH,BI,2022-01-05
311,1966,UW00,WH,BI,2022-04-18
311,1967,UW00,BI,BI,2022-02-24
311,1968,UW00,WH,BI,2022-01-10
311,1969,UW00,WH,BI,2023-06-20
311,1970,UW00,WH,BI,2022-01-13
311,1971,UW00,BI,BI,2022-01-18
311,1972,UW00,BI,BI,2022-04-11
311,1973,UW00,WH,BI,2023-03-15
311,1974,UW00,WH,BI,2022-03-03
311,1975,UW00,WH,BI,2022-01-29
311,1976,UW00,WH,BI,2022-01-15
311,1977,UW00,BI,BI,2022-01-12
311,1978,UW00,WH,BI,2022-06-01
311,1979,UW00,BI,BI,2022-10-06
311,1980,UW00,BI,BI,2022-02-17
311,1981,UW00,WH,BI,2022-01-24
311,1982,UW00,BI,BI,2022-03-04
311,1983,UW00,WH,BI,2022-01-10
311,1984,UW00,WH,BI,2022-03-08
311,1985,UW00,BI,BI,2022-01-12
311,1986,UW00,BI,BI,2022-08-06
311,1987,UW00,BI,BI,2022-01-13
311,1988,UW00,WH,BI,2022-04-11
311,1989,UW00,WH,BI,2022-03-05
311,1990,UW00,BI,BI,2022-01-03
311,1991,UW00,BI,BI,2022-02-18
311,1992,UW00,WH,BI,2022-01-02
311,1993,UW00,BI,BI,2022-01-15
311,1994,UW00,BI,BI,2022-01-20
311,1995,UW00,BI,BI,2022-01-25
311,1996,UW00,BI,BI,2022-02-18
311,1997,UW00,BI,BI,2022-03-13
311,1998,UW00,WH,BI,2022-03-31
311,1999,UW00,BI,BI,2022-02-02
311,2000,UW00,BI,BI,2022-03-09
311,2001,UW00,WH,BI,2022-01-08
311,2002,UW00,BI,BI,2022-03-05
311,2003,UW00,WH,BI,2022-03-12
311,2004,UW00,WH,BI,2022-01-28
311,2005,UW00,BI,BI,2022-01-29
311,2006,UW00,WH,BI,2022-07-31
311,2007,UW00,BI,BI,2022-02-20
311,2008,UW00,WH,BI,2022-01-04
311,2009,UW00,BI,BI,2022-01-28
311,2010,UW00,BI,BI,2022-03-17
311,2011,UW00,WH,BI,2022-02-11
311,2012,UW00,BI,BI,2022-01-01
311,2013,UW00,WH,BI,2022-02-03
311,2014,UW00,BI,BI,2022-09-18
311,2015,UW00,WH,BI,2022-01-19
311,2016,UW00,BI,BI,2022-01-24
311,2017,UW00,WH,BI,2022-02-02
311,2018,UW00,BI,BI,2022-03-01
311,2019,UW00,BI,BI,2022-09-10
311,2020,UW00,WH,BI,2022-02-17
311,2021,UW00,WH,BI,2022-05-30
311,2022,UW00,WH,BI,2022-03-02
311,2023,UW00,BI,BI,2022-04-17
311,2024,UW00,BI,BI,2022-03-14
311,2025,UW00,WH,BI,2022-01-22
311,2026,UW00,WH,BI,2022-02-25
311,2027,UW00,WH,BI,2022-01-17
311,2028,UW00,WH,BI,2022-01-31
311,2029,UW00,BI,BI,2023-11-01
311,2030,UW00,WH,BI,2022-02-27
311,2031,UW00,BI,BI,2022-02-04
311,2032,UW00,BI,BI,2022-01-27
311,2033,UW00,WH,BI,2022-01-02
311,2034,UW00,WH,BI,2022-01-09
311,2035,UW00,WH,BI,2022-01-05
311,2036,UW00,WH,BI,2022-01-12
311,2037,UW00,BI,BI,2022-01-16
311,2038,UW00,WH,BI,2022-03-08
311,2039,UW00,WH,BI,2022-02-02
311,2040,UW00,BI,BI,2022-01-25
311,2041,UW00,WH,BI,2022-03-01
311,2042,UW00,BI,BI,2022-01-13
311,2043,UW00,BI,BI,2022-07-02
311,2044,UW00,BI,BI,2022-01-29
311,2045,UW00,BI,BI,2022-01-16
311,2046,UW00,BI,BI,2022-01-20
311,2047,UW00,BI,BI,2022-01-07
311,2048,UW00,BI,BI,2022-05-12
311,2049,UW00,BI,BI,2022-01-11
311,2050,UW00,BI,BI,2022-01-13
311,2051,UW00,BI,BI,2022-01-01
311,2052,UW00,WH,BI,2022-01-05
311,2053,UW00,BI,BI,2022-01-28
311,2054,UW00,BI,BI,2022-03-05
311,2055,UW00,WH,BI,2022-01-09
311,2056,UW00,BI,BI,2022-10-09
311,2057,UW00,BI,BI,2022-01-23
311,2058,UW00,BI,BI,2022-02-10
311,2059,UW00,WH,BI,2022-03-12
311,2060,UW00,WH,BI,2022-03-13
311,2061,UW00,WH,BI,2022-01-17
311,2062,UW00,WH,BI,2022-12-07
311,2063,UW00,BI,BI,2022-03-09
311,2064,UW00,BI,BI,2022-01-02
311,2065,UW00,BI,BI,2022-01-26
311,2066,UW00,WH,BI,2022-04-23
311,2067,UW00,WH,BI,2022-01-10
311,2068,UW00,BI,BI,2022-03-23
311,2069,UW00,WH,BI,2022-02-08
311,2070,UW00,BI,BI,2022-04-25
311,2071,UW00,WH,BI,2022-01-22
311,2072,UW00,BI,BI,2022-06-19
311,2073,UW00,BI,BI,2022-01-06
311,2074,UW00,BI,BI,2022-01-06
311,2075,UW00,BI,BI,2022-01-09
311,2076,UW00,BI,BI,2022-01-06
311,2077,UW00,BI,BI,2022-01-18
311,2078,UW00,WH,BI,2022-05-06
311,2079,UW00,BI,BI,2022-01-29
311,2080,UW00,WH,BI,2022-01-16
311,2081,UW00,WH,BI,2022-12-10
311,2082,UW00,BI,BI,2022-02-05
311,2083,UW00,WH,BI,2022-01-18
311,2084,UW00,WH,BI,2022-02-07
311,2085,UW00,WH,BI,2022-02-19
311,2086,UW00,WH,BI,2022-01-24
311,2087,UW00,WH,BI,2022-03-13
311,2088,UW00,WH,BI,2022-04-30
311,2089,UW00,BI,BI,2022-01-12
311,2090,UW00,WH,BI,2022-01-04
311,2091,UW00,WH,BI,2022-08-07
311,2092,UW00,WH,BI,2022-01-05
311,2093,UW00,WH,BI,2022-05-14
311,2094,UW00,WH,BI,2022-02-25
311,2095,UW00,WH,BI,2022-04-23
311,2096,UW00,BI,BI,2022-01-07
311,2097,UW00,BI,BI,2022-08-31
311,2098,UW00,WH,BI,2022-07-24
311,2099,UW00,BI,BI,2022-01-15
311,2100,UW00,BI,BI,2022-01-07
311,2101,UW00,WH,BI,2022-02-22
311,2102,UW00,WH,BI,2022-02-06
311,2103,UW00,BI,BI,2022-01-29
311,2104,UW00,WH,BI,2022-01-30
311,2105,UW00,WH,BI,2022-01-15
311,2106,UW00,BI,BI,2022-02-19
311,2107,UW00,BI,BI,2022-01-02
311,2108,UW00,WH,BI,2022-01-01
311,2109,UW00,BI,BI,2022-02-05
311,2110,UW00,WH,BI,2022-01-04
311,2111,UW00,WH,BI,2022-01-02
311,2112,UW00,WH,BI,2022-01-22
311,2113,UW00,WH,BI,2022-01-08
311,2114,UW00,WH,BI,2022-04-11
311,2115,UW00,WH,BI,2022-02-20
311,2116,UW00,BI,BI,2022-04-14
311,2117,UW00,BI,BI,2022-02-08
311,2118,UW00,BI,BI,2022-02-04
311,2119,UW00,BI,BI,2022-01-21
311,2120,UW00,WH,BI,2022-05-12
311,2121,UW00,BI,BI,2022-02-18
311,2122,UW00,BI,BI,2022-03-24
311,2123,UW00,BI,BI,2022-01-15
311,2124,UW00,WH,BI,2022-02-17
311,2125,UW00,WH,BI,2023-09-16
311,2126,UW00,BI,BI,2022-02-01
311,2127,UW00,WH,BI,2022-01-04
311,2128,UW00,WH,BI,2022-02-16
311,2129,UW00,WH,BI,2022-03-07
311,2130,UW00,BI,BI,2022-01-11
311,2131,UW00,BI,BI,2022-02-15
311,2132,UW00,BI,BI,2022-01-29
311,2133,UW00,BI,BI,2022-01-18
311,2134,UW00,WH,BI,2022-01-09
311,2135,UW00,WH,BI,2022-02-06
311,2136,UW00,WH,BI,2022-01-06
311,2137,UW00,WH,BI,2022-03-18
311,2138,UW00,BI,BI,2022-02-12
311,2139,UW00,BI,BI,2022-01-11
311,2140,UW00,BI,BI,2022-01-30
311,2141,UW00,WH,BI,2022-02-04
311,2142,UW00,WH,BI,2023-06-21
311,2143,UW00,WH,BI,2022-02-10
311,2144,UW00,WH,BI,2022-01-21
311,2145,UW00,BI,BI,2022-01-01
311,2146,UW00,BI,BI,2022-03-18
311,2147,UW00,WH,BI,2022-02-03
311,2148,UW00,WH,BI,2022-01-09
311,2149,UW00,BI,BI,2022-01-31
311,2150,UW00,WH,BI,2022-02-06
311,2151,UW00,WH,BI,2022-04-03
311,2152,UW00,BI,BI,2022-01-21
311,2153,UW00,WH,BI,2022-01-06
311,2154,UW00,WH,BI,2022-06-01
311,2155,UW00,WH,BI,2022-01-02
311,2156,UW00,BI,BI,2022-06-28
311,2157,UW00,WH,BI,2022-01-26
311,2158,UW00,BI,BI,2022-01-03
311,2159,UW00,WH,BI,2022-01-09
311,2160,UW00,WH,BI,2022-01-15
311,2161,UW00,BI,BI,2022-06-11
311,2162,UW00,BI,BI,2022-02-13
311,2163,UW00,BI,BI,2022-01-04
311,2164,UW00,WH,BI,2022-01-16
311,2165,UW00,WH,BI,2022-01-30
311,2166,UW00,BI,BI,2022-04-15
311,2167,UW00,WH,BI,2022-01-25
311,2168,UW00,WH,BI,2022-02-04
311,2169,UW00,BI,BI,2022-01-16
311,2170,UW00,WH,BI,2022-01-01
311,2171,UW00,WH,BI,2022-01-18
311,2172,UW00,BI,BI,2022-05-06
311,2173,UW00,BI,BI,2022-07-13
311,2174,UW00,BI,BI,2022-01-24
311,2175,UW00,WH,BI,2022-08-05
311,2176,UW00,BI,BI,2022-01-17
311,2177,UW00,BI,BI,2022-01-18
311,2178,UW00,BI,BI,2022-02-12
311,2179,UW00,WH,BI,2022-05-01
311,2180,UW00,BI,BI,2022-03-30
311,2181,UW00,BI,BI,2022-02-01
311,2182,UW00,BI,BI,2022-03-25
311,2183,UW00,WH,BI,2022-01-05
311,2184,UW00,BI,BI,2022-03-27
311,2185,UW00,WH,BI,2022-01-27
311,2186,UW00,BI,BI,2022-03-03
311,2187,UW00,WH,BI,2022-01-16
311,2188,UW00,WH,BI,2022-02-24
311,2189,UW00,WH,BI,2022-01-01
311,2190,UW00,BI,BI,2022-04-23
311,2191,UW00,WH,BI,2022-01-12
311,2192,UW00,BI,BI,2022-01-03
311,2193,UW00,WH,BI,2022-01-10
311,2194,UW00,BI,BI,2022-04-03
311,2195,UW00,BI,BI,2022-06-07
311,2196,UW00,BI,BI,2022-07-02
311,2197,UW00,WH,BI,2022-05-22
311,2198,UW00,WH,BI,2022-01-07
311,2199,UW00,WH,BI,2022-01-10
311,2200,UW00,BI,BI,2022-01-25
311,2201,UW00,BI,BI,2022-02-10
311,2202,UW00,BI,BI,2022-02-10
311,2203,UW00,BI,BI,2022-01-09
311,2204,UW00,WH,BI,2022-04-01
311,2205,UW00,WH,BI,2022-01-20
311,2206,UW00,WH,BI,2022-03-06
311,2207,UW00,WH,BI,2022-02-02
311,2208,UW00,BI,BI,2022-04-14
311,2209,UW00,BI,BI,2022-01-29
311,2210,UW00,BI,BI,2022-01-02
311,2211,UW00,WH,BI,2022-02-06
311,2212,UW00,WH,BI,2022-02-02
311,2213,UW00,WH,BI,2022-01-03
311,2214,UW00,BI,BI,2022-01-30
311,2215,UW00,WH,BI,2022-01-10
311,2216,UW00,BI,BI,2022-02-16
311,2217,UW00,BI,BI,2022-05-06
311,2218,UW00,WH,BI,2022-01-06
311,2219,UW00,BI,BI,2022-01-17
311,2220,UW00,BI,BI,2022-01-02
311,2221,UW00,BI,BI,2022-02-16
311,2222,UW00,WH,BI,2022-01-22
311,2223,UW00,WH,BI,2022-01-18
311,2224,UW00,WH,BI,2022-03-04
311,2225,UW00,BI,BI,2022-07-19
311,2226,UW00,WH,BI,2022-01-01
311,2227,UW00,WH,BI,2022-07-02
311,2228,UW00,BI,BI,2022-02-24
311,2229,UW00,BI,BI,2022-01-14
311,2230,UW00,BI,BI,2022-05-01
311,2231,UW00,BI,BI,2022-01-13
311,2232,UW00,WH,BI,2022-12-22
311,2233,UW00,WH,BI,2022-01-06
311,2234,UW00,WH,BI,2022-01-08
311,2235,UW00,BI,BI,2022-01-02
311,2236,UW00,BI,BI,2022-01-31
311,2237,UW00,BI,BI,2022-03-24
311,2238,UW00,BI,BI,2023-06-21
311,2239,UW00,BI,BI,2022-01-13
311,2240,UW00,WH,BI,2022-11-09
311,2241,UW00,BI,BI,2022-02-11
311,2242,UW00,BI,BI,2022-01-06
311,2243,UW00,WH,BI,2022-02-15
311,2244,UW00,BI,BI,2022-01-19
311,2245,UW00,WH,BI,2022-01-01
311,2246,UW00,BI,BI,2022-01-25
311,2247,UW00,WH,BI,2022-02-02
311,2248,UW00,WH,BI,2022-02-22
311,2249,UW00,BI,BI,2022-03-09
311,2250,UW00,WH,BI,2022-01-09
311,2251,UW00,BI,BI,2022-10-26
311,2252,UW00,BI,BI,2022-01-04
311,2253,UW00,BI,BI,2022-04-19
311,2254,UW00,BI,BI,2022-05-17
311,2255,UW00,BI,BI,2022-01-07
311,2256,UW00,BI,BI,2022-02-11
311,2257,UW00,BI,BI,2022-01-14
311,2258,UW00,WH,BI,2022-01-12
311,2259,UW00,BI,BI,2022-03-07
311,2260,UW00,BI,BI,2022-01-31
311,2261,UW00,WH,BI,2022-01-06
311,2262,UW00,BI,BI,2022-03-23
311,2263,UW00,BI,BI,2022-01-25
311,2264,UW00,WH,BI,2022-02-11
311,2265,UW00,BI,BI,2022-01-23
311,2266,UW00,BI,BI,2022-01-01
311,2267,UW00,BI,BI,2022-02-06
311,2268,UW00,BI,BI,2022-02-12
311,2269,UW00,WH,BI,2022-03-09
311,2270,UW00,BI,BI,2022-01-15
311,2271,UW00,BI,BI,2022-03-01
311,2272,UW00,BI,BI,2022-10-01
311,2273,UW00,BI,BI,2022-02-14
311,2274,UW00,BI,BI,2022-02-19
311,2275,UW00,WH,BI,2022-03-18
311,2276,UW00,WH,BI,2022-01-05
311,2277,UW00,WH,BI,2022-06-21
311,2278,UW00,WH,BI,2022-03-02
311,2279,UW00,BI,BI,2022-03-17
311,2280,UW00,WH,BI,2022-01-07
311,2281,UW00,BI,BI,2022-03-12
311,2282,UW00,BI,BI,2022-02-08
311,2283,UW00,WH,BI,2022-01-22
311,2284,UW00,BI,BI,2022-02-22
311,2285,UW00,BI,BI,2022-01-27
311,2286,UW00,WH,BI,2022-01-06
311,2287,UW00,BI,BI,2022-01-02
311,2288,UW00,WH,BI,2022-03-07
311,2289,UW00,BI,BI,2022-02-17
311,2290,UW00,WH,BI,2022-01-17
311,2291,UW00,BI,BI,2023-01-18
311,2292,UW00,BI,BI,2022-01-16
311,2293,UW00,WH,BI,2022-05-31
311,2294,UW00,BI,BI,2022-05-27
311,2295,UW00,BI,BI,2022-02-27
311,2296,UW00,BI,BI,2022-02-26
311,2297,UW00,BI,BI,2022-03-21
311,2298,UW00,WH,BI,2022-02-07
311,2299,UW00,BI,BI,2022-01-22
311,2300,UW00,WH,BI,2022-01-23
311,2301,UW00,WH,BI,2022-02-06
311,2302,UW00,WH,BI,2022-01-01
311,2303,UW00,BI,BI,2022-03-02
311,2304,UW00,WH,BI,2022-01-19
311,2305,UW00,WH,BI,2022-01-28
311,2306,UW00,BI,BI,2022-01-08
311,2307,UW00,BI,BI,2022-04-19
311,2308,UW00,BI,BI,2022-01-23
311,2309,UW00,WH,BI,2022-04-19
311,2310,UW00,WH,BI,2022-02-16
311,2311,UW00,WH,BI,2022-01-22
311,2312,UW00,BI,BI,2022-05-16
311,2313,UW00,WH,BI,2022-01-25
311,2314,UW00,WH,BI,2022-11-01
311,2315,UW00,BI,BI,2022-10-14
311,2316,UW00,BI,BI,2022-01-30
311,2317,UW00,BI,BI,2022-01-06
311,2318,UW00,BI,BI,2022-01-04
311,2319,UW00,WH,BI,2022-03-06
311,2320,UW00,BI,BI,2022-01-04
311,2321,UW00,WH,BI,2022-01-06
311,2322,UW00,BI,BI,2022-01-20
311,2323,UW00,WH,BI,2022-02-17
311,2324,UW00,BI,BI,2022-02-27
311,2325,UW00,BI,BI,2022-04-29
311,2326,UW00,WH,BI,2022-03-22
311,2327,UW00,WH,BI,2022-03-19
311,2328,UW00,WH,BI,2022-01-15
311,2329,UW00,BI,BI,2022-02-24
311,2330,UW00,BI,BI,2022-02-13
311,2331,UW00,BI,BI,2022-01-21
311,2332,UW00,BI,BI,2022-01-11
311,2333,UW00,WH,BI,2022-03-11
311,2334,UW00,BI,BI,2022-01-15
311,2335,UW00,BI,BI,2022-02-11
311,2336,UW00,BI,BI,2022-02-09
311,2337,UW00,WH,BI,2022-01-07
311,2338,UW00,BI,BI,2022-01-14
311,2339,UW00,BI,BI,2022-01-04
311,2340,UW00,BI,BI,2022-06-18
311,2341,UW00,WH,BI,2022-02-04
311,2342,UW00,BI,BI,2022-06-05
311,2343,UW00,WH,BI,2022-01-06
311,2344,UW00,WH,BI,2022-09-05
311,2345,UW00,WH,BI,2022-01-06
311,2346,UW00,BI,BI,2022-02-15
311,2347,UW00,WH,BI,2022-01-08
311,2348,UW00,WH,BI,2022-01-01
311,2349,UW00,WH,BI,2022-02-16
311,2350,UW00,WH,BI,2022-03-14
311,2351,UW00,WH,BI,2022-02-08
311,2352,UW00,BI,BI,2022-04-01
311,2353,UW00,BI,BI,2022-01-30
311,2354,UW00,BI,BI,2022-02-25
311,2355,UW00,WH,BI,2022-01-30
311,2356,UW00,BI,BI,2022-02-17
311,2357,UW00,WH,BI,2022-01-12
311,2358,UW00,WH,BI,2022-02-22
311,2359,UW00,BI,BI,2022-04-03
311,2360,UW00,BI,BI,2022-01-17
311,2361,UW00,WH,BI,2022-02-22
311,2362,UW00,WH,BI,2022-04-24
311,2363,UW00,BI,BI,2022-01-15
311,2364,UW00,BI,BI,2022-04-17
311,2365,UW00,BI,BI,2022-08-27
311,2366,UW00,WH,BI,2022-01-05
311,2367,UW00,WH,BI,2022-01-05
311,2368,UW00,WH,BI,2022-01-28
311,2369,UW00,BI,BI,2022-01-14
311,2370,UW00,WH,BI,2022-01-02
311,2371,UW00,WH,BI,2022-05-14
311,2372,UW00,WH,BI,2022-01-22
311,2373,UW00,BI,BI,2022-04-13
311,2374,UW00,BI,BI,2022-02-22
311,2375,UW00,WH,BI,2022-01-06
311,2376,UW00,BI,BI,2022-10-03
311,2377,UW00,WH,BI,2022-03-13
311,2378,UW00,BI,BI,2022-01-27
311,2379,UW00,BI,BI,2022-01-30
311,2380,UW00,BI,BI,2022-02-20
311,2381,UW00,BI,BI,2022-04-14
311,2382,UW00,BI,BI,2022-05-05
311,2383,UW00,WH,BI,2022-02-04
311,2384,UW00,BI,BI,2022-01-18
311,2385,UW00,BI,BI,2022-01-27
311,2386,UW00,BI,BI,2022-01-31
311,2387,UW00,WH,BI,2022-03-11
311,2388,UW00,BI,BI,2022-01-04
311,2389,UW00,WH,BI,2022-03-31
311,2390,UW00,WH,BI,2022-02-19
311,2391,UW00,BI,BI,2023-01-11
311,2392,UW00,WH,BI,2022-02-10
311,2393,UW00,WH,BI,2022-01-01
311,2394,UW00,BI,BI,2022-02-15
311,2395,UW00,WH,BI,2022-01-15
311,2396,UW00,WH,BI,2022-03-15
311,2397,UW00,BI,BI,2022-01-12
311,2398,UW00,WH,BI,2022-01-04
311,2399,UW00,BI,BI,2022-05-02
311,2400,UW00,BI,BI,2022-05-21
311,2401,UW00,WH,BI,2022-01-07
311,2402,UW00,BI,BI,2022-02-26
311,2403,UW00,BI,BI,2022-01-06
311,2404,UW00,WH,BI,2022-04-25
311,2405,UW00,BI,BI,2022-04-28
311,2406,UW00,WH,BI,2022-01-06
311,2407,UW00,WH,BI,2022-01-13
311,2408,UW00,BI,BI,2022-01-12
311,2409,UW00,BI,BI,2022-01-05
311,2410,UW00,WH,BI,2022-01-11
311,2411,UW00,WH,BI,2022-07-05
311,2412,UW00,BI,BI,2022-01-28
311,2413,UW00,BI,BI,2022-01-11
311,2414,UW00,WH,BI,2022-02-22
311,2415,UW00,BI,BI,2022-04-13
311,2416,UW00,WH,BI,2022-02-24
311,2417,UW00,BI,BI,2022-01-05
311,2418,UW00,WH,BI,2022-01-22
311,2419,UW00,WH,BI,2022-04-21
311,2420,UW00,BI,BI,2022-06-03
311,2421,UW00,BI,BI,2022-05-30
311,2422,UW00,BI,BI,2022-01-11
311,2423,UW00,BI,BI,2022-01-18
311,2424,UW00,BI,BI,2022-01-13
311,2425,UW00,BI,BI,2022-01-04
311,2426,UW00,BI,BI,2022-01-14
311,2427,UW00,WH,BI,2022-04-14
311,2428,UW00,WH,BI,2022-01-06
311,2429,UW00,WH,BI,2022-01-05
311,2430,UW00,WH,BI,2022-04-18
311,2431,UW00,BI,BI,2022-01-14
311,2432,UW00,WH,BI,2022-01-05
311,2433,UW00,BI,BI,2022-02-17
311,2434,UW00,WH,BI,2022-04-05
311,2435,UW00,BI,BI,2022-01-10
311,2436,UW00,WH,BI,2022-03-19
311,2437,UW00,BI,BI,2022-01-09
311,2438,UW00,BI,BI,2022-02-04
311,2439,UW00,WH,BI,2022-02-13
311,2440,UW00,WH,BI,2022-01-18
311,2441,UW00,BI,BI,2022-01-04
311,2442,UW00,BI,BI,2022-02-08
311,2443,UW00,WH,BI,2022-03-28
311,2444,UW00,BI,BI,2022-01-09
311,2445,UW00,WH,BI,2022-01-06
311,2446,UW00,BI,BI,2022-02-12
311,2447,UW00,WH,BI,2022-02-10
311,2448,UW00,WH,BI,2022-02-01
311,2449,UW00,BI,BI,2022-03-09
311,2450,UW00,WH,BI,2022-01-10
311,2451,UW00,BI,BI,2022-01-04
311,2452,UW00,BI,BI,2022-01-02
311,2453,UW00,BI,BI,2022-02-13
311,2454,UW00,WH,BI,2022-02-28
311,2455,UW00,BI,BI,2022-01-08
311,2456,UW00,WH,BI,2022-01-18
311,2457,UW00,WH,BI,2022-01-23
311,2458,UW00,WH,BI,2022-02-19
311,2459,UW00,BI,BI,2022-01-04
311,2460,UW00,BI,BI,2022-05-22
311,2461,UW00,WH,BI,2022-01-10
311,2462,UW00,WH,BI,2022-05-16
311,2463,UW00,WH,BI,2022-01-06
311,2464,UW00,WH,BI,2022-02-05
311,2465,UW00,WH,BI,2022-05-07
311,2466,UW00,BI,BI,2022-02-24
311,2467,UW00,BI,BI,2023-02-24
311,2468,UW00,WH,BI,2022-02-15
311,2469,UW00,BI,BI,2022-02-11
311,2470,UW00,BI,BI,2022-10-31
311,2471,UW00,BI,BI,2022-02-06
311,2472,UW00,BI,BI,2022-08-30
311,2473,UW00,WH,BI,2022-01-09
311,2474,UW00,WH,BI,2022-01-28
311,2475,UW00,BI,BI,2022-01-25
311,2476,UW00,WH,BI,2022-03-03
311,2477,UW00,BI,BI,2022-01-02
311,2478,UW00,WH,BI,2022-01-26
311,2479,UW00,WH,BI,2022-03-10
311,2480,UW00,WH,BI,2022-01-07
311,2481,UW00,WH,BI,2022-04-13
311,2482,UW00,BI,BI,2022-03-03
311,2483,UW00,WH,BI,2022-02-03
311,2484,UW00,BI,BI,2022-01-03
311,2485,UW00,BI,BI,2022-01-06
311,2486,UW00,WH,BI,2022-01-01
311,2487,UW00,BI,BI,2022-01-24
311,2488,UW00,BI,BI,2022-03-06
311,2489,UW00,BI,BI,2022-03-04
311,2490,UW00,BI,BI,2022-02-01
311,2491,UW00,WH,BI,2022-05-09
311,2492,UW00,WH,BI,2022-02-18
311,2493,UW00,BI,BI,2022-01-12
311,2494,UW00,BI,BI,2022-03-24
311,2495,UW00,BI,BI,2022-01-14
311,2496,UW00,BI,BI,2022-01-11
311,2497,UW00,BI,BI,2022-02-01
311,2498,UW00,BI,BI,2022-01-05
311,2499,UW00,WH,BI,2022-05-23
311,2500,UW00,WH,BI,2022-02-22
311,2501,UW00,BI,BI,2022-01-09
311,2502,UW00,BI,BI,2022-04-29
311,2503,UW00,WH,BI,2022-10-19
311,2504,UW00,BI,BI,2022-02-28
311,2505,UW00,WH,BI,2022-01-28
311,2506,UW00,BI,BI,2022-03-12
311,2507,UW00,WH,BI,2022-01-02
311,2508,UW00,BI,BI,2022-02-08
311,2509,UW00,BI,BI,2022-01-31
311,2510,UW00,BI,BI,2022-01-07
311,2511,UW00,BI,BI,2022-01-23
311,2512,UW00,BI,BI,2022-01-19
311,2513,UW00,WH,BI,2022-01-17
311,2514,UW00,BI,BI,2022-01-14
311,2515,UW00,BI,BI,2022-01-01
311,2516,UW00,WH,BI,2022-01-08
311,2517,UW00,WH,BI,2022-04-23
311,2518,UW00,WH,BI,2022-01-02
311,2519,UW00,BI,BI,2022-05-02
311,2520,UW00,WH,BI,2022-01-10
311,2521,UW00,WH,BI,2022-01-10
311,2522,UW00,WH,BI,2022-01-03
311,2523,UW00,BI,BI,2022-01-21
311,2524,UW00,BI,BI,2022-01-16
311,2525,UW00,WH,BI,2022-02-03
311,2526,UW00,BI,BI,2022-01-10
311,2527,UW00,WH,BI,2022-01-05
311,2528,UW00,WH,BI,2022-01-17
311,2529,UW00,BI,BI,2022-01-03
311,2530,UW00,WH,BI,2022-06-10
311,2531,UW00,BI,BI,2022-01-05
311,2532,UW00,WH,BI,2022-07-24
311,2533,UW00,BI,BI,2022-02-16
311,2534,UW00,BI,BI,2022-01-29
311,2535,UW00,WH,BI,2022-01-03
311,2536,UW00,BI,BI,2022-02-09
311,2537,UW00,WH,BI,2022-01-07
311,2538,UW00,WH,BI,2022-01-28
311,2539,UW00,BI,BI,2022-03-19
311,2540,UW00,BI,BI,2022-02-27
311,2541,UW00,WH,BI,2022-01-21
311,2542,UW00,BI,BI,2022-01-26
311,2543,UW00,WH,BI,2022-03-24
311,2544,UW00,WH,BI,2022-02-09
311,2545,UW00,WH,BI,2022-01-27
311,2546,UW00,WH,BI,2022-02-09
311,2547,UW00,BI,BI,2022-01-04
311,2548,UW00,WH,BI,2022-01-17
311,2549,UW00,WH,BI,2022-02-07
311,2550,UW00,WH,BI,2022-07-31
311,2551,UW00,BI,BI,2022-08-14
311,2552,UW00,WH,BI,2022-01-19
311,2553,UW00,WH,BI,2022-03-23
311,2554,UW00,BI,BI,2022-04-22
311,2555,UW00,WH,BI,2022-01-08
311,2556,UW00,BI,BI,2022-02-18
311,2557,UW00,WH,BI,2022-05-10
311,2558,UW00,BI,BI,2022-01-26
311,2559,UW00,WH,BI,2022-01-03
311,2560,UW00,WH,BI,2022-01-04
311,2561,UW00,BI,BI,2022-01-09
311,2562,UW00,WH,BI,2022-01-29
311,2563,UW00,WH,BI,2022-01-12
311,2564,UW00,WH,BI,2022-01-10
311,2565,UW00,BI,BI,2022-04-04
311,2566,UW00,BI,BI,2022-01-10
311,2567,UW00,BI,BI,2022-03-20
311,2568,UW00,WH,BI,2022-01-27
311,2569,UW00,BI,BI,2022-08-01
311,2570,UW00,WH,BI,2022-01-31
311,2571,UW00,WH,BI,2022-01-26
311,2572,UW00,WH,BI,2022-01-07
311,2573,UW00,WH,BI,2022-01-22
311,2574,UW00,WH,BI,2022-03-08
311,2575,UW00,BI,BI,2022-02-19
311,2576,UW00,BI,BI,2022-01-04
311,2577,UW00,WH,BI,2022-01-13
311,2578,UW00,WH,BI,2022-05-13
311,2579,UW00,BI,BI,2022-04-27
311,2580,UW00,BI,BI,2022-02-12
311,2581,UW00,WH,BI,2023-04-04
311,2582,UW00,WH,BI,2022-02-19
311,2583,UW00,WH,BI,2022-01-02
311,2584,UW00,WH,BI,2022-01-23
311,2585,UW00,WH,BI,2022-01-22
311,2586,UW00,BI,BI,2022-01-03
311,2587,UW00,BI,BI,2022-08-02
311,2588,UW00,BI,BI,2022-01-05
311,2589,UW00,BI,BI,2022-01-11
311,2590,UW00,WH,BI,2022-01-25
311,2591,UW00,WH,BI,2022-02-11
311,2592,UW00,BI,BI,2022-01-26
311,2593,UW00,WH,BI,2022-09-09
311,2594,UW00,WH,BI,2022-01-04
311,2595,UW00,BI,BI,2022-02-18
311,2596,UW00,WH,BI,2022-03-28
311,2597,UW00,BI,BI,2022-01-10
311,2598,UW00,WH,BI,2022-02-18
311,2599,UW00,WH,BI,2022-03-04
311,2600,UW00,BI,BI,2022-01-23
311,2601,UW00,BI,BI,2022-08-19
311,2602,UW00,WH,BI,2022-02-11
311,2603,UW00,WH,BI,2022-02-04
311,2604,UW00,BI,BI,2022-01-01
311,2605,UW00,BI,BI,2022-04-26
311,2606,UW00,WH,BI,2023-11-30
311,2607,UW00,WH,BI,2022-09-12
311,2608,UW00,BI,BI,2022-01-19
311,2609,UW00,WH,BI,2022-02-22
311,2610,UW00,WH,BI,2022-02-16
311,2611,UW00,BI,BI,2022-01-05
311,2612,UW00,BI,BI,2022-01-16
311,2613,UW00,WH,BI,2022-01-02
311,2614,UW00,BI,BI,2022-09-30
311,2615,UW00,BI,BI,2022-04-17
311,2616,UW00,BI,BI,2022-03-18
311,2617,UW00,WH,BI,2022-01-28
311,2618,UW00,BI,BI,2022-02-25
311,2619,UW00,WH,BI,2022-02-15
311,2620,UW00,WH,BI,2022-03-18
311,2621,UW00,WH,BI,2022-06-02
311,2622,UW00,WH,BI,2022-02-04
311,2623,UW00,BI,BI,2022-01-08
311,2624,UW00,WH,BI,2022-01-23
311,2625,UW00,WH,BI,2022-01-07
311,2626,UW00,WH,BI,2022-01-11
311,2627,UW00,BI,BI,2022-01-08
311,2628,UW00,BI,BI,2022-02-13
311,2629,UW00,BI,BI,2022-02-28
311,2630,UW00,BI,BI,2022-01-16
311,2631,UW00,BI,BI,2022-01-09
311,2632,UW00,WH,BI,2022-01-21
311,2633,UW00,WH,BI,2022-01-01
311,2634,UW00,BI,BI,2022-05-19
311,2635,UW00,WH,BI,2022-01-07
311,2636,UW00,BI,BI,2022-03-30
311,2637,UW00,WH,BI,2022-01-08
311,2638,UW00,WH,BI,2022-01-26
311,2639,UW00,WH,BI,2022-06-05
311,2640,UW00,BI,BI,2022-01-31
311,2641,UW00,BI,BI,2023-05-15
311,2642,UW00,WH,BI,2022-01-01
311,2643,UW00,BI,BI,2022-02-01
311,2644,UW00,BI,BI,2022-03-13
311,2645,UW00,WH,BI,2022-03-21
311,2646,UW00,WH,BI,2022-01-18
311,2647,UW00,WH,BI,2022-01-05
311,2648,UW00,WH,BI,2022-01-09
311,2649,UW00,BI,BI,2022-02-03
311,2650,UW00,WH,BI,2022-01-22
311,2651,UW00,BI,BI,2022-02-01
311,2652,UW00,WH,BI,2022-03-25
311,2653,UW00,BI,BI,2022-01-01
311,2654,UW00,WH,BI,2022-01-01
311,2655,UW00,WH,BI,2022-02-02
311,2656,UW00,WH,BI,2022-02-16
311,2657,UW00,WH,BI,2022-01-18
311,2658,UW00,WH,BI,2022-02-16
311,2659,UW00,WH,BI,2022-02-16
311,2660,UW00,BI,BI,2022-04-30
311,2661,UW00,BI,BI,2022-03-18
311,2662,UW00,BI,BI,2022-04-19
311,2663,UW00,WH,BI,2022-01-06
311,2664,UW00,BI,BI,2022-03-07
311,2665,UW00,WH,BI,2022-01-04
311,2666,UW00,BI,BI,2022-01-09
311,2667,UW00,WH,BI,2022-04-20
311,2668,UW00,WH,BI,2022-03-04
311,2669,UW00,BI,BI,2022-01-02
311,2670,UW00,BI,BI,2022-01-30
311,2671,UW00,BI,BI,2022-01-15
311,2672,UW00,WH,BI,2022-01-01
311,2673,UW00,BI,BI,2022-01-17
311,2674,UW00,WH,BI,2022-01-17
311,2675,UW00,BI,BI,2022-04-13
311,2676,UW00,BI,BI,2022-01-17
311,2677,UW00,BI,BI,2022-08-24
311,2678,UW00,WH,BI,2022-07-24
311,2679,UW00,BI,BI,2022-01-16
311,2680,UW00,WH,BI,2022-01-28
311,2681,UW00,BI,BI,2022-03-01
311,2682,UW00,WH,BI,2022-07-11
311,2683,UW00,BI,BI,2022-01-03
311,2684,UW00,WH,BI,2022-04-23
311,2685,UW00,WH,BI,2022-01-06
311,2686,UW00,WH,BI,2022-04-13
311,2687,UW00,WH,BI,2022-02-25
311,2688,UW00,WH,BI,2022-01-20
311,2689,UW00,WH,BI,2022-01-23
311,2690,UW00,WH,BI,2022-03-07
311,2691,UW00,WH,BI,2022-02-18
311,2692,UW00,BI,BI,2022-01-06
311,2693,UW00,BI,BI,2022-02-26
311,2694,UW00,BI,BI,2022-01-24
311,2695,UW00,WH,BI,2022-02-03
311,2696,UW00,WH,BI,2022-12-24
311,2697,UW00,WH,BI,2022-02-13
311,2698,UW00,BI,BI,2022-02-02
311,2699,UW00,WH,BI,2022-01-21
311,2700,UW00,BI,BI,2022-06-15
311,2701,UW00,WH,BI,2022-03-02
311,2702,UW00,BI,BI,2022-01-19
311,2703,UW00,BI,BI,2022-03-11
311,2704,UW00,BI,BI,2022-02-11
311,2705,UW00,WH,BI,2022-04-30
311,2706,UW00,BI,BI,2022-01-10
311,2707,UW00,WH,BI,2022-01-18
311,2708,UW00,WH,BI,2022-04-13
311,2709,UW00,WH,BI,2022-02-10
311,2710,UW00,WH,BI,2022-02-17
311,2711,UW00,WH,BI,2022-01-07
311,2712,UW00,BI,BI,2022-01-13
311,2713,UW00,WH,BI,2022-02-23
311,2714,UW00,BI,BI,2022-01-30
311,2715,UW00,BI,BI,2022-02-21
311,2716,UW00,BI,BI,2022-01-29
311,2717,UW00,BI,BI,2022-01-26
311,2718,UW00,WH,BI,2022-01-01
311,2719,UW00,BI,BI,2022-01-14
311,2720,UW00,WH,BI,2022-01-02
311,2721,UW00,BI,BI,2022-01-01
311,2722,UW00,WH,BI,2022-01-14
311,2723,UW00,BI,BI,2022-02-11
311,2724,UW00,BI,BI,2022-01-14
311,2725,UW00,WH,BI,2022-01-18
311,2726,UW00,BI,BI,2022-01-14
311,2727,UW00,BI,BI,2022-05-06
311,2728,UW00,BI,BI,2022-01-01
311,2729,UW00,WH,BI,2022-01-03
311,2730,UW00,WH,BI,2022-02-08
311,2731,UW00,WH,BI,2022-01-29
311,2732,UW00,WH,BI,2022-06-12
311,2733,UW00,BI,BI,2022-01-04
311,2734,UW00,WH,BI,2022-02-17
311,2735,UW00,WH,BI,2022-06-06
311,2736,UW00,BI,BI,2022-04-08
311,2737,UW00,WH,BI,2022-03-02
311,2738,UW00,BI,BI,2022-02-10
311,2739,UW00,WH,BI,2022-01-01
311,2740,UW00,BI,BI,2022-01-15
311,2741,UW00,BI,BI,2022-03-28
311,2742,UW00,WH,BI,2022-01-16
311,2743,UW00,WH,BI,2022-01-26
311,2744,UW00,WH,BI,2022-01-02
311,2745,UW00,BI,BI,2022-01-16
311,2746,UW00,BI,BI,2022-01-08
311,2747,UW00,WH,BI,2022-01-02
311,2748,UW00,WH,BI,2022-05-12
311,2749,UW00,BI,BI,2022-01-20
311,2750,UW00,WH,BI,2022-03-19
311,2751,UW00,WH,BI,2022-02-08
311,2752,UW00,WH,BI,2022-05-03
311,2753,UW00,BI,BI,2022-01-01
311,2754,UW00,BI,BI,2022-01-26
311,2755,UW00,BI,BI,2022-01-08
311,2756,UW00,WH,BI,2022-07-09
311,2757,UW00,WH,BI,2022-03-29
311,2758,UW00,WH,BI,2022-04-26
311,2759,UW00,BI,BI,2022-01-29
311,2760,UW00,WH,BI,2022-03-03
311,2761,UW00,WH,BI,2022-01-22
311,2762,UW00,BI,BI,2022-01-04
311,2763,UW00,WH,BI,2022-01-07
311,2764,UW00,WH,BI,2022-01-31
311,2765,UW00,BI,BI,2022-01-01
311,2766,UW00,BI,BI,2022-01-22
311,2767,UW00,BI,BI,2022-01-27
311,2768,UW00,BI,BI,2022-03-01
311,2769,UW00,BI,BI,2022-02-20
311,2770,UW00,BI,BI,2022-01-26
311,2771,UW00,BI,BI,2023-01-10
311,2772,UW00,BI,BI,2022-02-15
311,2773,UW00,WH,BI,2022-10-10
311,2774,UW00,WH,BI,2022-04-25
311,2775,UW00,WH,BI,2022-07-10
311,2776,UW00,WH,BI,2022-02-21
311,2777,UW00,WH,BI,2022-02-23
311,2778,UW00,WH,BI,2022-05-01
311,2779,UW00,WH,BI,2022-01-02
311,2780,UW00,WH,BI,2022-06-24
311,2781,UW00,BI,BI,2022-01-01
311,2782,UW00,BI,BI,2022-03-01
311,2783,UW00,BI,BI,2022-06-23
311,2784,UW00,BI,BI,2022-03-07
311,2785,UW00,WH,BI,2022-02-08
311,2786,UW00,BI,BI,2022-02-16
311,2787,UW00,WH,BI,2022-03-31
311,2788,UW00,BI,BI,2022-02-02
311,2789,UW00,BI,BI,2022-10-07
311,2790,UW00,BI,BI,2022-03-28
311,2791,UW00,BI,BI,2022-02-13
311,2792,UW00,WH,BI,2022-01-25
311,2793,UW00,WH,BI,2022-02-20
311,2794,UW00,WH,BI,2022-03-23
311,2795,UW00,BI,BI,2022-05-05
311,2796,UW00,WH,BI,2022-01-05
311,2797,UW00,WH,BI,2022-01-07
311,2798,UW00,BI,BI,2022-03-16
311,2799,UW00,WH,BI,2022-04-01
311,2800,UW00,WH,BI,2022-02-13
311,2801,UW00,WH,BI,2022-01-01
311,2802,UW00,BI,BI,2022-05-13
311,2803,UW00,BI,BI,2022-01-17
311,2804,UW00,WH,BI,2022-03-30
311,2805,UW00,BI,BI,2022-01-08
311,2806,UW00,BI,BI,2022-03-11
311,2807,UW00,WH,BI,2022-06-12
311,2808,UW00,WH,BI,2022-01-13
311,2809,UW00,BI,BI,2022-03-07
311,2810,UW00,BI,BI,2022-01-09
311,2811,UW00,WH,BI,2022-01-13
311,2812,UW00,WH,BI,2022-01-11
311,2813,UW00,BI,BI,2022-02-08
311,2814,UW00,WH,BI,2022-01-14
311,2815,UW00,WH,BI,2022-01-17
311,2816,UW00,WH,BI,2022-01-09
311,2817,UW00,WH,BI,2023-03-06
311,2818,UW00,WH,BI,2022-05-04
311,2819,UW00,WH,BI,2022-02-07
311,2820,UW00,WH,BI,2022-01-20
311,2821,UW00,WH,BI,2022-01-07
311,2822,UW00,BI,BI,2023-02-10
311,2823,UW00,BI,BI,2022-05-29
311,2824,UW00,WH,BI,2022-02-23
311,2825,UW00,BI,BI,2022-06-25
311,2826,UW00,WH,BI,2022-01-23
311,2827,UW00,WH,BI,2022-01-30
311,2828,UW00,WH,BI,2022-02-07
311,2829,UW00,WH,BI,2022-01-03
311,2830,UW00,BI,BI,2022-03-24
311,2831,UW00,WH,BI,2022-01-16
311,2832,UW00,WH,BI,2022-01-28
311,2833,UW00,BI,BI,2022-01-01
311,2834,UW00,WH,BI,2022-01-09
311,2835,UW00,WH,BI,2022-01-22
311,2836,UW00,BI,BI,2022-01-08
311,2837,UW00,WH,BI,2022-01-03
311,2838,UW00,WH,BI,2022-02-16
311,2839,UW00,BI,BI,2022-01-30
311,2840,UW00,BI,BI,2022-01-10
311,2841,UW00,BI,BI,2022-02-02
311,2842,UW00,WH,BI,2022-01-07
311,2843,UW00,BI,BI,2022-08-21
311,2844,UW00,BI,BI,2022-04-07
311,2845,UW00,WH,BI,2022-01-24
311,2846,UW00,BI,BI,2022-01-03
311,2847,UW00,WH,BI,2022-09-14
311,2848,UW00,WH,BI,2022-01-07
311,2849,UW00,BI,BI,2022-03-09
311,2850,UW00,BI,BI,2022-02-25
311,2851,UW00,BI,BI,2022-02-25
311,2852,UW00,WH,BI,2022-01-07
311,2853,UW00,WH,BI,2022-03-08
311,2854,UW00,WH,BI,2022-01-07
311,2855,UW00,BI,BI,2022-08-05
311,2856,UW00,BI,BI,2022-01-04
311,2857,UW00,BI,BI,2022-01-19
311,2858,UW00,BI,BI,2022-06-15
311,2859,UW00,WH,BI,2022-03-20
311,2860,UW00,WH,BI,2022-01-01
311,2861,UW00,BI,BI,2022-01-24
311,2862,UW00,BI,BI,2022-02-02
311,2863,UW00,WH,BI,2022-03-13
311,2864,UW00,BI,BI,2022-02-14
311,2865,UW00,WH,BI,2022-02-19
311,2866,UW00,WH,BI,2022-01-27
311,2867,UW00,WH,BI,2022-01-13
311,2868,UW00,BI,BI,2022-01-04
311,2869,UW00,BI,BI,2022-04-07
311,2870,UW00,BI,BI,2022-03-23
311,2871,UW00,BI,BI,2022-02-16
311,2872,UW00,BI,BI,2022-04-09
311,2873,UW00,BI,BI,2022-01-09
311,2874,UW00,BI,BI,2022-05-31
311,2875,UW00,BI,BI,2022-01-24
311,2876,UW00,WH,BI,2022-01-30
311,2877,UW00,WH,BI,2022-01-11
311,2878,UW00,BI,BI,2022-01-19
311,2879,UW00,WH,BI,2022-05-25
311,2880,UW00,WH,BI,2022-02-05
311,2881,UW00,BI,BI,2022-04-29
311,2882,UW00,WH,BI,2022-04-28
311,2883,UW00,BI,BI,2022-03-03
311,2884,UW00,BI,BI,2022-02-03
311,2885,UW00,WH,BI,2022-01-06
311,2886,UW00,WH,BI,2022-01-25
311,2887,UW00,WH,BI,2022-04-16
311,2888,UW00,WH,BI,2022-01-12
311,2889,UW00,WH,BI,2022-02-06
311,2890,UW00,BI,BI,2022-03-03
311,2891,UW00,WH,BI,2022-04-24
311,2892,UW00,WH,BI,2022-02-21
311,2893,UW00,BI,BI,2022-03-14
311,2894,UW00,BI,BI,2022-01-17
311,2895,UW00,WH,BI,2022-01-08
311,2896,UW00,WH,BI,2022-01-02
311,2897,UW00,WH,BI,2022-03-22
311,2898,UW00,BI,BI,2022-01-01
311,2899,UW00,BI,BI,2022-03-15
311,2900,UW00,WH,BI,2023-09-24
311,2901,UW00,BI,BI,2022-04-12
311,2902,UW00,WH,BI,2022-02-18
311,2903,UW00,WH,BI,2022-03-09
311,2904,UW00,BI,BI,2022-08-24
311,2905,UW00,BI,BI,2022-01-03
311,2906,UW00,WH,BI,2022-02-11
311,2907,UW00,BI,BI,2022-02-02
311,2908,UW00,WH,BI,2022-01-03
311,2909,UW00,WH,BI,2022-01-06
311,2910,UW00,WH,BI,2022-01-13
311,2911,UW00,WH,BI,2022-02-11
311,2912,UW00,WH,BI,2022-01-05
311,2913,UW00,WH,BI,2022-04-12
311,2914,UW00,BI,BI,2022-01-10
311,2915,UW00,WH,BI,2022-02-12
311,2916,UW00,BI,BI,2022-02-03
311,2917,UW00,WH,BI,2022-02-22
311,2918,UW00,WH,BI,2022-03-14
311,2919,UW00,BI,BI,2022-03-20
311,2920,UW00,WH,BI,2022-04-15
311,2921,UW00,BI,BI,2022-02-10
311,2922,UW00,WH,BI,2022-01-09
311,2923,UW00,WH,BI,2022-01-03
311,2924,UW00,WH,BI,2022-01-03
311,2925,UW00,WH,BI,2022-01-13
311,2926,UW00,WH,BI,2022-01-06
311,2927,UW00,BI,BI,2022-01-08
311,2928,UW00,WH,BI,2022-11-20
311,2929,UW00,BI,BI,2022-02-04
311,2930,UW00,BI,BI,2022-02-24
311,2931,UW00,WH,BI,2022-01-30
311,2932,UW00,BI,BI,2022-01-22
311,2933,UW00,BI,BI,2022-04-10
311,2934,UW00,BI,BI,2022-08-11
311,2935,UW00,WH,BI,2022-02-01
311,2936,UW00,WH,BI,2022-02-22
311,2937,UW00,BI,BI,2022-02-23
311,2938,UW00,BI,BI,2022-03-29
311,2939,UW00,BI,BI,2022-01-05
311,2940,UW00,WH,BI,2022-01-06
311,2941,UW00,BI,BI,2022-01-08
311,2942,UW00,WH,BI,2022-01-30
311,2943,UW00,WH,BI,2022-02-03
311,2944,UW00,BI,BI,2022-02-19
311,2945,UW00,BI,BI,2022-02-06
311,2946,UW00,BI,BI,2022-01-01
311,2947,UW00,WH,BI,2022-02-26
311,2948,UW00,WH,BI,2022-01-22
311,2949,UW00,WH,BI,2022-02-09
311,2950,UW00,BI,BI,2022-02-17
311,2951,UW00,WH,BI,2022-04-21
311,2952,UW00,WH,BI,2022-04-15
311,2953,UW00,BI,BI,2022-02-16
311,2954,UW00,WH,BI,2022-01-05
311,2955,UW00,WH,BI,2022-03-24
311,2956,UW00,BI,BI,2022-01-01
311,2957,UW00,WH,BI,2022-05-12
311,2958,UW00,BI,BI,2022-03-10
311,2959,UW00,WH,BI,2022-06-25
311,2960,UW00,WH,BI,2022-02-07
311,2961,UW00,BI,BI,2022-01-15
311,2962,UW00,BI,BI,2022-02-14
311,2963,UW00,WH,BI,2022-01-23
311,2964,UW00,WH,BI,2022-02-22
311,2965,UW00,BI,BI,2022-01-18
311,2966,UW00,BI,BI,2022-01-05
311,2967,UW00,WH,BI,2022-01-29
311,2968,UW00,BI,BI,2022-05-07
311,2969,UW00,WH,BI,2022-04-13
311,2970,UW00,WH,BI,2022-06-03
311,2971,UW00,WH,BI,2022-02-02
311,2972,UW00,BI,BI,2022-10-07
311,2973,UW00,BI,BI,2022-06-11
311,2974,UW00,WH,BI,2022-02-01
311,2975,UW00,WH,BI,2022-05-21
311,2976,UW00,WH,BI,2022-03-17
311,2977,UW00,BI,BI,2022-06-07
311,2978,UW00,BI,BI,2022-03-05
311,2979,UW00,BI,BI,2022-01-30
311,2980,UW00,WH,BI,2022-01-01
311,2981,UW00,BI,BI,2022-01-03
311,2982,UW00,BI,BI,2022-03-18
311,2983,UW00,BI,BI,2022-02-16
311,2984,UW00,BI,BI,2022-01-10
311,2985,UW00,BI,BI,2022-02-22
311,2986,UW00,WH,BI,2022-01-08
311,2987,UW00,BI,BI,2022-01-01
311,2988,UW00,WH,BI,2022-01-23
311,2989,UW00,WH,BI,2022-01-30
311,2990,UW00,BI,BI,2022-01-06
311,2991,UW00,WH,BI,2023-10-26
311,2992,UW00,WH,BI,2022-01-13
311,2993,UW00,BI,BI,2022-01-15
311,2994,UW00,WH,BI,2022-04-05
311,2995,UW00,BI,BI,2022-01-03
311,2996,UW00,BI,BI,2022-02-07
311,2997,UW00,WH,BI,2022-01-03
311,2998,UW00,WH,BI,2022-07-19
311,2999,UW00,BI,BI,2022-03-11
311,3000,UW00,WH,BI,2022-01-09
311,3001,UW00,BI,BI,2022-01-28
311,3002,UW00,WH,BI,2022-03-05
311,3003,UW00,WH,BI,2022-01-14
311,3004,UW00,WH,BI,2022-04-25
311,3005,UW00,BI,BI,2022-01-23
311,3006,UW00,BI,BI,2022-02-11
311,3007,UW00,WH,BI,2022-01-27
311,3008,UW00,BI,BI,2022-01-24
311,3009,UW00,WH,BI,2022-01-18
311,3010,UW00,BI,BI,2022-02-09
311,3011,UW00,WH,BI,2022-01-06
311,3012,UW00,WH,BI,2022-01-03
311,3013,UW00,WH,BI,2022-01-14
311,3014,UW00,BI,BI,2022-01-13
311,3015,UW00,WH,BI,2022-02-28
311,3016,UW00,WH,BI,2022-04-30
311,3017,UW00,BI,BI,2022-01-22
311,3018,UW00,BI,BI,2022-03-10
311,3019,UW00,BI,BI,2022-04-02
311,3020,UW00,BI,BI,2022-01-12
311,3021,UW00,WH,BI,2022-07-18
311,3022,UW00,WH,BI,2022-03-09
311,3023,UW00,WH,BI,2022-01-05
311,3024,UW00,BI,BI,2022-02-18
311,3025,UW00,BI,BI,2022-01-17
311,3026,UW00,WH,BI,2022-08-06
311,3027,UW00,WH,BI,2022-01-17
311,3028,UW00,BI,BI,2022-02-27
311,3029,UW00,WH,BI,2022-02-01
311,3030,UW00,BI,BI,2022-02-06
311,3031,UW00,WH,BI,2022-05-01
311,3032,UW00,BI,BI,2022-01-09
311,3033,UW00,BI,BI,2022-01-09
311,3034,UW00,WH,BI,2022-01-13
311,3035,UW00,WH,BI,2022-01-19
311,3036,UW00,WH,BI,2022-02-16
311,3037,UW00,WH,BI,2022-01-12
311,3038,UW00,WH,BI,2022-05-23
311,3039,UW00,BI,BI,2022-11-01
311,3040,UW00,WH,BI,2022-10-30
311,3041,UW00,BI,BI,2022-01-05
311,3042,UW00,WH,BI,2022-01-08
311,3043,UW00,BI,BI,2022-01-19
311,3044,UW00,BI,BI,2022-05-16
311,3045,UW00,BI,BI,2023-06-04
311,3046,UW00,BI,BI,2023-04-25
311,3047,UW00,BI,BI,2022-01-04
311,3048,UW00,WH,BI,2022-01-06
311,3049,UW00,BI,BI,2022-04-21
311,3050,UW00,WH,BI,2022-02-04
311,3051,UW00,BI,BI,2022-01-21
311,3052,UW00,BI,BI,2022-02-21
311,3053,UW00,BI,BI,2022-05-22
311,3054,UW00,WH,BI,2022-09-30
311,3055,UW00,BI,BI,2022-01-15
311,3056,UW00,WH,BI,2022-01-24
311,3057,UW00,BI,BI,2022-04-22
311,3058,UW00,BI,BI,2022-01-06
311,3059,UW00,BI,BI,2022-01-13
311,3060,UW00,BI,BI,2022-01-13
311,3061,UW00,WH,BI,2022-01-17
311,3062,UW00,BI,BI,2022-02-09
311,3063,UW00,WH,BI,2022-01-19
311,3064,UW00,WH,BI,2022-04-07
311,3065,UW00,WH,BI,2022-01-25
311,3066,UW00,WH,BI,2022-01-01
311,3067,UW00,BI,BI,2022-01-23
311,3068,UW00,BI,BI,2022-01-25
311,3069,UW00,WH,BI,2022-03-09
311,3070,UW00,WH,BI,2022-01-20
311,3071,UW00,BI,BI,2022-01-04
311,3072,UW00,BI,BI,2022-01-04
311,3073,UW00,BI,BI,2022-02-25
311,3074,UW00,WH,BI,2022-01-08
311,3075,UW00,BI,BI,2022-02-19
311,3076,UW00,BI,BI,2022-03-03
311,3077,UW00,WH,BI,2022-02-06
311,3078,UW00,BI,BI,2022-02-10
311,3079,UW00,WH,BI,2022-01-23
311,3080,UW00,WH,BI,2022-03-09
311,3081,UW00,WH,BI,2022-02-28
311,3082,UW00,BI,BI,2022-01-31
311,3083,UW00,WH,BI,2022-02-02
311,3084,UW00,WH,BI,2022-01-24
311,3085,UW00,WH,BI,2022-02-19
311,3086,UW00,WH,BI,2022-01-15
311,3087,UW00,WH,BI,2022-01-13
311,3088,UW00,WH,BI,2022-01-22
311,3089,UW00,BI,BI,2022-01-28
311,3090,UW00,WH,BI,2022-02-20
311,3091,UW00,BI,BI,2022-01-15
311,3092,UW00,WH,BI,2022-01-31
311,3093,UW00,WH,BI,2022-01-21
311,3094,UW00,BI,BI,2022-01-03
311,3095,UW00,BI,BI,2022-02-20
311,3096,UW00,WH,BI,2023-03-28
311,3097,UW00,WH,BI,2022-10-25
311,3098,UW00,BI,BI,2022-01-04
311,3099,UW00,BI,BI,2022-03-09
311,3100,UW00,BI,BI,2022-02-21
311,3101,UW00,BI,BI,2022-01-22
311,3102,UW00,BI,BI,2022-01-29
311,3103,UW00,WH,BI,2022-02-04
311,3104,UW00,BI,BI,2022-01-20
311,3105,UW00,WH,BI,2022-01-23
311,3106,UW00,BI,BI,2022-01-21
311,3107,UW00,WH,BI,2022-01-01
311,3108,UW00,WH,BI,2022-02-09
311,3109,UW00,WH,BI,2022-01-26
311,3110,UW00,WH,BI,2022-01-19
311,3111,UW00,WH,BI,2022-01-05
311,3112,UW00,BI,BI,2022-02-08
311,3113,UW00,BI,BI,2022-01-12
311,3114,UW00,BI,BI,2022-01-28
311,3115,UW00,BI,BI,2022-01-16
311,3116,UW00,BI,BI,2022-04-14
311,3117,UW00,BI,BI,2023-01-24
311,3118,UW00,BI,BI,2022-03-05
311,3119,UW00,WH,BI,2022-01-18
311,3120,UW00,WH,BI,2022-03-10
311,3121,UW00,BI,BI,2022-01-11
311,3122,UW00,BI,BI,2022-01-06
311,3123,UW00,WH,BI,2022-04-06
311,3124,UW00,BI,BI,2022-01-02
311,3125,UW00,WH,BI,2022-03-24
311,3126,UW00,BI,BI,2022-05-23
311,3127,UW00,BI,BI,2022-03-11
311,3128,UW00,WH,BI,2022-02-27
311,3129,UW00,WH,BI,2022-01-10
311,3130,UW00,BI,BI,2022-01-02
311,3131,UW00,BI,BI,2022-03-06
311,3132,UW00,BI,BI,2022-03-22
311,3133,UW00,WH,BI,2022-01-11
311,3134,UW00,BI,BI,2022-01-04
311,3135,UW00,BI,BI,2022-01-10
311,3136,UW00,BI,BI,2022-02-06
311,3137,UW00,BI,BI,2022-01-04
311,3138,UW00,BI,BI,2022-01-09
311,3139,UW00,WH,BI,2023-01-19
311,3140,UW00,WH,BI,2022-01-27
311,3141,UW00,WH,BI,2022-04-01
311,3142,UW00,BI,BI,2022-02-09
311,3143,UW00,BI,BI,2022-03-27
311,3144,UW00,BI,BI,2022-01-12
311,3145,UW00,BI,BI,2022-01-30
311,3146,UW00,BI,BI,2022-01-07
311,3147,UW00,WH,BI,2022-01-16
311,3148,UW00,WH,BI,2022-01-28
311,3149,UW00,BI,BI,2022-01-16
311,3150,UW00,WH,BI,2022-02-06
311,3151,UW00,BI,BI,2022-01-01
311,3152,UW00,BI,BI,2022-03-17
311,3153,UW00,BI,BI,2022-03-15
311,3154,UW00,WH,BI,2022-02-22
311,3155,UW00,WH,BI,2022-02-15
311,3156,UW00,WH,BI,2022-01-02
311,3157,UW00,BI,BI,2022-01-22
311,3158,UW00,BI,BI,2022-02-09
311,3159,UW00,WH,BI,2022-01-17
311,3160,UW00,WH,BI,2022-04-27
311,3161,UW00,WH,BI,2022-03-05
311,3162,UW00,WH,BI,2022-01-24
311,3163,UW00,WH,BI,2022-01-25
311,3164,UW00,WH,BI,2022-02-28
311,3165,UW00,WH,BI,2022-01-18
311,3166,UW00,WH,BI,2022-10-06
311,3167,UW00,BI,BI,2022-03-04
311,3168,UW00,WH,BI,2022-01-16
311,3169,UW00,BI,BI,2022-06-07
311,3170,UW00,WH,BI,2022-07-07
311,3171,UW00,BI,BI,2022-02-02
311,3172,UW00,BI,BI,2022-02-18
311,3173,UW00,BI,BI,2022-01-22
311,3174,UW00,BI,BI,2022-03-04
311,3175,UW00,WH,BI,2022-11-26
311,3176,UW00,WH,BI,2022-01-11
311,3177,UW00,WH,BI,2022-01-03
311,3178,UW00,BI,BI,2022-01-11
311,3179,UW00,BI,BI,2022-02-24
311,3180,UW00,BI,BI,2023-03-05
311,3181,UW00,WH,BI,2022-01-03
311,3182,UW00,BI,BI,2022-01-18
311,3183,UW00,BI,BI,2022-01-27
311,3184,UW00,BI,BI,2022-01-07
311,3185,UW00,WH,BI,2022-01-01
311,3186,UW00,BI,BI,2022-09-20
311,3187,UW00,WH,BI,2022-02-17
311,3188,UW00,BI,BI,2022-04-02
311,3189,UW00,WH,BI,2022-01-01
311,3190,UW00,BI,BI,2022-04-09
311,3191,UW00,WH,BI,2022-01-06
311,3192,UW00,WH,BI,2022-01-16
311,3193,UW00,WH,BI,2022-01-03
311,3194,UW00,WH,BI,2022-01-16
311,3195,UW00,WH,BI,2022-01-24
311,3196,UW00,WH,BI,2022-01-27
311,3197,UW00,BI,BI,2022-07-14
311,3198,UW00,BI,BI,2022-03-12
311,3199,UW00,WH,BI,2022-03-11
311,3200,UW00,WH,BI,2022-02-18
311,3201,UW00,BI,BI,2022-04-20
311,3202,UW00,WH,BI,2022-01-01
311,3203,UW00,WH,BI,2022-03-27
311,3204,UW00,WH,BI,2022-01-29
311,3205,UW00,WH,BI,2022-05-05
311,3206,UW00,BI,BI,2022-01-10
311,3207,UW00,BI,BI,2022-08-30
311,3208,UW00,BI,BI,2022-01-07
311,3209,UW00,BI,BI,2022-01-15
311,3210,UW00,BI,BI,2022-03-12
311,3211,UW00,BI,BI,2022-03-12
311,3212,UW00,BI,BI,2022-01-16
311,3213,UW00,BI,BI,2022-01-03
311,3214,UW00,WH,BI,2022-01-01
311,3215,UW00,BI,BI,2022-02-24
311,3216,UW00,BI,BI,2022-07-27
311,3217,UW00,BI,BI,2022-01-12
311,3218,UW00,WH,BI,2022-01-03
311,3219,UW00,WH,BI,2022-01-22
311,3220,UW00,BI,BI,2022-02-12
311,3221,UW00,BI,BI,2022-03-08
311,3222,UW00,BI,BI,2022-01-06
311,3223,UW00,WH,BI,2022-07-04
311,3224,UW00,BI,BI,2022-01-07
311,3225,UW00,WH,BI,2022-01-09
311,3226,UW00,BI,BI,2022-01-12
311,3227,UW00,BI,BI,2022-03-25
311,3228,UW00,BI,BI,2022-01-20
311,3229,UW00,BI,BI,2022-01-03
311,3230,UW00,BI,BI,2022-02-22
311,3231,UW00,BI,BI,2022-01-05
311,3232,UW00,WH,BI,2022-05-15
311,3233,UW00,WH,BI,2022-02-14
311,3234,UW00,WH,BI,2022-01-12
311,3235,UW00,WH,BI,2022-04-25
311,3236,UW00,BI,BI,2022-01-10
311,3237,UW00,BI,BI,2022-01-12
311,3238,UW00,WH,BI,2022-04-25
311,3239,UW00,WH,BI,2022-03-13
311,3240,UW00,BI,BI,2022-08-30
311,3241,UW00,BI,BI,2022-02-19
311,3242,UW00,BI,BI,2022-05-21
311,3243,UW00,BI,BI,2022-06-29
311,3244,UW00,BI,BI,2022-02-06
311,3245,UW00,BI,BI,2022-01-28
311,3246,UW00,WH,BI,2022-02-06
311,3247,UW00,WH,BI,2022-02-03
311,3248,UW00,BI,BI,2022-01-02
311,3249,UW00,WH,BI,2022-03-29
311,3250,UW00,BI,BI,2022-02-14
311,3251,UW00,BI,BI,2022-08-20
311,3252,UW00,BI,BI,2022-02-06
311,3253,UW00,WH,BI,2022-01-22
311,3254,UW00,WH,BI,2022-01-12
311,3255,UW00,BI,BI,2022-02-21
311,3256,UW00,WH,BI,2022-02-04
311,3257,UW00,BI,BI,2022-02-13
311,3258,UW00,WH,BI,2022-01-02
311,3259,UW00,BI,BI,2022-01-29
311,3260,UW00,WH,BI,2022-01-15
311,3261,UW00,BI,BI,2022-01-15
311,3262,UW00,WH,BI,2022-01-09
311,3263,UW00,WH,BI,2022-01-03
311,3264,UW00,BI,BI,2022-01-16
311,3265,UW00,WH,BI,2022-01-18
311,3266,UW00,BI,BI,2022-02-19
311,3267,UW00,BI,BI,2022-01-31
311,3268,UW00,BI,BI,2022-02-14
311,3269,UW00,BI,BI,2023-03-05
311,3270,UW00,BI,BI,2022-01-21
311,3271,UW00,BI,BI,2022-02-06
311,3272,UW00,BI,BI,2022-01-08
311,3273,UW00,WH,BI,2022-01-27
311,3274,UW00,BI,BI,2022-02-14
311,3275,UW00,WH,BI,2022-06-08
311,3276,UW00,WH,BI,2022-01-09
311,3277,UW00,BI,BI,2022-03-19
311,3278,UW00,WH,BI,2022-06-15
311,3279,UW00,WH,BI,2022-01-27
311,3280,UW00,BI,BI,2022-02-20
311,3281,UW00,BI,BI,2022-01-19
311,3282,UW00,BI,BI,2022-01-05
311,3283,UW00,WH,BI,2022-01-29
311,3284,UW00,WH,BI,2022-01-24
311,3285,UW00,WH,BI,2022-01-03
311,3286,UW00,WH,BI,2022-01-04
311,3287,UW00,BI,BI,2022-08-19
311,3288,UW00,BI,BI,2022-01-01
311,3289,UW00,BI,BI,2022-01-02
311,3290,UW00,WH,BI,2022-01-04
311,3291,UW00,BI,BI,2022-01-18
311,3292,UW00,WH,BI,2022-02-01
311,3293,UW00,WH,BI,2022-03-22
311,3294,UW00,BI,BI,2022-02-07
311,3295,UW00,BI,BI,2022-01-20
311,3296,UW00,WH,BI,2022-05-26
311,3297,UW00,BI,BI,2022-02-15
311,3298,UW00,WH,BI,2022-02-16
311,3299,UW00,WH,BI,2022-03-21
311,3300,UW00,BI,BI,2022-01-15
311,3301,UW00,BI,BI,2022-01-17
311,3302,UW00,WH,BI,2022-01-14
311,3303,UW00,WH,BI,2023-01-12
311,3304,UW00,WH,BI,2022-01-13
311,3305,UW00,BI,BI,2022-01-18
311,3306,UW00,WH,BI,2022-02-25
311,3307,UW00,WH,BI,2022-01-28
311,3308,UW00,BI,BI,2022-01-02
311,3309,UW00,BI,BI,2022-02-25
311,3310,UW00,BI,BI,2023-05-11
311,3311,UW00,BI,BI,2022-03-01
311,3312,UW00,BI,BI,2022-02-04
311,3313,UW00,BI,BI,2022-01-21
311,3314,UW00,WH,BI,2022-03-06
311,3315,UW00,WH,BI,2022-01-07
311,3316,UW00,WH,BI,2022-02-08
311,3317,UW00,BI,BI,2022-01-28
311,3318,UW00,WH,BI,2022-02-04
311,3319,UW00,BI,BI,2022-02-07
311,3320,UW00,WH,BI,2022-01-06
311,3321,UW00,WH,BI,2022-02-18
311,3322,UW00,WH,BI,2022-02-04
311,3323,UW00,WH,BI,2022-01-07
311,3324,UW00,WH,BI,2022-01-10
311,3325,UW00,BI,BI,2022-02-19
311,3326,UW00,BI,BI,2022-01-04
311,3327,UW00,WH,BI,2022-01-25
311,3328,UW00,WH,BI,2022-01-11
311,3329,UW00,BI,BI,2022-01-08
311,3330,UW00,BI,BI,2022-01-16
311,3331,UW00,WH,BI,2022-01-31
311,3332,UW00,WH,BI,2022-01-30
311,3333,UW00,WH,BI,2022-02-10
311,3334,UW00,BI,BI,2022-01-22
311,3335,UW00,BI,BI,2022-01-10
311,3336,UW00,BI,BI,2022-01-18
311,3337,UW00,BI,BI,2022-01-09
311,3338,UW00,BI,BI,2022-01-22
311,3339,UW00,WH,BI,2022-02-24
311,3340,UW00,BI,BI,2022-01-01
311,3341,UW00,BI,BI,2022-03-10
311,3342,UW00,BI,BI,2022-01-05
311,3343,UW00,WH,BI,2022-01-26
311,3344,UW00,WH,BI,2022-01-02
311,3345,UW00,BI,BI,2022-01-17
311,3346,UW00,WH,BI,2022-01-01
311,3347,UW00,WH,BI,2022-03-06
311,3348,UW00,WH,BI,2022-01-21
311,3349,UW00,WH,BI,2022-02-10
311,3350,UW00,WH,BI,2022-12-05
311,3351,UW00,WH,BI,2022-07-06
311,3352,UW00,WH,BI,2022-01-01
311,3353,UW00,WH,BI,2022-03-15
311,3354,UW00,BI,BI,2022-01-22
311,3355,UW00,WH,BI,2022-01-05
311,3356,UW00,BI,BI,2022-01-18
311,3357,UW00,BI,BI,2022-01-03
311,3358,UW00,WH,BI,2022-03-18
311,3359,UW00,WH,BI,2022-01-01
311,3360,UW00,WH,BI,2022-03-02
311,3361,UW00,WH,BI,2022-02-02
311,3362,UW00,WH,BI,2022-01-23
311,3363,UW00,WH,BI,2022-01-21
311,3364,UW00,BI,BI,2022-01-14
311,3365,UW00,BI,BI,2022-06-10
311,3366,UW00,BI,BI,2022-02-12
311,3367,UW00,WH,BI,2022-01-19
311,3368,UW00,BI,BI,2022-02-05
311,3369,UW00,BI,BI,2022-01-27
311,3370,UW00,WH,BI,2022-01-03
311,3371,UW00,WH,BI,2022-03-06
311,3372,UW00,WH,BI,2022-01-25
311,3373,UW00,BI,BI,2022-05-28
311,3374,UW00,BI,BI,2022-01-04
311,3375,UW00,WH,BI,2022-01-02
311,3376,UW00,BI,BI,2022-01-12
311,3377,UW00,WH,BI,2022-02-27
311,3378,UW00,BI,BI,2022-01-09
311,3379,UW00,WH,BI,2022-01-19
311,3380,UW00,WH,BI,2022-02-01
311,3381,UW00,BI,BI,2022-01-12
311,3382,UW00,WH,BI,2023-01-11
311,3383,UW00,WH,BI,2022-01-14
311,3384,UW00,BI,BI,2022-01-07
311,3385,UW00,WH,BI,2022-07-31
311,3386,UW00,WH,BI,2022-01-12
311,3387,UW00,BI,BI,2022-08-16
311,3388,UW00,WH,BI,2022-01-16
311,3389,UW00,BI,BI,2022-02-08
311,3390,UW00,BI,BI,2022-01-02
311,3391,UW00,BI,BI,2022-03-30
311,3392,UW00,WH,BI,2022-01-22
311,3393,UW00,WH,BI,2022-02-05
311,3394,UW00,BI,BI,2022-03-02
311,3395,UW00,WH,BI,2022-08-28
311,3396,UW00,BI,BI,2022-01-16
311,3397,UW00,BI,BI,2022-01-18
311,3398,UW00,WH,BI,2022-01-11
311,3399,UW00,WH,BI,2022-01-12
311,3400,UW00,WH,BI,2022-03-13
311,3401,UW00,WH,BI,2022-02-06
311,3402,UW00,WH,BI,2022-01-02
311,3403,UW00,BI,BI,2022-02-09
311,3404,UW00,WH,BI,2022-01-22
311,3405,UW00,WH,BI,2022-01-01
311,3406,UW00,WH,BI,2022-02-06
311,3407,UW00,WH,BI,2022-01-12
311,3408,UW00,BI,BI,2022-01-11
311,3409,UW00,WH,BI,2022-01-01
311,3410,UW00,BI,BI,2022-01-05
311,3411,UW00,BI,BI,2022-03-23
311,3412,UW00,BI,BI,2022-06-03
311,3413,UW00,BI,BI,2022-01-20
311,3414,UW00,WH,BI,2022-01-10
311,3415,UW00,WH,BI,2022-01-02
311,3416,UW00,WH,BI,2022-01-18
311,3417,UW00,WH,BI,2022-01-03
311,3418,UW00,BI,BI,2022-01-28
311,3419,UW00,BI,BI,2022-03-04
311,3420,UW00,BI,BI,2023-02-03
311,3421,UW00,BI,BI,2022-01-09
311,3422,UW00,WH,BI,2022-01-08
311,3423,UW00,WH,BI,2022-03-20
311,3424,UW00,WH,BI,2022-01-15
311,3425,UW00,WH,BI,2022-06-09
311,3426,UW00,WH,BI,2022-02-11
311,3427,UW00,WH,BI,2022-02-27
311,3428,UW00,BI,BI,2022-01-18
311,3429,UW00,BI,BI,2022-02-15
311,3430,UW00,BI,BI,2022-02-03
311,3431,UW00,BI,BI,2022-01-20
311,3432,UW00,WH,BI,2022-03-29
311,3433,UW00,BI,BI,2022-03-16
311,3434,UW00,BI,BI,2022-01-09
311,3435,UW00,WH,BI,2022-02-04
311,3436,UW00,WH,BI,2022-04-04
311,3437,UW00,BI,BI,2022-01-10
311,3438,UW00,BI,BI,2022-04-01
311,3439,UW00,BI,BI,2022-01-04
311,3440,UW00,BI,BI,2022-01-14
311,3441,UW00,BI,BI,2022-03-02
311,3442,UW00,BI,BI,2022-01-17
311,3443,UW00,BI,BI,2022-05-27
311,3444,UW00,WH,BI,2022-04-04
311,3445,UW00,WH,BI,2022-01-10
311,3446,UW00,WH,BI,2022-04-28
311,3447,UW00,WH,BI,2022-01-02
311,3448,UW00,WH,BI,2022-01-18
311,3449,UW00,WH,BI,2022-01-08
311,3450,UW00,BI,BI,2022-03-13
311,3451,UW00,BI,BI,2022-02-11
311,3452,UW00,BI,BI,2022-04-22
311,3453,UW00,WH,BI,2022-01-13
311,3454,UW00,BI,BI,2022-01-05
311,3455,UW00,BI,BI,2022-01-25
311,3456,UW00,WH,BI,2022-02-10
311,3457,UW00,WH,BI,2022-01-24
311,3458,UW00,BI,BI,2022-01-02
311,3459,UW00,BI,BI,2022-04-04
311,3460,UW00,WH,BI,2022-06-02
311,3461,UW00,BI,BI,2022-06-22
311,3462,UW00,BI,BI,2022-03-09
311,3463,UW00,WH,BI,2022-01-01
311,3464,UW00,WH,BI,2022-01-14
311,3465,UW00,BI,BI,2022-01-13
311,3466,UW00,BI,BI,2022-01-29
311,3467,UW00,WH,BI,2022-01-03
311,3468,UW00,WH,BI,2022-01-08
311,3469,UW00,BI,BI,2022-01-30
311,3470,UW00,WH,BI,2022-02-03
311,3471,UW00,BI,BI,2022-04-27
311,3472,UW00,WH,BI,2022-01-17
311,3473,UW00,BI,BI,2022-01-15
311,3474,UW00,BI,BI,2022-02-07
311,3475,UW00,BI,BI,2022-01-10
311,3476,UW00,WH,BI,2022-01-18
311,3477,UW00,WH,BI,2022-02-24
311,3478,UW00,WH,BI,2022-05-02
311,3479,UW00,WH,BI,2022-01-10
311,3480,UW00,BI,BI,2022-08-09
311,3481,UW00,BI,BI,2022-09-29
311,3482,UW00,WH,BI,2022-01-05
311,3483,UW00,WH,BI,2022-01-07
311,3484,UW00,BI,BI,2022-02-17
311,3485,UW00,BI,BI,2022-01-27
311,3486,UW00,WH,BI,2022-02-06
311,3487,UW00,BI,BI,2022-01-07
311,3488,UW00,BI,BI,2022-01-04
311,3489,UW00,WH,BI,2022-01-05
311,3490,UW00,WH,BI,2022-04-06
311,3491,UW00,BI,BI,2022-01-20
311,3492,UW00,BI,BI,2022-01-01
311,3493,UW00,WH,BI,2022-08-05
311,3494,UW00,WH,BI,2022-01-20
311,3495,UW00,BI,BI,2022-02-08
311,3496,UW00,BI,BI,2022-03-23
311,3497,UW00,BI,BI,2022-01-13
311,3498,UW00,WH,BI,2022-04-28
311,3499,UW00,BI,BI,2022-04-01
311,3500,UW00,BI,BI,2022-02-27
311,3501,UW00,BI,BI,2022-07-13
311,3502,UW00,WH,BI,2022-01-28
311,3503,UW00,BI,BI,2022-03-21
311,3504,UW00,WH,BI,2023-02-21
311,3505,UW00,WH,BI,2022-01-21
311,3506,UW00,BI,BI,2022-02-20
311,3507,UW00,BI,BI,2022-01-14
311,3508,UW00,WH,BI,2022-01-17
311,3509,UW00,WH,BI,2022-01-23
311,3510,UW00,WH,BI,2022-01-26
311,3511,UW00,BI,BI,2022-10-01
311,3512,UW00,WH,BI,2022-01-02
311,3513,UW00,BI,BI,2022-01-06
311,3514,UW00,BI,BI,2022-05-26
311,3515,UW00,BI,BI,2023-10-19
311,3516,UW00,WH,BI,2022-02-13
311,3517,UW00,WH,BI,2022-02-24
311,3518,UW00,BI,BI,2022-02-05
311,3519,UW00,BI,BI,2022-09-10
311,3520,UW00,BI,BI,2022-04-23
311,3521,UW00,BI,BI,2022-02-13
311,3522,UW00,BI,BI,2022-03-11
311,3523,UW00,WH,BI,2022-03-15
311,3524,UW00,WH,BI,2022-02-05
311,3525,UW00,WH,BI,2022-01-08
311,3526,UW00,WH,BI,2022-01-26
311,3527,UW00,BI,BI,2022-06-01
311,3528,UW00,BI,BI,2022-01-25
311,3529,UW00,BI,BI,2022-02-16
311,3530,UW00,BI,BI,2022-01-02
311,3531,UW00,WH,BI,2023-01-16
311,3532,UW00,WH,BI,2022-04-24
311,3533,UW00,WH,BI,2022-05-08
311,3534,UW00,BI,BI,2022-01-01
311,3535,UW00,WH,BI,2022-01-06
311,3536,UW00,BI,BI,2022-02-04
311,3537,UW00,WH,BI,2022-01-22
311,3538,UW00,BI,BI,2022-03-24
311,3539,UW00,WH,BI,2022-04-10
311,3540,UW00,WH,BI,2022-01-28
311,3541,UW00,WH,BI,2022-01-04
311,3542,UW00,BI,BI,2022-01-03
311,3543,UW00,WH,BI,2022-01-22
311,3544,UW00,BI,BI,2022-01-30
311,3545,UW00,WH,BI,2022-01-27
311,3546,UW00,BI,BI,2022-09-18
311,3547,UW00,WH,BI,2022-08-21
311,3548,UW00,BI,BI,2022-02-14
311,3549,UW00,WH,BI,2022-11-10
311,3550,UW00,WH,BI,2022-01-11
311,3551,UW00,BI,BI,2022-01-28
311,3552,UW00,BI,BI,2022-02-09
311,3553,UW00,WH,BI,2022-01-08
311,3554,UW00,BI,BI,2022-04-01
311,3555,UW00,WH,BI,2022-05-11
311,3556,UW00,WH,BI,2022-07-14
311,3557,UW00,BI,BI,2022-01-10
311,3558,UW00,BI,BI,2022-02-20
311,3559,UW00,WH,BI,2022-01-19
311,3560,UW00,WH,BI,2022-02-24
311,3561,UW00,WH,BI,2022-01-08
311,3562,UW00,WH,BI,2022-07-16
311,3563,UW00,BI,BI,2022-01-10
311,3564,UW00,BI,BI,2022-03-07
311,3565,UW00,BI,BI,2022-07-10
311,3566,UW00,BI,BI,2022-04-12
311,3567,UW00,WH,BI,2022-01-08
311,3568,UW00,BI,BI,2022-01-13
311,3569,UW00,BI,BI,2022-03-02
311,3570,UW00,BI,BI,2022-01-03
311,3571,UW00,BI,BI,2022-01-05
311,3572,UW00,BI,BI,2022-01-30
311,3573,UW00,WH,BI,2022-01-15
311,3574,UW00,WH,BI,2022-01-20
311,3575,UW00,BI,BI,2022-01-19
311,3576,UW00,BI,BI,2022-01-09
311,3577,UW00,BI,BI,2022-05-11
311,3578,UW00,WH,BI,2022-08-25
311,3579,UW00,WH,BI,2022-02-02
311,3580,UW00,WH,BI,2022-01-02
311,3581,UW00,BI,BI,2022-01-13
311,3582,UW00,BI,BI,2022-02-22
311,3583,UW00,WH,BI,2022-01-02
311,3584,UW00,WH,BI,2022-02-11
311,3585,UW00,BI,BI,2022-02-02
311,3586,UW00,WH,BI,2022-05-30
311,3587,UW00,BI,BI,2022-02-04
311,3588,UW00,BI,BI,2022-01-01
311,3589,UW00,BI,BI,2022-06-01
311,3590,UW00,BI,BI,2022-01-25
311,3591,UW00,BI,BI,2022-01-05
311,3592,UW00,WH,BI,2022-04-01
311,3593,UW00,WH,BI,2022-01-29
311,3594,UW00,WH,BI,2022-01-23
311,3595,UW00,BI,BI,2022-04-19
311,3596,UW00,WH,BI,2022-02-10
311,3597,UW00,WH,BI,2022-01-04
311,3598,UW00,WH,BI,2022-01-02
311,3599,UW00,WH,BI,2022-06-08
311,3600,UW00,BI,BI,2022-01-31
311,3601,UW00,WH,BI,2022-02-23
311,3602,UW00,BI,BI,2022-01-05
311,3603,UW00,BI,BI,2022-11-12
311,3604,UW00,WH,BI,2022-01-01
311,3605,UW00,WH,BI,2022-05-10
311,3606,UW00,BI,BI,2022-01-27
311,3607,UW00,WH,BI,2023-02-17
311,3608,UW00,WH,BI,2022-02-20
311,3609,UW00,BI,BI,2022-01-11
311,3610,UW00,BI,BI,2022-04-26
311,3611,UW00,WH,BI,2022-01-13
311,3612,UW00,WH,BI,2022-01-12
311,3613,UW00,BI,BI,2022-07-13
311,3614,UW00,WH,BI,2022-01-12
311,3615,UW00,BI,BI,2022-09-22
311,3616,UW00,WH,BI,2022-01-17
311,3617,UW00,BI,BI,2022-04-12
311,3618,UW00,BI,BI,2022-02-10
311,3619,UW00,BI,BI,2022-01-14
311,3620,UW00,BI,BI,2022-01-06
311,3621,UW00,WH,BI,2022-02-19
311,3622,UW00,WH,BI,2022-02-12
311,3623,UW00,BI,BI,2022-02-12
311,3624,UW00,WH,BI,2022-03-14
311,3625,UW00,BI,BI,2022-01-25
311,3626,UW00,WH,BI,2022-03-21
311,3627,UW00,BI,BI,2022-01-06
311,3628,UW00,WH,BI,2022-01-01
311,3629,UW00,WH,BI,2022-01-17
311,3630,UW00,BI,BI,2022-01-07
311,3631,UW00,BI,BI,2022-01-10
311,3632,UW00,WH,BI,2022-01-05
311,3633,UW00,WH,BI,2022-01-13
311,3634,UW00,WH,BI,2022-01-11
311,3635,UW00,WH,BI,2023-05-16
311,3636,UW00,WH,BI,2022-02-22
311,3637,UW00,BI,BI,2022-02-09
311,3638,UW00,WH,BI,2022-01-29
311,3639,UW00,BI,BI,2022-01-10
311,3640,UW00,BI,BI,2022-03-19
311,3641,UW00,BI,BI,2022-05-14
311,3642,UW00,WH,BI,2022-01-30
311,3643,UW00,WH,BI,2022-05-04
311,3644,UW00,BI,BI,2022-01-01
311,3645,UW00,WH,BI,2022-01-06
311,3646,UW00,BI,BI,2022-02-03
311,3647,UW00,BI,BI,2022-06-20
311,3648,UW00,WH,BI,2023-11-22
311,3649,UW00,WH,BI,2022-06-06
311,3650,UW00,WH,BI,2022-05-20
311,3651,UW00,BI,BI,2022-04-01
311,3652,UW00,WH,BI,2022-01-07
311,3653,UW00,BI,BI,2022-03-04
311,3654,UW00,BI,BI,2022-01-09
311,3655,UW00,BI,BI,2022-04-05
311,3656,UW00,WH,BI,2022-04-10
311,3657,UW00,BI,BI,2022-04-19
311,3658,UW00,WH,BI,2022-04-10
311,3659,UW00,WH,BI,2023-01-13
311,3660,UW00,WH,BI,2022-05-09
311,3661,UW00,WH,BI,2022-03-27
311,3662,UW00,BI,BI,2022-03-04
311,3663,UW00,BI,BI,2022-03-07
311,3664,UW00,WH,BI,2022-01-28
311,3665,UW00,BI,BI,2022-07-17
311,3666,UW00,WH,BI,2022-02-20
311,3667,UW00,WH,BI,2022-01-04
311,3668,UW00,BI,BI,2022-04-16
311,3669,UW00,BI,BI,2022-01-07
311,3670,UW00,BI,BI,2022-03-08
311,3671,UW00,BI,BI,2022-01-21
311,3672,UW00,WH,BI,2022-03-15
311,3673,UW00,BI,BI,2022-01-24
311,3674,UW00,WH,BI,2022-03-11
311,3675,UW00,WH,BI,2022-02-05
311,3676,UW00,BI,BI,2022-01-06
311,3677,UW00,BI,BI,2022-01-20
311,3678,UW00,WH,BI,2022-02-19
311,3679,UW00,WH,BI,2022-01-20
311,3680,UW00,WH,BI,2022-01-03
311,3681,UW00,BI,BI,2022-01-27
311,3682,UW00,BI,BI,2022-01-23
311,3683,UW00,WH,BI,2022-07-14
311,3684,UW00,BI,BI,2022-01-05
311,3685,UW00,BI,BI,2022-02-11
311,3686,UW00,BI,BI,2022-01-15
311,3687,UW00,WH,BI,2022-04-25
311,3688,UW00,BI,BI,2022-01-11
311,3689,UW00,BI,BI,2022-01-22
311,3690,UW00,BI,BI,2022-02-21
311,3691,UW00,WH,BI,2023-01-11
311,3692,UW00,BI,BI,2022-02-28
311,3693,UW00,WH,BI,2022-03-08
311,3694,UW00,BI,BI,2022-01-14
311,3695,UW00,WH,BI,2022-01-26
311,3696,UW00,WH,BI,2022-01-08
311,3697,UW00,WH,BI,2022-01-12
311,3698,UW00,WH,BI,2022-01-23
311,3699,UW00,WH,BI,2022-02-02
311,3700,UW00,WH,BI,2022-02-01
311,3701,UW00,WH,BI,2022-05-28
311,3702,UW00,BI,BI,2022-03-27
311,3703,UW00,WH,BI,2022-02-10
311,3704,UW00,WH,BI,2022-01-07
311,3705,UW00,BI,BI,2022-01-15
311,3706,UW00,WH,BI,2022-01-11
311,3707,UW00,WH,BI,2022-05-07
311,3708,UW00,WH,BI,2022-01-15
311,3709,UW00,BI,BI,2022-07-09
311,3710,UW00,BI,BI,2022-12-18
311,3711,UW00,WH,BI,2023-04-08
311,3712,UW00,WH,BI,2022-03-08
311,3713,UW00,WH,BI,2022-01-05
311,3714,UW00,WH,BI,2022-01-21
311,3715,UW00,WH,BI,2022-01-25
311,3716,UW00,BI,BI,2022-01-08
311,3717,UW00,WH,BI,2022-03-20
311,3718,UW00,WH,BI,2022-01-07
311,3719,UW00,BI,BI,2022-01-13
311,3720,UW00,BI,BI,2022-01-20
311,3721,UW00,BI,BI,2022-01-09
311,3722,UW00,BI,BI,2022-03-01
311,3723,UW00,BI,BI,2022-02-19
311,3724,UW00,BI,BI,2022-01-04
311,3725,UW00,BI,BI,2022-02-15
311,3726,UW00,WH,BI,2022-01-10
311,3727,UW00,BI,BI,2022-01-21
311,3728,UW00,WH,BI,2022-01-08
311,3729,UW00,WH,BI,2022-07-24
311,3730,UW00,WH,BI,2022-02-02
311,3731,UW00,WH,BI,2022-01-05
311,3732,UW00,WH,BI,2022-02-03
311,3733,UW00,BI,BI,2022-02-09
311,3734,UW00,WH,BI,2022-01-25
311,3735,UW00,BI,BI,2022-01-17
311,3736,UW00,BI,BI,2022-03-09
311,3737,UW00,WH,BI,2022-02-12
311,3738,UW00,BI,BI,2022-11-29
311,3739,UW00,BI,BI,2022-01-01
311,3740,UW00,BI,BI,2022-02-13
311,3741,UW00,BI,BI,2022-01-18
311,3742,UW00,WH,BI,2022-06-17
311,3743,UW00,BI,BI,2022-06-07
311,3744,UW00,WH,BI,2022-01-10
311,3745,UW00,WH,BI,2022-04-01
311,3746,UW00,WH,BI,2022-01-18
311,3747,UW00,BI,BI,2022-01-05
311,3748,UW00,BI,BI,2022-01-15
311,3749,UW00,WH,BI,2022-01-05
311,3750,UW00,BI,BI,2022-01-08
311,3751,UW00,BI,BI,2022-02-16
311,3752,UW00,WH,BI,2022-02-08
311,3753,UW00,WH,BI,2022-03-16
311,3754,UW00,WH,BI,2022-03-18
311,3755,UW00,WH,BI,2022-03-27
311,3756,UW00,WH,BI,2022-01-23
311,3757,UW00,BI,BI,2022-01-19
311,3758,UW00,WH,BI,2022-01-22
311,3759,UW00,BI,BI,2022-02-08
311,3760,UW00,WH,BI,2022-01-15
311,3761,UW00,BI,BI,2022-01-20
311,3762,UW00,WH,BI,2022-04-26
311,3763,UW00,BI,BI,2022-02-16
311,3764,UW00,WH,BI,2022-02-22
311,3765,UW00,WH,BI,2022-01-11
311,3766,UW00,WH,BI,2022-02-11
311,3767,UW00,WH,BI,2022-01-17
311,3768,UW00,BI,BI,2022-05-07
311,3769,UW00,WH,BI,2022-01-18
311,3770,UW00,WH,BI,2022-03-22
311,3771,UW00,WH,BI,2022-02-03
311,3772,UW00,WH,BI,2022-01-15
311,3773,UW00,BI,BI,2022-01-04
311,3774,UW00,WH,BI,2022-02-05
311,3775,UW00,BI,BI,2022-03-18
311,3776,UW00,WH,BI,2022-04-13
311,3777,UW00,BI,BI,2022-02-15
311,3778,UW00,WH,BI,2022-01-29
311,3779,UW00,WH,BI,2022-01-26
311,3780,UW00,BI,BI,2022-01-18
311,3781,UW00,BI,BI,2022-01-02
311,3782,UW00,BI,BI,2022-01-04
311,3783,UW00,WH,BI,2022-01-11
311,3784,UW00,WH,BI,2022-03-21
311,3785,UW00,WH,BI,2022-01-25
311,3786,UW00,BI,BI,2022-01-01
311,3787,UW00,WH,BI,2022-01-11
311,3788,UW00,WH,BI,2022-01-09
311,3789,UW00,BI,BI,2022-02-26
311,3790,UW00,BI,BI,2022-01-29
311,3791,UW00,BI,BI,2022-01-07
311,3792,UW00,BI,BI,2022-05-07
311,3793,UW00,BI,BI,2023-03-13
311,3794,UW00,WH,BI,2022-02-26
311,3795,UW00,BI,BI,2022-06-23
311,3796,UW00,BI,BI,2022-01-27
311,3797,UW00,BI,BI,2022-05-22
311,3798,UW00,WH,BI,2022-02-04
311,3799,UW00,WH,BI,2022-01-11
311,3800,UW00,BI,BI,2022-01-03
311,3801,UW00,WH,BI,2022-01-14
311,3802,UW00,WH,BI,2022-02-22
311,3803,UW00,BI,BI,2022-01-03
311,3804,UW00,BI,BI,2022-01-26
311,3805,UW00,BI,BI,2022-01-01
311,3806,UW00,WH,BI,2022-02-21
311,3807,UW00,BI,BI,2022-01-07
311,3808,UW00,BI,BI,2022-08-18
311,3809,UW00,BI,BI,2022-04-12
311,3810,UW00,BI,BI,2022-02-27
311,3811,UW00,BI,BI,2022-02-01
311,3812,UW00,BI,BI,2022-01-04
311,3813,UW00,BI,BI,2022-01-17
311,3814,UW00,WH,BI,2022-01-18
311,3815,UW00,WH,BI,2022-01-09
311,3816,UW00,WH,BI,2022-07-24
311,3817,UW00,BI,BI,2022-01-18
311,3818,UW00,WH,BI,2022-04-10
311,3819,UW00,WH,BI,2022-12-03
311,3820,UW00,BI,BI,2022-03-22
311,3821,UW00,WH,BI,2022-01-04
311,3822,UW00,WH,BI,2022-01-01
311,3823,UW00,WH,BI,2022-02-11
311,3824,UW00,WH,BI,2023-03-01
311,3825,UW00,BI,BI,2022-05-21
311,3826,UW00,WH,BI,2022-01-12
311,3827,UW00,WH,BI,2022-02-23
311,3828,UW00,BI,BI,2022-01-21
311,3829,UW00,BI,BI,2022-01-27
311,3830,UW00,WH,BI,2022-03-17
311,3831,UW00,BI,BI,2022-08-27
311,3832,UW00,BI,BI,2022-01-14
311,3833,UW00,WH,BI,2022-06-17
311,3834,UW00,BI,BI,2022-09-28
311,3835,UW00,WH,BI,2022-01-18
311,3836,UW00,BI,BI,2022-02-06
311,3837,UW00,WH,BI,2022-05-12
311,3838,UW00,BI,BI,2022-02-06
311,3839,UW00,BI,BI,2022-01-09
311,3840,UW00,WH,BI,2022-01-28
311,3841,UW00,WH,BI,2022-02-14
311,3842,UW00,WH,BI,2022-01-20
311,3843,UW00,WH,BI,2022-01-24
311,3844,UW00,BI,BI,2022-01-21
311,3845,UW00,WH,BI,2022-02-10
311,3846,UW00,WH,BI,2022-01-20
311,3847,UW00,WH,BI,2022-07-12
311,3848,UW00,BI,BI,2022-02-21
311,3849,UW00,BI,BI,2022-03-04
311,3850,UW00,WH,BI,2022-01-27
311,3851,UW00,WH,BI,2022-01-24
311,3852,UW00,BI,BI,2022-01-19
311,3853,UW00,WH,BI,2022-01-27
311,3854,UW00,WH,BI,2022-03-10
311,3855,UW00,BI,BI,2022-01-09
311,3856,UW00,BI,BI,2022-01-02
311,3857,UW00,WH,BI,2022-02-15
311,3858,UW00,WH,BI,2022-01-02
311,3859,UW00,WH,BI,2022-05-10
311,3860,UW00,BI,BI,2022-01-26
311,3861,UW00,BI,BI,2022-01-16
311,3862,UW00,BI,BI,2022-08-06
311,3863,UW00,BI,BI,2022-01-19
311,3864,UW00,WH,BI,2022-03-14
311,3865,UW00,WH,BI,2022-04-25
311,3866,UW00,BI,BI,2022-03-09
311,3867,UW00,WH,BI,2022-01-16
311,3868,UW00,BI,BI,2022-02-13
311,3869,UW00,BI,BI,2022-02-26
311,3870,UW00,WH,BI,2022-01-16
311,3871,UW00,BI,BI,2022-01-27
311,3872,UW00,BI,BI,2022-02-19
311,3873,UW00,BI,BI,2022-01-26
311,3874,UW00,WH,BI,2022-01-08
311,3875,UW00,BI,BI,2022-02-25
311,3876,UW00,BI,BI,2022-01-05
311,3877,UW00,WH,BI,2022-02-28
311,3878,UW00,BI,BI,2022-02-15
311,3879,UW00,BI,BI,2022-05-04
311,3880,UW00,BI,BI,2022-03-07
311,3881,UW00,BI,BI,2022-02-10
311,3882,UW00,BI,BI,2022-01-08
311,3883,UW00,WH,BI,2022-08-06
311,3884,UW00,WH,BI,2022-04-04
311,3885,UW00,BI,BI,2022-01-14
311,3886,UW00,WH,BI,2022-01-09
311,3887,UW00,WH,BI,2022-02-10
311,3888,UW00,WH,BI,2022-01-03
311,3889,UW00,BI,BI,2022-02-05
311,3890,UW00,WH,BI,2022-04-26
311,3891,UW00,WH,BI,2022-04-09
311,3892,UW00,WH,BI,2022-01-10
311,3893,UW00,WH,BI,2022-01-06
311,3894,UW00,BI,BI,2022-01-04
311,3895,UW00,WH,BI,2022-01-27
311,3896,UW00,WH,BI,2022-01-02
311,3897,UW00,BI,BI,2022-02-23
311,3898,UW00,BI,BI,2022-03-26
311,3899,UW00,WH,BI,2022-01-07
311,3900,UW00,BI,BI,2022-01-08
311,3901,UW00,BI,BI,2022-01-15
311,3902,UW00,BI,BI,2022-02-11
311,3903,UW00,WH,BI,2022-01-09
311,3904,UW00,WH,BI,2022-01-24
311,3905,UW00,BI,BI,2022-01-22
311,3906,UW00,WH,BI,2022-01-05
311,3907,UW00,WH,BI,2022-01-29
311,3908,UW00,WH,BI,2022-01-28
311,3909,UW00,WH,BI,2022-05-13
311,3910,UW00,WH,BI,2022-01-23
311,3911,UW00,WH,BI,2022-01-12
311,3912,UW00,WH,BI,2022-01-31
311,3913,UW00,WH,BI,2022-01-04
311,3914,UW00,WH,BI,2022-01-03
311,3915,UW00,WH,BI,2022-01-23
311,3916,UW00,BI,BI,2022-02-07
311,3917,UW00,WH,BI,2022-02-04
311,3918,UW00,BI,BI,2022-01-10
311,3919,UW00,WH,BI,2022-08-16
311,3920,UW00,BI,BI,2022-01-02
311,3921,UW00,WH,BI,2022-01-04
311,3922,UW00,WH,BI,2022-03-06
311,3923,UW00,BI,BI,2022-01-05
311,3924,UW00,BI,BI,2022-01-16
311,3925,UW00,BI,BI,2022-01-17
311,3926,UW00,WH,BI,2022-03-02
311,3927,UW00,WH,BI,2022-02-27
311,3928,UW00,BI,BI,2022-01-22
311,3929,UW00,WH,BI,2022-03-28
311,3930,UW00,WH,BI,2022-02-16
311,3931,UW00,BI,BI,2022-01-05
311,3932,UW00,WH,BI,2022-01-15
311,3933,UW00,BI,BI,2022-06-07
311,3934,UW00,BI,BI,2022-01-29
311,3935,UW00,WH,BI,2022-01-04
311,3936,UW00,WH,BI,2022-02-18
311,3937,UW00,BI,BI,2022-02-18
311,3938,UW00,BI,BI,2022-06-07
311,3939,UW00,WH,BI,2022-04-06
311,3940,UW00,WH,BI,2022-02-01
311,3941,UW00,WH,BI,2022-03-06
311,3942,UW00,WH,BI,2022-01-10
311,3943,UW00,BI,BI,2022-01-05
311,3944,UW00,WH,BI,2022-04-16
311,3945,UW00,WH,BI,2022-01-15
311,3946,UW00,WH,BI,2022-06-10
311,3947,UW00,BI,BI,2022-01-24
311,3948,UW00,WH,BI,2022-01-28
311,3949,UW00,WH,BI,2022-06-24
311,3950,UW00,WH,BI,2022-04-03
311,3951,UW00,BI,BI,2022-01-20
311,3952,UW00,WH,BI,2022-04-08
311,3953,UW00,WH,BI,2022-03-24
311,3954,UW00,BI,BI,2022-01-17
311,3955,UW00,BI,BI,2022-01-04
311,3956,UW00,BI,BI,2022-01-06
311,3957,UW00,WH,BI,2022-01-17
311,3958,UW00,BI,BI,2022-06-18
311,3959,UW00,WH,BI,2022-01-14
311,3960,UW00,BI,BI,2022-01-14
311,3961,UW00,BI,BI,2022-01-03
311,3962,UW00,BI,BI,2022-03-03
311,3963,UW00,WH,BI,2022-01-17
311,3964,UW00,BI,BI,2022-05-10
311,3965,UW00,WH,BI,2022-02-16
311,3966,UW00,BI,BI,2022-01-07
311,3967,UW00,BI,BI,2022-02-20
311,3968,UW00,WH,BI,2022-01-15
311,3969,UW00,WH,BI,2022-01-07
311,3970,UW00,BI,BI,2022-02-24
311,3971,UW00,BI,BI,2022-01-04
311,3972,UW00,BI,BI,2022-03-16
311,3973,UW00,WH,BI,2022-02-14
311,3974,UW00,WH,BI,2022-06-03
311,3975,UW00,WH,BI,2022-01-12
311,3976,UW00,WH,BI,2022-09-01
311,3977,UW00,WH,BI,2022-01-02
311,3978,UW00,BI,BI,2022-04-14
311,3979,UW00,WH,BI,2023-06-15
311,3980,UW00,BI,BI,2022-01-24
311,3981,UW00,BI,BI,2022-02-08
311,3982,UW00,BI,BI,2022-01-27
311,3983,UW00,WH,BI,2022-01-03
311,3984,UW00,WH,BI,2022-02-18
311,3985,UW00,BI,BI,2022-02-22
311,3986,UW00,BI,BI,2022-04-12
311,3987,UW00,BI,BI,2022-04-29
311,3988,UW00,BI,BI,2022-01-14
311,3989,UW00,BI,BI,2022-02-05
311,3990,UW00,BI,BI,2022-02-17
311,3991,UW00,BI,BI,2022-03-09
311,3992,UW00,WH,BI,2022-05-08
311,3993,UW00,BI,BI,2022-02-05
311,3994,UW00,BI,BI,2022-01-01
311,3995,UW00,WH,BI,2022-01-18
311,3996,UW00,BI,BI,2022-01-15
311,3997,UW00,BI,BI,2022-02-06
311,3998,UW00,BI,BI,2022-01-30
311,3999,UW00,BI,BI,2022-05-25
311,4000,UW00,BI,BI,2023-01-18
311,4001,UW00,BI,BI,2022-01-17
311,4002,UW00,WH,BI,2022-02-14
311,4003,UW00,WH,BI,2022-01-01
311,4004,UW00,WH,BI,2022-02-06
311,4005,UW00,BI,BI,2022-02-14
311,4006,UW00,WH,BI,2022-02-08
311,4007,UW00,WH,BI,2022-01-07
311,4008,UW00,WH,BI,2022-12-10
311,4009,UW00,BI,BI,2023-01-20
311,4010,UW00,BI,BI,2022-07-31
311,4011,UW00,WH,BI,2022-02-06
311,4012,UW00,WH,BI,2022-01-07
311,4013,UW00,BI,BI,2022-01-06
311,4014,UW00,WH,BI,2022-01-05
311,4015,UW00,WH,BI,2022-04-11
311,4016,UW00,WH,BI,2022-06-02
311,4017,UW00,BI,BI,2022-01-10
311,4018,UW00,BI,BI,2022-01-20
311,4019,UW00,WH,BI,2022-03-30
311,4020,UW00,WH,BI,2022-03-25
311,4021,UW00,BI,BI,2022-02-07
311,4022,UW00,WH,BI,2022-03-17
311,4023,UW00,BI,BI,2022-02-04
311,4024,UW00,WH,BI,2022-01-07
311,4025,UW00,WH,BI,2022-03-17
311,4026,UW00,BI,BI,2022-02-14
311,4027,UW00,BI,BI,2022-01-15
311,4028,UW00,BI,BI,2022-01-28
311,4029,UW00,WH,BI,2022-01-12
311,4030,UW00,WH,BI,2022-01-02
311,4031,UW00,BI,BI,2022-02-02
311,4032,UW00,BI,BI,2022-02-07
311,4033,UW00,WH,BI,2022-01-02
311,4034,UW00,WH,BI,2022-01-18
311,4035,UW00,BI,BI,2022-05-21
311,4036,UW00,WH,BI,2022-02-22
311,4037,UW00,WH,BI,2022-02-02
311,4038,UW00,WH,BI,2022-02-09
311,4039,UW00,WH,BI,2022-01-08
311,4040,UW00,WH,BI,2022-02-03
311,4041,UW00,BI,BI,2022-02-18
311,4042,UW00,WH,BI,2022-01-12
311,4043,UW00,WH,BI,2022-04-25
311,4044,UW00,WH,BI,2022-01-02
311,4045,UW00,WH,BI,2022-01-23
311,4046,UW00,BI,BI,2022-02-12
311,4047,UW00,BI,BI,2022-03-20
311,4048,UW00,BI,BI,2022-02-17
311,4049,UW00,BI,BI,2022-03-04
311,4050,UW00,BI,BI,2022-02-13
311,4051,UW00,WH,BI,2022-01-28
311,4052,UW00,WH,BI,2022-01-04
311,4053,UW00,WH,BI,2022-01-24
311,4054,UW00,WH,BI,2022-04-06
311,4055,UW00,BI,BI,2022-01-10
311,4056,UW00,BI,BI,2022-04-17
311,4057,UW00,BI,BI,2022-01-03
311,4058,UW00,BI,BI,2022-03-17
311,4059,UW00,WH,BI,2022-08-28
311,4060,UW00,WH,BI,2022-11-22
311,4061,UW00,BI,BI,2022-01-02
311,4062,UW00,BI,BI,2022-01-12
311,4063,UW00,WH,BI,2022-01-17
311,4064,UW00,BI,BI,2022-08-20
311,4065,UW00,WH,BI,2022-03-24
311,4066,UW00,BI,BI,2022-04-09
311,4067,UW00,WH,BI,2022-01-11
311,4068,UW00,WH,BI,2022-02-07
311,4069,UW00,BI,BI,2022-01-28
311,4070,UW00,BI,BI,2022-01-28
311,4071,UW00,WH,BI,2022-05-17
311,4072,UW00,BI,BI,2022-01-02
311,4073,UW00,BI,BI,2022-01-04
311,4074,UW00,BI,BI,2022-09-12
311,4075,UW00,BI,BI,2022-02-21
311,4076,UW00,BI,BI,2022-01-04
311,4077,UW00,WH,BI,2022-02-06
311,4078,UW00,BI,BI,2022-08-18
311,4079,UW00,BI,BI,2022-03-04
311,4080,UW00,BI,BI,2022-01-22
311,4081,UW00,WH,BI,2022-01-07
311,4082,UW00,BI,BI,2022-02-23
311,4083,UW00,WH,BI,2022-02-13
311,4084,UW00,BI,BI,2022-01-13
311,4085,UW00,WH,BI,2022-02-04
311,4086,UW00,BI,BI,2022-01-06
311,4087,UW00,WH,BI,2022-01-13
311,4088,UW00,WH,BI,2022-01-24
311,4089,UW00,BI,BI,2022-04-13
311,4090,UW00,BI,BI,2022-01-03
311,4091,UW00,BI,BI,2022-01-21
311,4092,UW00,WH,BI,2022-01-04
311,4093,UW00,BI,BI,2022-09-02
311,4094,UW00,WH,BI,2022-01-24
311,4095,UW00,BI,BI,2022-01-11
311,4096,UW00,WH,BI,2022-02-11
311,4097,UW00,BI,BI,2022-02-25
311,4098,UW00,BI,BI,2022-06-07
311,4099,UW00,WH,BI,2022-01-06
311,4100,UW00,WH,BI,2022-03-30
311,4101,UW00,BI,BI,2022-02-26
311,4102,UW00,BI,BI,2022-03-23
311,4103,UW00,BI,BI,2022-01-20
311,4104,UW00,WH,BI,2022-01-18
311,4105,UW00,BI,BI,2022-08-09
311,4106,UW00,WH,BI,2022-03-12
311,4107,UW00,WH,BI,2022-01-05
311,4108,UW00,BI,BI,2022-01-30
311,4109,UW00,WH,BI,2022-03-21
311,4110,UW00,WH,BI,2022-06-06
311,4111,UW00,WH,BI,2022-08-04
311,4112,UW00,BI,BI,2022-03-19
311,4113,UW00,WH,BI,2022-03-24
311,4114,UW00,WH,BI,2022-01-17
311,4115,UW00,WH,BI,2022-01-03
311,4116,UW00,WH,BI,2022-06-01
311,4117,UW00,BI,BI,2022-03-08
311,4118,UW00,WH,BI,2022-01-01
311,4119,UW00,WH,BI,2022-01-02
311,4120,UW00,WH,BI,2022-01-14
311,4121,UW00,WH,BI,2022-12-16
311,4122,UW00,BI,BI,2022-01-10
311,4123,UW00,WH,BI,2022-02-09
311,4124,UW00,WH,BI,2022-05-16
311,4125,UW00,BI,BI,2022-03-24
311,4126,UW00,BI,BI,2022-01-25
311,4127,UW00,BI,BI,2022-06-29
311,4128,UW00,BI,BI,2022-05-05
311,4129,UW00,BI,BI,2022-01-29
311,4130,UW00,BI,BI,2022-01-15
311,4131,UW00,WH,BI,2023-06-06
311,4132,UW00,BI,BI,2022-04-09
311,4133,UW00,BI,BI,2022-02-21
311,4134,UW00,WH,BI,2022-04-22
311,4135,UW00,WH,BI,2022-07-26
311,4136,UW00,WH,BI,2022-05-29
311,4137,UW00,BI,BI,2022-04-20
311,4138,UW00,BI,BI,2022-01-09
311,4139,UW00,WH,BI,2022-03-07
311,4140,UW00,BI,BI,2022-01-02
311,4141,UW00,BI,BI,2022-01-30
311,4142,UW00,WH,BI,2022-03-17
311,4143,UW00,BI,BI,2022-03-29
311,4144,UW00,WH,BI,2022-09-05
311,4145,UW00,BI,BI,2022-01-17
311,4146,UW00,BI,BI,2022-01-03
311,4147,UW00,WH,BI,2022-01-01
311,4148,UW00,WH,BI,2022-01-09
311,4149,UW00,WH,BI,2022-01-20
311,4150,UW00,BI,BI,2022-01-31
311,4151,UW00,WH,BI,2022-01-24
311,4152,UW00,BI,BI,2022-01-08
311,4153,UW00,BI,BI,2022-01-31
311,4154,UW00,BI,BI,2022-01-18
311,4155,UW00,WH,BI,2022-04-16
311,4156,UW00,BI,BI,2022-02-15
311,4157,UW00,WH,BI,2022-03-19
311,4158,UW00,BI,BI,2022-01-04
311,4159,UW00,BI,BI,2022-07-28
311,4160,UW00,BI,BI,2022-02-05
311,4161,UW00,BI,BI,2022-01-06
311,4162,UW00,WH,BI,2022-01-09
311,4163,UW00,BI,BI,2022-02-07
311,4164,UW00,BI,BI,2022-06-08
311,4165,UW00,WH,BI,2022-01-04
311,4166,UW00,BI,BI,2022-01-15
311,4167,UW00,BI,BI,2022-02-26
311,4168,UW00,BI,BI,2022-02-18
311,4169,UW00,BI,BI,2022-01-11
311,4170,UW00,BI,BI,2022-01-29
311,4171,UW00,BI,BI,2022-01-31
311,4172,UW00,WH,BI,2022-02-04
311,4173,UW00,WH,BI,2022-02-09
311,4174,UW00,WH,BI,2022-01-02
311,4175,UW00,WH,BI,2022-01-25
311,4176,UW00,BI,BI,2022-01-23
311,4177,UW00,WH,BI,2022-02-28
311,4178,UW00,BI,BI,2022-02-24
311,4179,UW00,BI,BI,2022-01-11
311,4180,UW00,WH,BI,2022-01-05
311,4181,UW00,WH,BI,2022-01-26
311,4182,UW00,WH,BI,2022-02-11
311,4183,UW00,BI,BI,2022-01-03
311,4184,UW00,WH,BI,2022-02-17
311,4185,UW00,WH,BI,2022-01-26
311,4186,UW00,BI,BI,2022-01-04
311,4187,UW00,BI,BI,2022-08-11
311,4188,UW00,WH,BI,2022-02-15
311,4189,UW00,BI,BI,2022-05-19
311,4190,UW00,BI,BI,2022-01-12
311,4191,UW00,BI,BI,2022-01-05
311,4192,UW00,BI,BI,2022-01-05
311,4193,UW00,WH,BI,2022-02-12
311,4194,UW00,BI,BI,2022-01-06
311,4195,UW00,WH,BI,2022-05-03
311,4196,UW00,WH,BI,2022-02-15
311,4197,UW00,WH,BI,2022-01-19
311,4198,UW00,WH,BI,2022-03-15
311,4199,UW00,BI,BI,2022-03-12
311,4200,UW00,BI,BI,2022-01-16
311,4201,UW00,WH,BI,2022-01-10
311,4202,UW00,BI,BI,2022-01-05
311,4203,UW00,BI,BI,2022-03-04
311,4204,UW00,BI,BI,2022-01-26
311,4205,UW00,BI,BI,2022-01-18
311,4206,UW00,BI,BI,2022-03-10
311,4207,UW00,BI,BI,2022-01-08
311,4208,UW00,BI,BI,2022-03-26
311,4209,UW00,WH,BI,2022-01-16
311,4210,UW00,BI,BI,2022-01-02
311,4211,UW00,WH,BI,2022-01-04
311,4212,UW00,BI,BI,2022-03-27
311,4213,UW00,WH,BI,2022-01-20
311,4214,UW00,WH,BI,2023-02-21
311,4215,UW00,BI,BI,2022-01-21
311,4216,UW00,BI,BI,2022-01-05
311,4217,UW00,BI,BI,2022-01-15
311,4218,UW00,BI,BI,2022-01-09
311,4219,UW00,BI,BI,2022-03-28
311,4220,UW00,WH,BI,2022-01-08
311,4221,UW00,BI,BI,2022-02-22
311,4222,UW00,BI,BI,2022-01-26
311,4223,UW00,BI,BI,2022-03-31
311,4224,UW00,WH,BI,2022-01-02
311,4225,UW00,WH,BI,2022-01-07
311,4226,UW00,BI,BI,2022-02-17
311,4227,UW00,BI,BI,2022-02-10
311,4228,UW00,BI,BI,2022-01-25
311,4229,UW00,WH,BI,2022-04-26
311,4230,UW00,WH,BI,2022-01-25
311,4231,UW00,WH,BI,2022-04-19
311,4232,UW00,BI,BI,2022-02-22
311,4233,UW00,WH,BI,2022-02-21
311,4234,UW00,BI,BI,2023-06-16
311,4235,UW00,BI,BI,2022-01-16
311,4236,UW00,BI,BI,2022-01-09
311,4237,UW00,BI,BI,2022-02-12
311,4238,UW00,BI,BI,2022-02-01
311,4239,UW00,BI,BI,2023-01-06
311,4240,UW00,BI,BI,2022-01-07
311,4241,UW00,BI,BI,2022-01-11
311,4242,UW00,BI,BI,2022-01-21
311,4243,UW00,BI,BI,2022-04-24
311,4244,UW00,WH,BI,2022-01-17
311,4245,UW00,WH,BI,2022-02-08
311,4246,UW00,WH,BI,2022-03-01
311,4247,UW00,WH,BI,2022-02-25
311,4248,UW00,WH,BI,2022-01-22
311,4249,UW00,BI,BI,2022-01-05
311,4250,UW00,WH,BI,2022-01-03
311,4251,UW00,WH,BI,2022-02-05
311,4252,UW00,WH,BI,2022-01-12
311,4253,UW00,BI,BI,2022-01-04
311,4254,UW00,WH,BI,2022-03-06
311,4255,UW00,WH,BI,2022-02-03
311,4256,UW00,WH,BI,2022-02-01
311,4257,UW00,BI,BI,2022-01-23
311,4258,UW00,WH,BI,2022-02-04
311,4259,UW00,WH,BI,2022-01-26
311,4260,UW00,BI,BI,2022-01-19
311,4261,UW00,WH,BI,2022-02-07
311,4262,UW00,WH,BI,2022-02-18
311,4263,UW00,BI,BI,2022-01-26
311,4264,UW00,WH,BI,2022-01-10
311,4265,UW00,WH,BI,2022-01-08
311,4266,UW00,BI,BI,2022-01-14
311,4267,UW00,BI,BI,2022-06-06
311,4268,UW00,WH,BI,2022-01-14
311,4269,UW00,WH,BI,2022-01-11
311,4270,UW00,BI,BI,2022-02-05
311,4271,UW00,BI,BI,2022-03-26
311,4272,UW00,WH,BI,2022-01-13
311,4273,UW00,WH,BI,2022-07-28
311,4274,UW00,WH,BI,2022-01-07
311,4275,UW00,WH,BI,2022-03-05
311,4276,UW00,WH,BI,2022-01-15
311,4277,UW00,BI,BI,2022-03-29
311,4278,UW00,BI,BI,2022-01-23
311,4279,UW00,BI,BI,2022-01-22
311,4280,UW00,BI,BI,2022-02-22
311,4281,UW00,BI,BI,2023-11-03
311,4282,UW00,BI,BI,2022-05-09
311,4283,UW00,WH,BI,2022-01-07
311,4284,UW00,WH,BI,2022-02-08
311,4285,UW00,BI,BI,2022-03-01
311,4286,UW00,BI,BI,2022-02-06
311,4287,UW00,BI,BI,2022-01-28
311,4288,UW00,BI,BI,2022-01-30
311,4289,UW00,BI,BI,2022-02-12
311,4290,UW00,WH,BI,2022-01-23
311,4291,UW00,WH,BI,2022-01-02
311,4292,UW00,BI,BI,2022-01-18
311,4293,UW00,BI,BI,2022-01-19
311,4294,UW00,BI,BI,2022-02-13
311,4295,UW00,BI,BI,2022-01-26
311,4296,UW00,BI,BI,2022-06-02
311,4297,UW00,WH,BI,2022-01-06
311,4298,UW00,BI,BI,2022-01-03
311,4299,UW00,WH,BI,2022-01-08
311,4300,UW00,WH,BI,2022-02-04
311,4301,UW00,WH,BI,2022-01-12
311,4302,UW00,BI,BI,2022-03-14
311,4303,UW00,BI,BI,2022-01-19
311,4304,UW00,BI,BI,2022-01-14
311,4305,UW00,WH,BI,2022-01-03
311,4306,UW00,BI,BI,2022-01-18
311,4307,UW00,BI,BI,2022-01-05
311,4308,UW00,BI,BI,2022-02-02
311,4309,UW00,WH,BI,2022-01-19
311,4310,UW00,BI,BI,2022-01-08
311,4311,UW00,BI,BI,2022-01-20
311,4312,UW00,WH,BI,2022-01-13
311,4313,UW00,WH,BI,2022-02-12
311,4314,UW00,BI,BI,2022-03-03
311,4315,UW00,WH,BI,2022-02-19
311,4316,UW00,BI,BI,2022-03-24
311,4317,UW00,BI,BI,2022-05-06
311,4318,UW00,BI,BI,2022-01-29
311,4319,UW00,WH,BI,2022-01-13
311,4320,UW00,WH,BI,2022-02-11
311,4321,UW00,BI,BI,2022-01-19
311,4322,UW00,BI,BI,2022-01-04
311,4323,UW00,WH,BI,2022-02-07
311,4324,UW00,BI,BI,2022-01-01
311,4325,UW00,WH,BI,2022-06-21
311,4326,UW00,BI,BI,2022-04-24
311,4327,UW00,WH,BI,2022-01-08
311,4328,UW00,BI,BI,2022-02-17
311,4329,UW00,BI,BI,2022-02-05
311,4330,UW00,BI,BI,2022-06-18
311,4331,UW00,BI,BI,2022-03-08
311,4332,UW00,WH,BI,2022-09-23
311,4333,UW00,WH,BI,2022-04-19
311,4334,UW00,WH,BI,2022-09-10
311,4335,UW00,WH,BI,2022-01-23
311,4336,UW00,BI,BI,2022-02-13
311,4337,UW00,WH,BI,2022-02-16
311,4338,UW00,BI,BI,2022-01-28
311,4339,UW00,BI,BI,2022-02-13
311,4340,UW00,BI,BI,2022-09-09
311,4341,UW00,BI,BI,2022-01-18
311,4342,UW00,WH,BI,2022-01-13
311,4343,UW00,BI,BI,2022-01-22
311,4344,UW00,WH,BI,2022-03-31
311,4345,UW00,WH,BI,2022-03-20
311,4346,UW00,WH,BI,2022-08-17
311,4347,UW00,WH,BI,2022-07-28
311,4348,UW00,WH,BI,2022-01-10
311,4349,UW00,WH,BI,2022-02-25
311,4350,UW00,BI,BI,2022-04-05
311,4351,UW00,BI,BI,2022-01-23
311,4352,UW00,WH,BI,2022-08-28
311,4353,UW00,BI,BI,2022-02-08
311,4354,UW00,WH,BI,2022-01-19
311,4355,UW00,WH,BI,2022-02-15
311,4356,UW00,WH,BI,2022-09-29
311,4357,UW00,WH,BI,2022-07-05
311,4358,UW00,WH,BI,2022-02-15
311,4359,UW00,BI,BI,2022-01-15
311,4360,UW00,WH,BI,2023-11-30
311,4361,UW00,BI,BI,2022-01-22
311,4362,UW00,BI,BI,2022-06-07
311,4363,UW00,BI,BI,2022-01-15
311,4364,UW00,BI,BI,2022-01-09
311,4365,UW00,BI,BI,2022-01-14
311,4366,UW00,BI,BI,2022-01-01
311,4367,UW00,WH,BI,2022-01-07
311,4368,UW00,BI,BI,2022-07-26
311,4369,UW00,WH,BI,2022-01-15
311,4370,UW00,WH,BI,2022-08-24
311,4371,UW00,WH,BI,2022-01-21
311,4372,UW00,BI,BI,2022-02-21
311,4373,UW00,BI,BI,2022-06-28
311,4374,UW00,WH,BI,2022-04-10
311,4375,UW00,BI,BI,2022-01-03
311,4376,UW00,WH,BI,2022-04-23
311,4377,UW00,WH,BI,2022-01-02
311,4378,UW00,BI,BI,2022-05-10
311,4379,UW00,BI,BI,2022-02-18
311,4380,UW00,WH,BI,2022-03-11
311,4381,UW00,WH,BI,2022-01-02
311,4382,UW00,WH,BI,2022-01-05
311,4383,UW00,BI,BI,2022-05-24
311,4384,UW00,BI,BI,2022-02-05
311,4385,UW00,WH,BI,2022-01-01
311,4386,UW00,WH,BI,2022-12-27
311,4387,UW00,WH,BI,2022-01-22
311,4388,UW00,BI,BI,2022-01-04
311,4389,UW00,WH,BI,2022-01-09
311,4390,UW00,WH,BI,2022-05-14
311,4391,UW00,BI,BI,2022-01-30
311,4392,UW00,BI,BI,2022-02-28
311,4393,UW00,BI,BI,2022-01-14
311,4394,UW00,BI,BI,2022-01-05
311,4395,UW00,WH,BI,2022-02-26
311,4396,UW00,WH,BI,2022-03-14
311,4397,UW00,WH,BI,2022-01-13
311,4398,UW00,BI,BI,2022-08-03
311,4399,UW00,BI,BI,2022-01-02
311,4400,UW00,BI,BI,2022-01-03
311,4401,UW00,WH,BI,2022-05-09
311,4402,UW00,BI,BI,2022-04-03
311,4403,UW00,WH,BI,2022-02-11
311,4404,UW00,WH,BI,2022-05-03
311,4405,UW00,WH,BI,2022-01-02
311,4406,UW00,WH,BI,2022-02-06
311,4407,UW00,BI,BI,2022-01-01
311,4408,UW00,BI,BI,2022-06-10
311,4409,UW00,WH,BI,2022-01-06
311,4410,UW00,WH,BI,2022-03-31
311,4411,UW00,BI,BI,2022-01-01
311,4412,UW00,WH,BI,2022-01-17
311,4413,UW00,BI,BI,2022-01-26
311,4414,UW00,WH,BI,2022-03-29
311,4415,UW00,WH,BI,2022-03-17
311,4416,UW00,WH,BI,2022-03-27
311,4417,UW00,BI,BI,2022-01-18
311,4418,UW00,WH,BI,2022-01-14
311,4419,UW00,BI,BI,2022-07-22
311,4420,UW00,WH,BI,2022-01-01
311,4421,UW00,WH,BI,2022-02-11
311,4422,UW00,WH,BI,2022-01-17
311,4423,UW00,BI,BI,2022-01-07
311,4424,UW00,WH,BI,2022-06-04
311,4425,UW00,BI,BI,2022-12-05
311,4426,UW00,WH,BI,2022-02-28
311,4427,UW00,WH,BI,2022-01-04
311,4428,UW00,BI,BI,2022-05-03
311,4429,UW00,WH,BI,2022-03-23
311,4430,UW00,WH,BI,2022-02-07
311,4431,UW00,WH,BI,2022-04-15
311,4432,UW00,BI,BI,2023-03-31
311,4433,UW00,WH,BI,2022-01-24
311,4434,UW00,BI,BI,2022-01-01
311,4435,UW00,BI,BI,2022-04-01
311,4436,UW00,BI,BI,2022-01-16
311,4437,UW00,WH,BI,2022-01-15
311,4438,UW00,WH,BI,2022-01-21
311,4439,UW00,BI,BI,2022-02-02
311,4440,UW00,BI,BI,2022-03-01
311,4441,UW00,WH,BI,2022-01-02
311,4442,UW00,BI,BI,2022-07-24
311,4443,UW00,WH,BI,2022-01-28
311,4444,UW00,BI,BI,2022-03-18
311,4445,UW00,BI,BI,2022-01-19
311,4446,UW00,BI,BI,2022-01-13
311,4447,UW00,BI,BI,2022-03-11
311,4448,UW00,WH,BI,2022-02-21
311,4449,UW00,WH,BI,2022-01-14
311,4450,UW00,BI,BI,2022-02-13
311,4451,UW00,BI,BI,2022-01-02
311,4452,UW00,BI,BI,2022-04-20
311,4453,UW00,BI,BI,2022-01-01
311,4454,UW00,WH,BI,2022-01-10
311,4455,UW00,WH,BI,2022-02-11
311,4456,UW00,WH,BI,2022-01-20
311,4457,UW00,BI,BI,2022-01-25
311,4458,UW00,BI,BI,2022-01-16
311,4459,UW00,BI,BI,2022-02-28
311,4460,UW00,BI,BI,2022-01-27
311,4461,UW00,BI,BI,2022-01-02
311,4462,UW00,WH,BI,2022-04-11
311,4463,UW00,BI,BI,2022-01-14
311,4464,UW00,WH,BI,2022-01-22
311,4465,UW00,WH,BI,2022-05-12
311,4466,UW00,BI,BI,2022-02-16
311,4467,UW00,WH,BI,2022-01-02
311,4468,UW00,BI,BI,2022-02-21
311,4469,UW00,WH,BI,2022-04-09
311,4470,UW00,BI,BI,2022-03-23
311,4471,UW00,WH,BI,2022-01-21
311,4472,UW00,BI,BI,2022-02-09
311,4473,UW00,WH,BI,2022-02-13
311,4474,UW00,BI,BI,2022-01-21
311,4475,UW00,BI,BI,2022-01-12
311,4476,UW00,BI,BI,2022-04-09
311,4477,UW00,BI,BI,2022-01-08
311,4478,UW00,WH,BI,2022-02-04
311,4479,UW00,WH,BI,2023-01-12
311,4480,UW00,WH,BI,2022-01-20
311,4481,UW00,WH,BI,2022-02-05
311,4482,UW00,WH,BI,2022-02-04
311,4483,UW00,WH,BI,2022-03-30
311,4484,UW00,WH,BI,2022-01-10
311,4485,UW00,WH,BI,2022-02-25
311,4486,UW00,WH,BI,2022-01-15
311,4487,UW00,BI,BI,2022-03-22
311,4488,UW00,WH,BI,2022-02-02
311,4489,UW00,WH,BI,2022-02-01
311,4490,UW00,WH,BI,2022-01-21
311,4491,UW00,BI,BI,2022-01-27
311,4492,UW00,BI,BI,2022-01-29
311,4493,UW00,BI,BI,2022-01-10
311,4494,UW00,WH,BI,2022-04-22
311,4495,UW00,BI,BI,2022-03-06
311,4496,UW00,WH,BI,2022-03-29
311,4497,UW00,WH,BI,2022-01-31
311,4498,UW00,WH,BI,2022-12-11
311,4499,UW00,WH,BI,2022-04-20
311,4500,UW00,BI,BI,2022-01-23
311,4501,UW00,WH,BI,2022-01-31
311,4502,UW00,BI,BI,2022-02-03
311,4503,UW00,WH,BI,2022-01-06
311,4504,UW00,BI,BI,2022-01-13
311,4505,UW00,BI,BI,2022-01-28
311,4506,UW00,BI,BI,2022-05-31
311,4507,UW00,WH,BI,2022-02-18
311,4508,UW00,BI,BI,2022-06-05
311,4509,UW00,WH,BI,2022-01-23
311,4510,UW00,WH,BI,2022-01-06
311,4511,UW00,BI,BI,2022-02-04
311,4512,UW00,WH,BI,2022-04-04
311,4513,UW00,WH,BI,2022-02-05
311,4514,UW00,WH,BI,2022-07-19
311,4515,UW00,WH,BI,2022-02-06
311,4516,UW00,WH,BI,2022-02-16
311,4517,UW00,BI,BI,2022-04-12
311,4518,UW00,WH,BI,2022-01-05
311,4519,UW00,WH,BI,2022-02-09
311,4520,UW00,WH,BI,2022-03-15
311,4521,UW00,WH,BI,2022-02-07
311,4522,UW00,BI,BI,2022-02-07
311,4523,UW00,WH,BI,2022-03-08
311,4524,UW00,BI,BI,2022-06-11
311,4525,UW00,BI,BI,2022-01-16
311,4526,UW00,BI,BI,2022-01-28
311,4527,UW00,WH,BI,2022-01-08
311,4528,UW00,WH,BI,2022-01-23
311,4529,UW00,WH,BI,2022-01-17
311,4530,UW00,BI,BI,2022-01-05
311,4531,UW00,BI,BI,2022-01-06
311,4532,UW00,WH,BI,2022-03-01
311,4533,UW00,BI,BI,2022-01-11
311,4534,UW00,BI,BI,2022-03-20
311,4535,UW00,BI,BI,2022-01-07
311,4536,UW00,BI,BI,2022-01-05
311,4537,UW00,BI,BI,2022-01-04
311,4538,UW00,BI,BI,2022-01-14
311,4539,UW00,BI,BI,2022-01-19
311,4540,UW00,BI,BI,2022-01-22
311,4541,UW00,WH,BI,2022-03-28
311,4542,UW00,WH,BI,2022-01-27
311,4543,UW00,BI,BI,2022-01-16
311,4544,UW00,BI,BI,2022-01-23
311,4545,UW00,BI,BI,2022-01-12
311,4546,UW00,BI,BI,2022-01-27
311,4547,UW00,BI,BI,2022-01-29
311,4548,UW00,BI,BI,2022-02-20
311,4549,UW00,WH,BI,2022-02-01
311,4550,UW00,WH,BI,2022-01-02
311,4551,UW00,BI,BI,2022-01-07
311,4552,UW00,WH,BI,2022-01-01
311,4553,UW00,WH,BI,2022-01-28
311,4554,UW00,BI,BI,2022-02-17
311,4555,UW00,WH,BI,2022-03-21
311,4556,UW00,BI,BI,2022-01-03
311,4557,UW00,WH,BI,2022-02-07
311,4558,UW00,WH,BI,2023-06-04
311,4559,UW00,BI,BI,2022-02-04
311,4560,UW00,WH,BI,2022-01-15
311,4561,UW00,BI,BI,2022-01-30
311,4562,UW00,WH,BI,2022-01-16
311,4563,UW00,WH,BI,2022-02-22
311,4564,UW00,WH,BI,2022-09-14
311,4565,UW00,BI,BI,2022-01-03
311,4566,UW00,BI,BI,2022-03-08
311,4567,UW00,WH,BI,2022-01-28
311,4568,UW00,WH,BI,2022-06-08
311,4569,UW00,BI,BI,2022-01-06
311,4570,UW00,BI,BI,2022-03-03
311,4571,UW00,WH,BI,2022-01-20
311,4572,UW00,WH,BI,2022-02-15
311,4573,UW00,BI,BI,2022-02-02
311,4574,UW00,BI,BI,2022-05-13
311,4575,UW00,WH,BI,2022-01-26
311,4576,UW00,BI,BI,2022-05-15
311,4577,UW00,WH,BI,2022-01-28
311,4578,UW00,WH,BI,2022-03-11
311,4579,UW00,BI,BI,2022-01-19
311,4580,UW00,BI,BI,2022-02-23
311,4581,UW00,WH,BI,2022-01-21
311,4582,UW00,BI,BI,2022-02-23
311,4583,UW00,WH,BI,2022-02-28
311,4584,UW00,BI,BI,2022-01-30
311,4585,UW00,WH,BI,2022-02-19
311,4586,UW00,BI,BI,2022-02-17
311,4587,UW00,WH,BI,2022-01-20
311,4588,UW00,WH,BI,2022-01-05
311,4589,UW00,BI,BI,2022-02-09
311,4590,UW00,BI,BI,2022-06-22
311,4591,UW00,BI,BI,2022-01-29
311,4592,UW00,BI,BI,2022-02-14
311,4593,UW00,WH,BI,2022-01-27
311,4594,UW00,WH,BI,2022-03-09
311,4595,UW00,WH,BI,2022-03-21
311,4596,UW00,BI,BI,2022-01-08
311,4597,UW00,WH,BI,2022-01-05
311,4598,UW00,BI,BI,2022-01-07
311,4599,UW00,WH,BI,2022-01-23
311,4600,UW00,BI,BI,2022-03-09
311,4601,UW00,WH,BI,2022-02-12
311,4602,UW00,BI,BI,2022-03-08
311,4603,UW00,WH,BI,2022-06-21
311,4604,UW00,WH,BI,2022-05-03
311,4605,UW00,WH,BI,2022-01-24
311,4606,UW00,BI,BI,2022-01-03
311,4607,UW00,BI,BI,2022-03-04
311,4608,UW00,WH,BI,2022-01-05
311,4609,UW00,WH,BI,2022-06-20
311,4610,UW00,BI,BI,2022-02-17
311,4611,UW00,BI,BI,2022-03-11
311,4612,UW00,BI,BI,2022-02-03
311,4613,UW00,WH,BI,2022-02-04
311,4614,UW00,WH,BI,2022-02-05
311,4615,UW00,BI,BI,2022-04-17
311,4616,UW00,WH,BI,2022-01-25
311,4617,UW00,BI,BI,2022-08-17
311,4618,UW00,WH,BI,2022-02-26
311,4619,UW00,BI,BI,2022-01-03
311,4620,UW00,BI,BI,2022-01-13
311,4621,UW00,WH,BI,2022-01-02
311,4622,UW00,BI,BI,2022-02-13
311,4623,UW00,BI,BI,2022-02-09
311,4624,UW00,WH,BI,2022-04-14
311,4625,UW00,WH,BI,2022-01-04
311,4626,UW00,BI,BI,2022-01-12
311,4627,UW00,WH,BI,2022-01-11
311,4628,UW00,BI,BI,2022-01-09
311,4629,UW00,BI,BI,2022-03-09
311,4630,UW00,WH,BI,2022-01-02
311,4631,UW00,WH,BI,2022-03-14
311,4632,UW00,WH,BI,2022-02-16
311,4633,UW00,WH,BI,2022-01-29
311,4634,UW00,BI,BI,2022-01-07
311,4635,UW00,BI,BI,2022-02-11
311,4636,UW00,BI,BI,2022-03-16
311,4637,UW00,WH,BI,2022-01-05
311,4638,UW00,WH,BI,2022-03-27
311,4639,UW00,BI,BI,2022-01-02
311,4640,UW00,BI,BI,2022-01-02
311,4641,UW00,BI,BI,2022-01-13
311,4642,UW00,BI,BI,2022-03-09
311,4643,UW00,WH,BI,2022-01-12
311,4644,UW00,BI,BI,2022-01-02
311,4645,UW00,BI,BI,2022-01-06
311,4646,UW00,WH,BI,2022-02-23
311,4647,UW00,BI,BI,2022-02-07
311,4648,UW00,WH,BI,2022-01-16
311,4649,UW00,BI,BI,2022-03-23
311,4650,UW00,BI,BI,2022-03-12
311,4651,UW00,WH,BI,2022-01-02
311,4652,UW00,BI,BI,2022-02-01
311,4653,UW00,WH,BI,2022-01-03
311,4654,UW00,WH,BI,2023-12-08
311,4655,UW00,WH,BI,2022-02-08
311,4656,UW00,BI,BI,2022-01-10
311,4657,UW00,WH,BI,2022-02-06
311,4658,UW00,WH,BI,2022-01-17
311,4659,UW00,WH,BI,2022-01-30
311,4660,UW00,WH,BI,2022-03-04
311,4661,UW00,WH,BI,2022-03-26
311,4662,UW00,WH,BI,2022-02-05
311,4663,UW00,BI,BI,2022-05-12
311,4664,UW00,WH,BI,2022-01-05
311,4665,UW00,BI,BI,2022-01-14
311,4666,UW00,WH,BI,2022-01-09
311,4667,UW00,BI,BI,2022-01-05
311,4668,UW00,BI,BI,2022-01-27
311,4669,UW00,BI,BI,2022-01-03
311,4670,UW00,WH,BI,2022-01-16
311,4671,UW00,BI,BI,2022-01-01
311,4672,UW00,WH,BI,2022-01-25
311,4673,UW00,WH,BI,2022-02-04
311,4674,UW00,WH,BI,2022-01-11
311,4675,UW00,BI,BI,2022-01-22
311,4676,UW00,BI,BI,2022-01-10
311,4677,UW00,WH,BI,2022-03-13
311,4678,UW00,WH,BI,2022-01-08
311,4679,UW00,BI,BI,2022-06-27
311,4680,UW00,WH,BI,2022-01-24
311,4681,UW00,BI,BI,2022-02-01
311,4682,UW00,WH,BI,2022-06-20
311,4683,UW00,WH,BI,2022-05-16
311,4684,UW00,BI,BI,2022-02-19
311,4685,UW00,WH,BI,2022-01-02
311,4686,UW00,BI,BI,2022-03-24
311,4687,UW00,WH,BI,2022-03-02
311,4688,UW00,BI,BI,2022-02-08
311,4689,UW00,WH,BI,2022-03-13
311,4690,UW00,WH,BI,2022-01-01
311,4691,UW00,BI,BI,2022-01-06
311,4692,UW00,BI,BI,2022-02-28
311,4693,UW00,BI,BI,2022-02-05
311,4694,UW00,WH,BI,2022-04-14
311,4695,UW00,WH,BI,2022-02-23
311,4696,UW00,BI,BI,2022-03-24
311,4697,UW00,BI,BI,2022-02-17
311,4698,UW00,WH,BI,2022-12-25
311,4699,UW00,BI,BI,2022-06-22
311,4700,UW00,WH,BI,2022-01-24
311,4701,UW00,BI,BI,2022-01-04
311,4702,UW00,BI,BI,2022-02-04
311,4703,UW00,WH,BI,2022-02-22
311,4704,UW00,WH,BI,2022-01-30
311,4705,UW00,WH,BI,2022-03-19
311,4706,UW00,BI,BI,2022-06-16
311,4707,UW00,WH,BI,2022-05-10
311,4708,UW00,WH,BI,2022-04-21
311,4709,UW00,WH,BI,2022-01-20
311,4710,UW00,BI,BI,2022-01-08
311,4711,UW00,BI,BI,2022-01-27
311,4712,UW00,BI,BI,2022-02-02
311,4713,UW00,BI,BI,2022-01-05
311,4714,UW00,WH,BI,2022-04-27
311,4715,UW00,WH,BI,2022-03-26
311,4716,UW00,BI,BI,2022-01-14
311,4717,UW00,BI,BI,2022-01-16
311,4718,UW00,BI,BI,2022-01-09
311,4719,UW00,BI,BI,2022-01-13
311,4720,UW00,WH,BI,2022-02-20
311,4721,UW00,BI,BI,2022-07-06
311,4722,UW00,WH,BI,2022-03-07
311,4723,UW00,BI,BI,2022-04-09
311,4724,UW00,BI,BI,2022-01-04
311,4725,UW00,WH,BI,2022-04-07
311,4726,UW00,BI,BI,2022-06-07
311,4727,UW00,WH,BI,2022-02-10
311,4728,UW00,WH,BI,2022-01-09
311,4729,UW00,BI,BI,2022-01-19
311,4730,UW00,BI,BI,2022-03-22
311,4731,UW00,WH,BI,2022-01-29
311,4732,UW00,WH,BI,2022-04-08
311,4733,UW00,BI,BI,2022-01-10
311,4734,UW00,WH,BI,2022-01-02
311,4735,UW00,BI,BI,2022-01-01
311,4736,UW00,WH,BI,2022-02-06
311,4737,UW00,WH,BI,2022-01-11
311,4738,UW00,BI,BI,2022-03-04
311,4739,UW00,BI,BI,2022-04-06
311,4740,UW00,BI,BI,2022-01-09
311,4741,UW00,BI,BI,2022-01-25
311,4742,UW00,WH,BI,2022-01-07
311,4743,UW00,WH,BI,2022-03-10
311,4744,UW00,WH,BI,2022-01-06
311,4745,UW00,WH,BI,2022-01-14
311,4746,UW00,WH,BI,2022-01-03
311,4747,UW00,BI,BI,2022-06-03
311,4748,UW00,WH,BI,2022-06-12
311,4749,UW00,BI,BI,2022-02-22
311,4750,UW00,WH,BI,2022-02-13
311,4751,UW00,WH,BI,2022-01-03
311,4752,UW00,BI,BI,2022-09-04
311,4753,UW00,WH,BI,2022-04-11
311,4754,UW00,WH,BI,2022-01-12
311,4755,UW00,WH,BI,2022-03-15
311,4756,UW00,BI,BI,2022-01-15
311,4757,UW00,WH,BI,2022-01-20
311,4758,UW00,WH,BI,2022-01-13
311,4759,UW00,BI,BI,2022-02-22
311,4760,UW00,BI,BI,2022-01-26
311,4761,UW00,BI,BI,2022-01-23
311,4762,UW00,BI,BI,2022-02-27
311,4763,UW00,BI,BI,2022-01-17
311,4764,UW00,BI,BI,2022-01-26
311,4765,UW00,WH,BI,2022-02-11
311,4766,UW00,WH,BI,2022-03-28
311,4767,UW00,WH,BI,2022-02-23
311,4768,UW00,WH,BI,2022-01-21
311,4769,UW00,WH,BI,2022-02-01
311,4770,UW00,WH,BI,2022-01-08
311,4771,UW00,BI,BI,2022-02-06
311,4772,UW00,WH,BI,2022-01-08
311,4773,UW00,WH,BI,2022-01-15
311,4774,UW00,WH,BI,2022-02-09
311,4775,UW00,WH,BI,2022-09-01
311,4776,UW00,BI,BI,2022-02-28
311,4777,UW00,WH,BI,2022-01-03
311,4778,UW00,BI,BI,2022-04-10
311,4779,UW00,WH,BI,2022-02-13
311,4780,UW00,BI,BI,2022-01-13
311,4781,UW00,BI,BI,2022-02-07
311,4782,UW00,WH,BI,2022-01-02
311,4783,UW00,BI,BI,2022-01-03
311,4784,UW00,BI,BI,2022-01-03
311,4785,UW00,BI,BI,2022-03-05
311,4786,UW00,WH,BI,2022-01-20
311,4787,UW00,WH,BI,2022-01-15
311,4788,UW00,WH,BI,2022-01-10
311,4789,UW00,WH,BI,2022-01-03
311,4790,UW00,WH,BI,2022-08-27
311,4791,UW00,BI,BI,2022-04-01
311,4792,UW00,WH,BI,2022-02-13
311,4793,UW00,BI,BI,2022-01-06
311,4794,UW00,BI,BI,2022-02-19
311,4795,UW00,WH,BI,2022-01-09
311,4796,UW00,WH,BI,2023-03-16
311,4797,UW00,WH,BI,2022-01-12
311,4798,UW00,WH,BI,2022-01-12
311,4799,UW00,WH,BI,2022-02-21
311,4800,UW00,BI,BI,2022-04-29
311,4801,UW00,BI,BI,2022-02-20
311,4802,UW00,BI,BI,2022-01-20
311,4803,UW00,BI,BI,2022-03-25
311,4804,UW00,WH,BI,2022-03-29
311,4805,UW00,BI,BI,2022-01-16
311,4806,UW00,BI,BI,2022-08-09
311,4807,UW00,WH,BI,2022-05-03
311,4808,UW00,BI,BI,2022-01-03
311,4809,UW00,BI,BI,2022-02-02
311,4810,UW00,BI,BI,2022-01-15
311,4811,UW00,WH,BI,2022-01-25
311,4812,UW00,WH,BI,2022-01-26
311,4813,UW00,BI,BI,2022-03-30
311,4814,UW00,BI,BI,2022-01-06
311,4815,UW00,WH,BI,2022-02-15
311,4816,UW00,WH,BI,2022-01-04
311,4817,UW00,BI,BI,2022-03-22
311,4818,UW00,WH,BI,2022-04-16
311,4819,UW00,BI,BI,2022-03-20
311,4820,UW00,WH,BI,2022-01-08
311,4821,UW00,WH,BI,2022-02-07
311,4822,UW00,BI,BI,2022-01-13
311,4823,UW00,BI,BI,2022-02-12
311,4824,UW00,BI,BI,2022-02-02
311,4825,UW00,BI,BI,2022-01-06
311,4826,UW00,BI,BI,2022-01-01
311,4827,UW00,BI,BI,2022-01-08
311,4828,UW00,WH,BI,2022-02-10
311,4829,UW00,BI,BI,2022-08-23
311,4830,UW00,BI,BI,2022-01-02
311,4831,UW00,WH,BI,2022-02-17
311,4832,UW00,WH,BI,2022-02-03
311,4833,UW00,BI,BI,2022-08-06
311,4834,UW00,BI,BI,2022-01-31
311,4835,UW00,WH,BI,2022-01-28
311,4836,UW00,WH,BI,2022-02-07
311,4837,UW00,WH,BI,2022-02-04
311,4838,UW00,WH,BI,2022-01-06
311,4839,UW00,BI,BI,2022-02-06
311,4840,UW00,BI,BI,2022-01-22
311,4841,UW00,BI,BI,2022-01-13
311,4842,UW00,BI,BI,2022-01-01
311,4843,UW00,WH,BI,2022-01-16
311,4844,UW00,WH,BI,2022-01-01
311,4845,UW00,BI,BI,2022-01-12
311,4846,UW00,WH,BI,2022-01-21
311,4847,UW00,BI,BI,2022-01-13
311,4848,UW00,WH,BI,2022-01-01
311,4849,UW00,BI,BI,2022-01-02
311,4850,UW00,BI,BI,2022-01-12
311,4851,UW00,WH,BI,2022-01-19
311,4852,UW00,WH,BI,2022-01-15
311,4853,UW00,WH,BI,2022-02-14
311,4854,UW00,WH,BI,2022-01-07
311,4855,UW00,BI,BI,2022-03-08
311,4856,UW00,BI,BI,2022-01-24
311,4857,UW00,WH,BI,2022-03-27
311,4858,UW00,BI,BI,2022-01-14
311,4859,UW00,WH,BI,2022-01-08
311,4860,UW00,BI,BI,2022-02-23
311,4861,UW00,BI,BI,2022-05-27
311,4862,UW00,WH,BI,2022-02-08
311,4863,UW00,WH,BI,2022-01-06
311,4864,UW00,BI,BI,2022-03-17
311,4865,UW00,WH,BI,2022-01-22
311,4866,UW00,WH,BI,2022-02-22
311,4867,UW00,WH,BI,2022-04-15
311,4868,UW00,WH,BI,2022-01-31
311,4869,UW00,WH,BI,2022-04-01
311,4870,UW00,BI,BI,2022-03-03
311,4871,UW00,BI,BI,2022-01-07
311,4872,UW00,BI,BI,2022-01-14
311,4873,UW00,BI,BI,2022-03-01
311,4874,UW00,BI,BI,2022-01-01
311,4875,UW00,WH,BI,2022-06-25
311,4876,UW00,WH,BI,2022-02-21
311,4877,UW00,WH,BI,2022-05-07
311,4878,UW00,WH,BI,2022-02-10
311,4879,UW00,WH,BI,2022-01-28
311,4880,UW00,BI,BI,2022-04-11
311,4881,UW00,WH,BI,2022-04-18
311,4882,UW00,BI,BI,2022-08-18
311,4883,UW00,BI,BI,2022-01-11
311,4884,UW00,BI,BI,2022-01-21
311,4885,UW00,WH,BI,2023-02-24
311,4886,UW00,BI,BI,2022-03-26
311,4887,UW00,WH,BI,2022-01-11
311,4888,UW00,WH,BI,2022-01-08
311,4889,UW00,BI,BI,2022-01-11
311,4890,UW00,BI,BI,2022-02-04
311,4891,UW00,BI,BI,2022-01-29
311,4892,UW00,BI,BI,2022-02-15
311,4893,UW00,WH,BI,2022-01-19
311,4894,UW00,WH,BI,2022-01-18
311,4895,UW00,WH,BI,2022-01-05
311,4896,UW00,BI,BI,2022-04-22
311,4897,UW00,WH,BI,2022-01-02
311,4898,UW00,WH,BI,2022-01-07
311,4899,UW00,WH,BI,2022-01-02
311,4900,UW00,WH,BI,2022-01-02
311,4901,UW00,WH,BI,2022-01-16
311,4902,UW00,BI,BI,2022-01-28
311,4903,UW00,WH,BI,2022-01-05
311,4904,UW00,WH,BI,2022-03-14
311,4905,UW00,WH,BI,2022-01-23
311,4906,UW00,BI,BI,2022-02-26
311,4907,UW00,BI,BI,2022-01-02
311,4908,UW00,WH,BI,2022-01-31
311,4909,UW00,WH,BI,2022-07-11
311,4910,UW00,WH,BI,2022-02-15
311,4911,UW00,BI,BI,2022-02-09
311,4912,UW00,WH,BI,2022-02-12
311,4913,UW00,WH,BI,2022-02-24
311,4914,UW00,BI,BI,2022-01-01
311,4915,UW00,WH,BI,2022-01-12
311,4916,UW00,BI,BI,2022-01-28
311,4917,UW00,BI,BI,2023-04-11
311,4918,UW00,WH,BI,2022-01-31
311,4919,UW00,WH,BI,2022-02-07
311,4920,UW00,BI,BI,2022-01-01
311,4921,UW00,BI,BI,2022-02-26
311,4922,UW00,BI,BI,2022-02-27
311,4923,UW00,BI,BI,2022-01-19
311,4924,UW00,WH,BI,2022-03-31
311,4925,UW00,BI,BI,2022-01-01
311,4926,UW00,WH,BI,2022-01-06
311,4927,UW00,BI,BI,2022-01-30
311,4928,UW00,BI,BI,2022-01-07
311,4929,UW00,WH,BI,2022-03-27
311,4930,UW00,WH,BI,2022-06-10
311,4931,UW00,BI,BI,2022-01-08
311,4932,UW00,BI,BI,2022-03-06
311,4933,UW00,BI,BI,2022-01-27
311,4934,UW00,WH,BI,2022-08-18
311,4935,UW00,WH,BI,2022-07-15
311,4936,UW00,WH,BI,2022-01-14
311,4937,UW00,WH,BI,2023-11-11
311,4938,UW00,WH,BI,2022-01-01
311,4939,UW00,BI,BI,2022-01-05
311,4940,UW00,BI,BI,2022-03-09
311,4941,UW00,BI,BI,2022-03-11
311,4942,UW00,BI,BI,2022-02-19
311,4943,UW00,BI,BI,2022-01-31
311,4944,UW00,BI,BI,2022-01-17
311,4945,UW00,WH,BI,2022-01-14
311,4946,UW00,BI,BI,2022-04-27
311,4947,UW00,BI,BI,2022-07-05
311,4948,UW00,BI,BI,2022-02-27
311,4949,UW00,WH,BI,2022-01-05
311,4950,UW00,WH,BI,2022-03-07
311,4951,UW00,BI,BI,2022-03-13
311,4952,UW00,WH,BI,2022-02-03
311,4953,UW00,WH,BI,2022-02-04
311,4954,UW00,WH,BI,2022-01-20
311,4955,UW00,WH,BI,2022-03-30
311,4956,UW00,BI,BI,2022-02-14
311,4957,UW00,WH,BI,2022-01-27
311,4958,UW00,WH,BI,2022-03-09
311,4959,UW00,BI,BI,2022-01-15
311,4960,UW00,BI,BI,2022-02-03
311,4961,UW00,WH,BI,2022-01-02
311,4962,UW00,BI,BI,2022-01-07
311,4963,UW00,BI,BI,2022-01-08
311,4964,UW00,WH,BI,2022-06-21
311,4965,UW00,WH,BI,2022-03-04
311,4966,UW00,WH,BI,2022-01-01
311,4967,UW00,BI,BI,2022-03-18
311,4968,UW00,BI,BI,2022-01-25
311,4969,UW00,WH,BI,2022-01-14
311,4970,UW00,BI,BI,2022-01-18
311,4971,UW00,BI,BI,2022-01-29
311,4972,UW00,BI,BI,2022-02-15
311,4973,UW00,WH,BI,2022-01-15
311,4974,UW00,WH,BI,2022-01-03
311,4975,UW00,BI,BI,2022-07-28
311,4976,UW00,BI,BI,2022-02-16
311,4977,UW00,BI,BI,2022-01-30
311,4978,UW00,WH,BI,2022-01-01
311,4979,UW00,WH,BI,2022-01-18
311,4980,UW00,WH,BI,2022-01-29
311,4981,UW00,BI,BI,2022-01-20
311,4982,UW00,BI,BI,2022-03-04
311,4983,UW00,BI,BI,2022-02-13
311,4984,UW00,BI,BI,2022-04-19
311,4985,UW00,WH,BI,2022-01-27
311,4986,UW00,WH,BI,2022-02-27
311,4987,UW00,BI,BI,2022-02-26
311,4988,UW00,WH,BI,2022-02-06
311,4989,UW00,BI,BI,2022-01-01
311,4990,UW00,BI,BI,2022-01-02
311,4991,UW00,BI,BI,2023-12-09
311,4992,UW00,BI,BI,2022-01-20
311,4993,UW00,WH,BI,2022-01-06
311,4994,UW00,BI,BI,2022-01-03
311,4995,UW00,BI,BI,2022-02-03
311,4996,UW00,WH,BI,2022-02-26
311,4997,UW00,WH,BI,2022-03-14
311,4998,UW00,BI,BI,2022-01-04
311,4999,UW00,BI,BI,2022-01-06
311,5000,UW00,WH,BI,2022-12-07
